# dimensionless total [l(l+1)/2pi] C_l's
# for l=2 to 250, i.e. number of multipoles equal to 249
#
# -> if you prefer output in CAMB/HealPix/LensPix units/order, set 'format' to 'camb' in input file
# -> if you don't want to see such a header, set 'headers' to 'no' in input file
#
# 1:l     2:TT                     3:EE                     4:TE                     5:BB                     6:aa                     7:aa_reco                8:aa_reio                9:aT                    10:aT_reco               11:aT_reio               12:aE                    13:aE_reco               14:aE_reio               15:TE_rot                16:TB_rot                17:EE_rot                18:BB_rot                19:EB_rot             
    2       1.381341230818e-10       4.175861549734e-15       3.515812939603e-13       0.000000000000e+00       5.049224213337e-11       5.049378260844e-11       1.673422402346e-20       6.564876794024e-11       6.564969691764e-11      -9.289773999043e-16       3.480633319743e-13       2.623321643807e-15      -7.794454202448e-18       7.686064239935e-15      -1.434094792663e-15       3.998790201788e-15       1.397627864700e-16      -7.475713270003e-16 
    3       1.306185885460e-10       5.350815548042e-15       3.951577471442e-13       0.000000000000e+00       4.977664975614e-11       4.977791759624e-11       1.471228098811e-20       6.719253835341e-11       6.719330034517e-11      -7.619917644805e-16       3.560964567886e-13       5.724765130558e-15      -8.291712499747e-18       9.203884393027e-15      -1.713831338608e-15       5.087649084078e-15       1.778027320899e-16      -9.510414673731e-16 
    4       1.235481144801e-10       4.626470882368e-15       3.695299416878e-13       0.000000000000e+00       4.923070889467e-11       4.923170510410e-11       1.195412985471e-20       6.667922583585e-11       6.667979430974e-11      -5.684738899378e-16       3.187088563211e-13       9.708518048132e-15      -6.809021952473e-18       7.424302128616e-15      -1.376284727294e-15       4.343762611844e-15       1.517578219875e-16      -8.117305794357e-16 
    5       1.182673896753e-10       3.084818203933e-15       3.146960157223e-13       0.000000000000e+00       4.876997825076e-11       4.877073419040e-11       9.315549710654e-21       6.562687479302e-11       6.562727443024e-11      -3.996372120933e-16       2.666031090974e-13       1.454843863150e-14      -4.478690356350e-18       4.637298859875e-15      -8.498827215325e-16       2.823378683748e-15       9.853109650462e-17      -5.270276812872e-16 
    6       1.146375558329e-10       1.723978386442e-15       2.534545530442e-13       0.000000000000e+00       4.835789715737e-11       4.835845524253e-11       7.204393982562e-21       6.446017032736e-11       6.446042961913e-11      -2.592917648758e-16       2.146001957091e-13       2.021149554004e-14      -2.402156049246e-18       2.539664034396e-15      -4.517498113562e-16       1.495759522315e-15       5.198244557042e-17      -2.780443881198e-16 
    7       1.122964067590e-10       9.313324204250e-16       1.990028532905e-13       0.000000000000e+00       4.797490237253e-11       4.797530530822e-11       6.102899959604e-21       6.329405471199e-11       6.329420231704e-11      -1.476050572438e-16       1.702078109546e-13       2.666559872388e-14      -1.176661507434e-18       1.533993320264e-15      -2.567212764812e-16       7.343391650294e-16       2.514357039553e-17      -1.344852614231e-16 
    8       1.109225029372e-10       6.010320407074e-16       1.571284067102e-13       0.000000000000e+00       4.761120813017e-11       4.761149379714e-11       6.191061492132e-21       6.215550709436e-11       6.215558000813e-11      -7.291377333364e-17       1.359776397565e-13       3.388139646104e-14      -7.810618326362e-19       1.232900390478e-15      -1.917269681497e-16       4.328657016376e-16       1.427763770172e-17      -7.636232647016e-17 
    9       1.102693511851e-10       4.824195665589e-16       1.291243068250e-13       0.000000000000e+00       4.726028230383e-11       4.726048157142e-11       7.162697911214e-21       6.104372405572e-11       6.104375655248e-11      -3.249676258950e-17       1.119005100252e-13       4.183099028197e-14      -8.096612953695e-19       1.159913720791e-15      -1.669476284149e-16       3.440893893527e-16       1.071746498882e-17      -5.731585149456e-17 
   10       1.101547181624e-10       4.107730332922e-16       1.136220651635e-13       0.000000000000e+00       4.691547398527e-11       4.691561095632e-11       9.333060297292e-21       5.994838922533e-11       5.994839565221e-11      -6.426881800565e-18       9.679533122399e-14       5.048542233892e-14      -8.187683824733e-19       1.094085768681e-15      -1.403180441532e-16       3.041282895946e-16       8.707907559238e-18      -4.656216800458e-17 
   11       1.104471640030e-10       3.446784830287e-16       1.079485966006e-13       0.000000000000e+00       4.657282058044e-11       4.657291357192e-11       1.168075730198e-20       5.885895389156e-11       5.885893368349e-11       2.020807858975e-17       8.909010494294e-14       5.981661121717e-14      -5.770289857455e-19       1.037424700101e-15      -1.114914877204e-16       2.693104653649e-16       6.693730050561e-18      -3.578231449810e-17 
   12       1.110528204948e-10       2.997861469843e-16       1.090978885166e-13       0.000000000000e+00       4.623193449857e-11       4.623199682630e-11       1.400191930465e-20       5.776815521781e-11       5.776811309992e-11       4.211788662856e-17       8.722848149378e-14       6.980014469876e-14      -1.212507449282e-19       1.047103400989e-15      -9.046638291704e-17       2.523622900069e-16       5.089248828881e-18      -2.719216942134e-17 
   13       1.119041736811e-10       2.871116397810e-16       1.143922320244e-13       0.000000000000e+00       4.589344650508e-11       4.589348780898e-11       1.559836916240e-20       5.667137867401e-11       5.667133190374e-11       4.677027690854e-17       8.985658845636e-14       8.041420225141e-14       3.508900448428e-19       1.134067936065e-15      -7.863870491503e-17       2.626521500867e-16       4.189801975240e-18      -2.237120049576e-17 
   14       1.129531461806e-10       2.986927254829e-16       1.217980534189e-13       0.000000000000e+00       4.555715089139e-11       4.555717792162e-11       1.565025927825e-20       5.556519207911e-11       5.556515610572e-11       3.597339004881e-17       9.587567985994e-14       9.163700874364e-14       6.446610578969e-19       1.269307867688e-15      -6.995125572480e-17       2.920700099951e-16       3.678424563509e-18      -1.962374233128e-17 
   15       1.141638447854e-10       3.227695298467e-16       1.300131468095e-13       0.000000000000e+00       4.522204267015e-11       4.522206003077e-11       1.503443808739e-20       5.444690687644e-11       5.444688120287e-11       2.567357149538e-17       1.044275034196e-13       1.034457352180e-13       6.845334568510e-19       1.429750027701e-15      -5.948241163517e-17       3.294443419368e-16       3.129984342930e-18      -1.667554865037e-17 
   16       1.155099907282e-10       3.568298902771e-16       1.383634169883e-13       0.000000000000e+00       4.488696190414e-11       4.488697279623e-11       1.335522056059e-20       5.331466606019e-11       5.331463912670e-11       2.693349161620e-17       1.148598063173e-13       1.158168447696e-13       5.282617826783e-19       1.619531279516e-15      -4.742094960227e-17       3.729182687808e-16       2.443919314346e-18      -1.298844561200e-17 
   17       1.169705607175e-10       4.063847828894e-16       1.466845431924e-13       0.000000000000e+00       4.455096652573e-11       4.455097326369e-11       1.122729415550e-20       5.216738816959e-11       5.216735333961e-11       3.482997976112e-17       1.267110768186e-13       1.287267021028e-13       3.024053280974e-19       1.858332715065e-15      -3.684947568842e-17       4.284839384542e-16       1.793130431965e-18      -9.486967054499e-18 
   18       1.185291587622e-10       4.767767899449e-16       1.551733618795e-13       0.000000000000e+00       4.421339814507e-11       4.421340232106e-11       9.901164810429e-21       5.100472770681e-11       5.100469134401e-11       3.636280492837e-17       1.396557927303e-13       1.421517728323e-13       1.185561318756e-19       2.159134956968e-15      -2.961138500793e-17       5.019955260055e-16       1.344949948681e-18      -7.065854721152e-18 
   19       1.201724101813e-10       5.687046178040e-16       1.640977225152e-13       0.000000000000e+00       4.387382203395e-11       4.387382450303e-11       8.659982319300e-21       4.982683171132e-11       4.982680497273e-11       2.673859143587e-17       1.534427466162e-13       1.560688623397e-13       2.257199511216e-20       2.520997614588e-15      -2.497302685267e-17       5.948983138739e-16       1.111952416858e-18      -5.792068130340e-18 
   20       1.218897544129e-10       6.800537575510e-16       1.735814047341e-13       0.000000000000e+00       4.353196063618e-11       4.353196198753e-11       8.029520464180e-21       4.863420686739e-11       4.863419265234e-11       1.421504330389e-17       1.678892202096e-13       1.704550260218e-13      -1.154040735431e-21       2.938434264218e-15      -2.136243577921e-17       7.058514974277e-16       1.008818283361e-18      -5.208941024708e-18 
   21       1.236727764776e-10       8.093906359829e-16       1.835666751064e-13       0.000000000000e+00       4.318764497118e-11       4.318764571114e-11       8.631779031035e-21       4.742757493619e-11       4.742756323798e-11       1.169820835654e-17       1.828820704030e-13       1.852873760497e-13       5.086977635375e-21       3.410927813383e-15      -1.810862794102e-17       8.339490511874e-16       9.650735047139e-19      -4.939210901166e-18 
   22       1.255146620346e-10       9.569607163872e-16       1.938499955639e-13       0.000000000000e+00       4.284077805466e-11       4.284077844865e-11       9.109446123380e-21       4.620780453847e-11       4.620777987133e-11       2.466714338693e-17       1.983554162540e-13       2.005432910802e-13       1.061481463343e-20       3.942400342430e-15      -1.537945184138e-17       9.797051896695e-16       9.596024300298e-19      -4.869624079584e-18 
   23       1.274103616193e-10       1.123322956365e-15       2.041386027934e-13       0.000000000000e+00       4.249131580972e-11       4.249131593905e-11       9.505017590922e-21       4.497578406269e-11       4.497573882727e-11       4.523541562452e-17       2.142575635807e-13       2.162003047330e-13       1.429168855915e-20       4.536292539832e-15      -1.323346007750e-17       1.143906486686e-15       9.806721501432e-19      -4.937112755122e-18 
   24       1.293552202170e-10       1.308214950909e-15       2.140696084875e-13       0.000000000000e+00       4.213924994695e-11       4.213924998073e-11       1.055278666601e-20       4.373248429897e-11       4.373242525058e-11       5.904838328595e-17       2.305270589014e-13       2.322361005065e-13       2.953344009353e-20       5.191090091441e-15      -1.089193334537e-17       1.326670143073e-15       9.931213379503e-19      -4.953293576648e-18 
   25       1.313462213056e-10       1.511416809607e-15       2.232367361440e-13       0.000000000000e+00       4.178460102465e-11       4.178460105543e-11       1.117732178421e-20       4.247889992783e-11       4.247884140807e-11       5.851976337402e-17       2.471286692758e-13       2.486286479358e-13       6.239428483626e-20       5.906985706936e-15      -7.857763008905e-18       1.527936231075e-15       9.556440807396e-19      -4.696917041846e-18 
   26       1.333802450544e-10       1.733780457891e-15       2.314250556866e-13       0.000000000000e+00       4.142741460187e-11       4.142741454828e-11       1.140614206131e-20       4.121596122036e-11       4.121591130595e-11       4.991440775431e-17       2.640526747443e-13       2.653558454624e-13       1.028690996542e-19       6.688652106863e-15      -4.400925175633e-18       1.748470369789e-15       8.560796182197e-19      -4.102629238794e-18 
   27       1.354543617846e-10       1.977014302316e-15       2.385575107296e-13       0.000000000000e+00       4.106775054446e-11       4.106775049118e-11       1.238198659041e-20       3.994473313153e-11       3.994468731880e-11       4.581273792349e-17       2.812654594095e-13       2.823957412268e-13       1.286878324715e-19       7.538874348636e-15      -6.255746669794e-19       1.990105637381e-15       7.198764834737e-19      -3.306245406928e-18 
   28       1.375666487806e-10       2.243466612646e-15       2.445723271237e-13       0.000000000000e+00       4.070568182949e-11       4.070568182727e-11       1.347079284361e-20       3.866615454982e-11       3.866610214424e-11       5.240558779858e-17       2.987495044715e-13       2.997269141259e-13       1.208750184925e-19       8.464488707068e-15       2.754060881336e-18       2.255089572837e-15       5.872264254336e-19      -2.522442191002e-18 
   29       1.397141280368e-10       2.535118103098e-15       2.495875192683e-13       0.000000000000e+00       4.034129263061e-11       4.034129259983e-11       1.404239079312e-20       3.738114072944e-11       3.738107554616e-11       6.518327909019e-17       3.164961632013e-13       3.173278540625e-13       7.989206201867e-20       9.470581343728e-15       5.303814184997e-18       2.545239824738e-15       4.839386207886e-19      -1.888970977411e-18 
   30       1.418948136792e-10       2.852969973868e-15       2.537216125373e-13       0.000000000000e+00       3.997467514083e-11       3.997467510330e-11       1.525399120552e-20       3.609068501345e-11       3.609061084220e-11       7.417125103182e-17       3.344754576025e-13       3.351769548404e-13       2.732475882587e-20       1.055700418754e-14       7.403805117961e-18       2.861673085521e-15       4.120594568463e-19      -1.416485185035e-18 
   31       1.441071213242e-10       3.197837086218e-15       2.570388694134e-13       0.000000000000e+00       3.960592879606e-11       3.960592875579e-11       1.707345672790e-20       3.479560255625e-11       3.479552940092e-11       7.315533313846e-17       3.526691185426e-13       3.532532572817e-13      -9.891400774665e-21       1.172712471664e-14       8.977186989302e-18       3.205188866820e-15       3.630138761848e-19      -1.058829303047e-18 
   32       1.463486062170e-10       3.570248983253e-15       2.595632124133e-13       0.000000000000e+00       3.923515645757e-11       3.923515638106e-11       1.755205010609e-20       3.349682384391e-11       3.349676057822e-11       6.326568267129e-17       3.710383869357e-13       3.715360186287e-13      -1.936621939948e-20       1.298001981587e-14       1.049898908095e-17       3.576655479624e-15       3.314380487581e-19      -7.870305980804e-19 
   33       1.486189795774e-10       3.971102621352e-15       2.610718620292e-13       0.000000000000e+00       3.886246519433e-11       3.886246511427e-11       1.674302116539e-20       3.219525747257e-11       3.219520791045e-11       4.956211878281e-17       3.895573670234e-13       3.900041481795e-13      -7.239932988787e-21       1.431717172535e-14       1.203459858466e-17       3.976992845245e-15       3.149961610707e-19      -5.883224470739e-19 
   34       1.509170585006e-10       4.402211943402e-15       2.614293662980e-13       0.000000000000e+00       3.848796682316e-11       3.848796676018e-11       1.636093100077e-20       3.089162783793e-11       3.089159037156e-11       3.746637229784e-17       4.082611889517e-13       4.086369909066e-13       1.195760243895e-20       1.574825616829e-14       1.244987535441e-17       4.407006948545e-15       3.081892369621e-19      -4.330253944585e-19 
   35       1.532414409594e-10       4.864512339046e-15       2.607047741185e-13       0.000000000000e+00       3.811177379763e-11       3.811177374222e-11       1.617451777828e-20       2.958679436687e-11       2.958676296851e-11       3.139836185035e-17       4.271477891074e-13       4.274147080289e-13       2.437407400530e-20       1.727445534004e-14       1.184102799524e-17       4.867397215974e-15       3.024533568575e-19      -2.750712506775e-19 
   36       1.555921494619e-10       5.357745109311e-15       2.587918991117e-13       0.000000000000e+00       3.773399970825e-11       3.773399966357e-11       1.478876852503e-20       2.828156971648e-11       2.828153646060e-11       3.325588440365e-17       4.461490055276e-13       4.463172969396e-13       2.482156180128e-20       1.889134203561e-14       1.119075682805e-17       5.358910824874e-15       2.923528620749e-19      -8.513598840683e-20 
   37       1.579684323606e-10       5.881951986233e-15       2.554400718106e-13       0.000000000000e+00       3.735476102198e-11       3.735476096825e-11       1.304274824234e-20       2.697673151563e-11       2.697669090634e-11       4.060929128948e-17       4.652034483844e-13       4.653242431311e-13       2.119765231857e-20       2.059660002975e-14       1.110289600414e-17       5.882410834482e-15       2.783177371059e-19       1.347155720662e-19 
   38       1.603701994394e-10       6.438739024133e-15       2.504118658776e-13       0.000000000000e+00       3.697417435384e-11       3.697417428594e-11       1.305446282623e-20       2.567307510597e-11       2.567302768504e-11       4.742093866494e-17       4.843173282974e-13       4.844156396166e-13       2.441973045147e-20       2.239413155618e-14       1.112158922215e-17       6.438792949364e-15       2.629042031772e-19       3.710378816482e-19 
   39       1.627975450798e-10       7.030761850307e-15       2.437555287995e-13       0.000000000000e+00       3.659235507055e-11       3.659235502440e-11       1.430112788310e-20       2.437121062734e-11       2.437116247882e-11       4.814851218221e-17       5.035500223160e-13       5.035728242381e-13       3.507294022850e-20       2.429671347556e-14       9.574274808121e-18       7.028908073952e-15       2.476016196103e-19       6.160879391816e-19 
   40       1.652488285569e-10       7.658066878508e-15       2.358516868596e-13       0.000000000000e+00       3.620941826833e-11       3.620941823823e-11       1.461926593201e-20       2.307185856400e-11       2.307181622011e-11       4.234389117023e-17       5.228650969301e-13       5.227773537018e-13       4.534939440801e-20       2.630130988551e-14       7.132293019704e-18       7.653527676353e-15       2.326086047198e-19       8.690149874770e-19 
   41       1.677238289403e-10       8.318577542175e-15       2.266923846142e-13       0.000000000000e+00       3.582548035015e-11       3.582548035066e-11       1.390327348592e-20       2.177586978556e-11       2.177583509639e-11       3.468916158298e-17       5.421373747926e-13       5.420099404162e-13       4.802263937320e-20       2.839090613480e-14       6.402751652831e-18       8.313289558860e-15       2.160637170951e-19       1.139966586559e-18 
   42       1.702234594255e-10       9.013697678248e-15       2.159024547817e-13       0.000000000000e+00       3.544065946238e-11       3.544065954104e-11       1.394280771063e-20       2.048386393101e-11       2.048383379215e-11       3.013886556411e-17       5.613679924471e-13       5.612509251603e-13       3.909830895851e-20       3.057262150433e-14       6.483229614492e-18       9.008723277748e-15       1.946104120615e-19       1.447069299457e-18 
   43       1.727467377498e-10       9.746703403308e-15       2.036041232636e-13       0.000000000000e+00       3.505507164255e-11       3.505507169449e-11       1.515045949106e-20       1.919638185819e-11       1.919635140951e-11       3.044867556087e-17       5.806380364244e-13       5.804816032776e-13       1.941801798650e-20       3.286272138488e-14       5.119534209586e-18       9.740404557191e-15       1.674354170389e-19       1.794838736973e-18 
   44       1.752930306975e-10       1.051704858372e-14       1.901317840969e-13       0.000000000000e+00       3.466882799378e-11       3.466882791043e-11       1.570722231824e-20       1.791413167404e-11       1.791409666371e-11       3.501032366306e-17       5.999000854733e-13       5.996848527924e-13      -2.733832232598e-21       3.525207903970e-14       3.672163230021e-18       1.050903476429e-14       1.382796078096e-19       2.163429729112e-18 
   45       1.778627315568e-10       1.132307418948e-14       1.752828065884e-13       0.000000000000e+00       3.428203855008e-11       3.428203845213e-11       1.486855494965e-20       1.663781472063e-11       1.663777221745e-11       4.250317430501e-17       6.190583281455e-13       6.188445176668e-13      -1.700217862658e-20       3.772918515190e-14       3.892465516606e-18       1.131533036722e-14       1.122369697516e-19       2.525752989062e-18 
   46       1.804567563854e-10       1.216650748967e-14       1.587005078062e-13       0.000000000000e+00       3.389481454713e-11       3.389481451152e-11       1.441687164338e-20       1.536795672981e-11       1.536790540005e-11       5.132975770881e-17       6.381241540810e-13       6.379442530503e-13      -2.116986568392e-20       4.030266863410e-14       4.620918530976e-18       1.215988759052e-14       9.246771042658e-20       2.865044793934e-18 
   47       1.830746701265e-10       1.304979930243e-14       1.403898805652e-13       0.000000000000e+00       3.350726579905e-11       3.350726572715e-11       1.599585191619e-20       1.410509163926e-11       1.410503245746e-11       5.918179546009e-17       6.571423874089e-13       6.569668161136e-13      -2.214126814385e-20       4.298145966422e-14       4.555891298897e-18       1.304315153242e-14       8.018765220115e-20       3.174915271597e-18 
   48       1.857166799495e-10       1.397281422236e-14       1.204768664760e-13       0.000000000000e+00       3.311950162846e-11       3.311950152130e-11       1.851476512388e-20       1.284980861062e-11       1.284974638956e-11       6.222106029616e-17       6.760885723572e-13       6.758942542403e-13      -2.684827570973e-20       4.576175857497e-14       4.220599108607e-18       1.396542961644e-14       7.518178364475e-20       3.456601143907e-18 
   49       1.883830523949e-10       1.493404443387e-14       9.893138962119e-14       0.000000000000e+00       3.273163238612e-11       3.273163231170e-11       1.926729485238e-20       1.160266291690e-11       1.160260583709e-11       5.707981002673e-17       6.949004104156e-13       6.947085884306e-13      -3.545673709017e-20       4.863585013490e-14       4.722168822171e-18       1.492689999517e-14       7.541337939904e-20       3.721061902063e-18 
   50       1.910739091777e-10       1.593309450081e-14       7.560731257341e-14       0.000000000000e+00       3.234376741153e-11       3.234376733865e-11       1.778717251409e-20       1.036422431768e-11       1.036417928613e-11       4.503154785178e-17       7.135447908773e-13       7.133923738693e-13      -4.293792274903e-20       5.160102430445e-14       6.396770345270e-18       1.592765412515e-14       7.778450045568e-20       3.984917750920e-18 
   51       1.937903685344e-10       1.697146665863e-14       5.039749718879e-14       0.000000000000e+00       3.195601300597e-11       3.195601293362e-11       1.637778299582e-20       9.134950958103e-12       9.134919229496e-12       3.172860797183e-17       7.320377278861e-13       7.319289662356e-13      -4.434631065269e-20       5.466288006993e-14       8.365554849897e-18       1.696776821472e-14       8.020273641200e-20       4.259398301174e-18 
   52       1.965319253362e-10       1.805059360675e-14       2.340178777790e-14       0.000000000000e+00       3.156847257259e-11       3.156847256079e-11       1.659652948992e-20       7.915289591700e-12       7.915266893266e-12       2.269843498530e-17       7.503986574401e-13       7.503025463768e-13      -3.852578745523e-20       5.782748887205e-14       9.705627674736e-18       1.804733055985e-14       8.242787303790e-20       4.545814724479e-18 
   53       1.992987950678e-10       1.916918028989e-14      -5.176168937193e-15       0.000000000000e+00       3.118124801959e-11       3.118124804456e-11       1.714185765455e-20       6.705781150131e-12       6.705761059684e-12       2.009044778520e-17       7.685875457562e-13       7.684979939265e-13      -2.882527485948e-20       6.108836238225e-14       1.125259736596e-17       1.916640435881e-14       8.492331773076e-20       4.841702121138e-18 
   54       2.020916198533e-10       2.032472574657e-14      -3.538562182025e-14       0.000000000000e+00       3.079443832630e-11       3.079443832671e-11       1.580680426923e-20       5.506889182036e-12       5.506866314980e-12       2.286705638738e-17       7.865335864811e-13       7.865007128808e-13      -2.086286125160e-20       6.443340793676e-14       1.458156089761e-17       2.032498720764e-14       8.764764470552e-20       5.147281735006e-18 
   55       2.049108213124e-10       2.151800664690e-14      -6.753237544610e-14       0.000000000000e+00       3.040814003464e-11       3.040814003519e-11       1.308698311515e-20       4.319025845543e-12       4.318996943663e-12       2.890187971766e-17       8.042323906427e-13       8.042965600472e-13      -1.841757370570e-20       6.786610746737e-14       1.906745088835e-17       2.152301015129e-14       9.014064864272e-20       5.464999722130e-18 
   56       2.077569928148e-10       2.275287307642e-14      -1.017303278581e-13       0.000000000000e+00       3.002245050304e-11       3.002245052936e-11       1.193048905098e-20       3.142555128459e-12       3.142518725426e-12       3.640303263744e-17       8.217488734735e-13       8.218718421677e-13      -2.048179049894e-20       7.140367743192e-14       2.217865452031e-17       2.276035293377e-14       9.213260975177e-20       5.796267675391e-18 
   57       2.106303175660e-10       2.403062756230e-14      -1.377212334476e-13       0.000000000000e+00       2.963746545998e-11       2.963746545295e-11       1.383916109132e-20       1.977824616924e-12       1.977780760634e-12       4.385628937754e-17       8.391059262367e-13       8.392132176000e-13      -2.218434610471e-20       7.505111243884e-14       2.307212426685e-17       2.403684133412e-14       9.357611405090e-20       6.141291434562e-18 
   58       2.135303012087e-10       2.534773461705e-14      -1.752802118101e-13       0.000000000000e+00       2.925327696396e-11       2.925327689426e-11       1.691577410580e-20       8.252779913136e-13       8.252290230137e-13       4.896829986107e-17       8.562332505804e-13       8.563076759750e-13      -1.871820720455e-20       7.879263265986e-14       2.375903817078e-17       2.535223525966e-14       9.425050115029e-20       6.501186676105e-18 
   59       2.164577638866e-10       2.670062465197e-14      -2.145663650138e-13       0.000000000000e+00       2.886997490898e-11       2.886997482837e-11       1.766578355707e-20      -3.146502449456e-13      -3.146991427334e-13       4.889778780802e-17       8.730537033493e-13       8.731425382751e-13      -8.523906643876e-21       8.261400774534e-14       2.601185214870e-17       2.670622596868e-14       9.372029133939e-20       6.878200841986e-18 
   60       2.194134169882e-10       2.809020980912e-14      -2.558940328416e-13       0.000000000000e+00       2.848764793895e-11       2.848764787426e-11       1.481606175319e-20      -1.441623218800e-12      -1.441665916047e-12       4.269724632437e-17       8.895698872303e-13       8.897054709224e-13       6.812710561913e-21       8.652045097450e-14       2.889763272441e-17       2.809844965751e-14       9.181404917313e-20       7.273151734804e-18 
   61       2.223970433766e-10       2.951976391788e-14      -2.993113299572e-13       0.000000000000e+00       2.810638414902e-11       2.810638408095e-11       1.099330482707e-20      -2.555302016419e-12      -2.555334948113e-12       3.293169397189e-17       9.058318758313e-13       9.059845710048e-13       2.485005472154e-20       9.052540623338e-14       3.032982065950e-17       2.952850380499e-14       8.905795902503e-20       7.683109472269e-18 
   62       2.254090207046e-10       3.099010040195e-14      -3.445837074690e-13       0.000000000000e+00       2.772626907954e-11       2.772626901537e-11       1.003880365596e-20      -3.655346431010e-12      -3.655370352556e-12       2.392154632169e-17       9.218534972511e-13       9.219682533682e-13       4.385601725430e-20       9.463072731858e-14       2.977556152676e-17       3.099593749830e-14       8.654167093635e-20       8.102112445988e-18 
   63       2.284486442922e-10       3.249880572350e-14      -3.914983099199e-13       0.000000000000e+00       2.734738522251e-11       2.734738519222e-11       1.334410006351e-20      -4.741389864085e-12      -4.741408417584e-12       1.855349949738e-17       9.375956339902e-13       9.376452589265e-13       6.233451120211e-20       9.882592961933e-14       2.838373058338e-17       3.250023470847e-14       8.527190024100e-20       8.524625314514e-18 
   64       2.315163706752e-10       3.404319945093e-14      -4.400230964610e-13       0.000000000000e+00       2.696981416333e-11       2.696981417860e-11       1.831149112352e-20      -5.813025588827e-12      -5.813042666970e-12       1.707814346672e-17       9.530136168370e-13       9.530047464831e-13       7.780970654036e-20       1.031009060295e-13       2.724496240452e-17       3.404079791009e-14       8.549907626988e-20       8.949141461257e-18 
   65       2.346129446722e-10       3.562216689995e-14      -4.902071301978e-13       0.000000000000e+00       2.659363664293e-11       2.659363669020e-11       2.053868985237e-20      -6.869944901069e-12      -6.869963199906e-12       1.829883602955e-17       9.680886745728e-13       9.680362656542e-13       8.681793627820e-20       1.074518928642e-13       2.656304738506e-17       3.561693966453e-14       8.647286257593e-20       9.379490289194e-18 
   66       2.377385801100e-10       3.723526935304e-14      -5.420547915183e-13       0.000000000000e+00       2.621893194268e-11       2.621893198341e-11       1.826592959836e-20      -7.911871134444e-12      -7.911892776170e-12       2.164172555536e-17       9.828158288599e-13       9.827297874146e-13       8.649160025320e-20       1.118770437577e-13       2.625507233908e-17       3.722789482000e-14       8.674957193559e-20       9.823193842449e-18 
   67       2.408936220030e-10       3.888146019122e-14      -5.955359857531e-13       0.000000000000e+00       2.584577681244e-11       2.584577681550e-11       1.368284986760e-20      -8.938485974594e-12      -8.938513594928e-12       2.762033417082e-17       9.971837775252e-13       9.970756320220e-13       7.638940431957e-20       1.163720073874e-13       2.654999405224e-17       3.887283433494e-14       8.483865702181e-20       1.028800752783e-17 
   68       2.440785729209e-10       4.055915605179e-14      -6.506533700397e-13       0.000000000000e+00       2.547424521262e-11       2.547424519205e-11       1.040882852511e-20      -9.949502052833e-12      -9.949538142057e-12       3.608922395261e-17       1.011174255284e-12       1.011064456090e-12       5.904098313087e-20       1.209311349304e-13       2.784854837447e-17       4.055088467442e-14       7.982947562672e-20       1.077856804105e-17 
   69       2.472941165824e-10       4.226707117973e-14      -7.074579577277e-13       0.000000000000e+00       2.510440918377e-11       2.510440916683e-11       1.051929687029e-20      -1.094467798514e-11      -1.094472261638e-11       4.463123739498e-17       1.024773018155e-12       1.024687312401e-12       3.885169191664e-20       1.255504867688e-13       3.030620417974e-17       4.226113937472e-14       7.171156360185e-20       1.129468093578e-17 
   70       2.505405716080e-10       4.400473406175e-14      -7.660146972769e-13       0.000000000000e+00       2.473633926322e-11       2.473633923700e-11       1.305125772613e-20      -1.192378305774e-11      -1.192383243334e-11       4.937560288811e-17       1.037976791628e-12       1.037935640740e-12       2.022682155642e-20       1.302293413612e-13       3.363658460954e-17       4.400265711249e-14       6.130139880905e-20       1.183171239831e-17 
   71       2.538186091765e-10       4.577238782998e-14      -8.263615426324e-13       0.000000000000e+00       2.437010495932e-11       2.437010489753e-11       1.536557037656e-20      -1.288661224013e-11      -1.288665994662e-11       4.770649673338e-17       1.050792141509e-12       1.050801313654e-12       6.075444572284e-21       1.349695833307e-13       3.719367460313e-17       4.577445524203e-14       4.988456714742e-20       1.238250429409e-17 
   72       2.571286017953e-10       4.757042398865e-14      -8.884816333748e-13       0.000000000000e+00       2.400577414513e-11       2.400577407034e-11       1.554981987456e-20      -1.383300869614e-11      -1.383304860614e-11       3.991000180464e-17       1.063228656715e-12       1.063276626352e-12      -2.683645216001e-21       1.397736722962e-13       4.024822305769e-17       4.757549733686e-14       3.877779767552e-20       1.293971679970e-17 
   73       2.604703967797e-10       4.939865501333e-14      -9.522946149767e-13       0.000000000000e+00       2.364341259270e-11       2.364341256182e-11       1.332972437615e-20      -1.476279973741e-11      -1.476282850166e-11       2.876425652421e-17       1.075290378232e-12       1.075354249327e-12      -6.717658560258e-21       1.446420436235e-13       4.233437702043e-17       4.940468294683e-14       2.899158342511e-20       1.349763283326e-17 
   74       2.638433994111e-10       5.125587812442e-14      -1.017685067229e-12       0.000000000000e+00       2.328308468026e-11       2.328308471478e-11       1.027791674250e-20      -1.567576178282e-11      -1.567577941040e-11       1.762757900067e-17       1.086970775409e-12       1.087027266807e-12      -7.476604537537e-21       1.495715586537e-13       4.345012701214e-17       5.126084513350e-14       2.107892297166e-20       1.405296762917e-17 
   75       2.672473613644e-10       5.314002774728e-14      -1.084544435609e-12       0.000000000000e+00       2.292485256077e-11       2.292485261514e-11       8.663513102726e-21      -1.657165471556e-11      -1.657166338913e-11       8.673572119736e-18       1.098254440829e-12       1.098289119859e-12      -6.466663126056e-21       1.545560999460e-13       4.397011555762e-17       5.314274966568e-14       1.515720777952e-20       1.460475127042e-17 
   76       2.706827016492e-10       5.504874657850e-14      -1.152801775976e-12       0.000000000000e+00       2.256877615181e-11       2.256877617094e-11       9.247840298701e-21      -1.745027051723e-11      -1.745027336549e-11       2.848260843362e-18       1.109123533027e-12       1.109133616681e-12      -4.833106155508e-21       1.595886224268e-13       4.437417829858e-17       5.504910074572e-14       1.103354570107e-20       1.515365894252e-17 
   77       2.741491364915e-10       5.697991384279e-14      -1.222422381099e-12       0.000000000000e+00       2.221491452139e-11       2.221491451308e-11       1.127989929051e-20      -1.831141088550e-11      -1.831141151505e-11       6.295519701661e-19       1.119563702490e-12       1.119555050885e-12      -3.251731499654e-21       1.646629489110e-13       4.501650105502e-17       5.697855429260e-14       8.356499739422e-21       1.570120177542e-17 
   78       2.776477970210e-10       5.893182867488e-14      -1.293391029366e-12       0.000000000000e+00       2.186332464782e-11       2.186332465147e-11       1.371426000478e-20      -1.915490954428e-11      -1.915491209828e-11       2.553999064932e-18       1.129566042806e-12       1.129548064819e-12      -2.010549406857e-21       1.697743203778e-13       4.604867140672e-17       5.892971336511e-14       6.741304315681e-21       1.624905482458e-17 
   79       2.811787913554e-10       6.090313769932e-14      -1.365700255265e-12       0.000000000000e+00       2.151406123291e-11       2.151406124791e-11       1.557734775789e-20      -1.998067557713e-11      -1.998068452621e-11       8.949083195352e-18       1.139126206756e-12       1.139107661188e-12      -1.155612467584e-21       1.749191693773e-13       4.745373476908e-17       6.090113389558e-14       5.847470846346e-21       1.679864294067e-17 
   80       2.847420223145e-10       6.289267780060e-14      -1.439333734784e-12       0.000000000000e+00       2.116717820483e-11       2.116717820147e-11       1.641676362114e-20      -2.078859928635e-11      -2.078861827800e-11       1.899164675915e-17       1.148242679684e-12       1.148229303285e-12      -6.206847639448e-22       1.800947196300e-13       4.911182813961e-17       6.289133323895e-14       5.411588186434e-21       1.735096742779e-17 
   81       2.883376028874e-10       6.489930955921e-14      -1.514262203301e-12       0.000000000000e+00       2.082272775220e-11       2.082272772847e-11       1.619623466414e-20      -2.157853662746e-11      -2.157856682789e-11       3.020043073873e-17       1.156915005794e-12       1.156908809171e-12      -3.109565727493e-22       1.852984025209e-13       5.086476465877e-17       6.489878349364e-14       5.249333272153e-21       1.790659342724e-17 
   82       2.919653773092e-10       6.692178851281e-14      -1.590446119729e-12       0.000000000000e+00       2.048075955718e-11       2.048075954555e-11       1.487762266154e-20      -2.235038630558e-11      -2.235042556973e-11       3.926414822827e-17       1.165142487745e-12       1.165142384503e-12      -1.433754295115e-22       1.905274689718e-13       5.257585767796e-17       6.692191983406e-14       5.241846652445e-21       1.846572520316e-17 
   83       2.956257102339e-10       6.895867154830e-14      -1.667835951607e-12       0.000000000000e+00       2.014132174382e-11       2.014132176690e-11       1.315678152246e-20      -2.310408972093e-11      -2.310413356581e-11       4.384487800155e-17       1.172923343562e-12       1.172926632579e-12      -5.853763801591e-23       1.957786430705e-13       5.417236995063e-17       6.895913903658e-14       5.317658055797e-21       1.902830255579e-17 
   84       2.993175632193e-10       7.100830610870e-14      -1.746372543026e-12       0.000000000000e+00       1.980446161492e-11       1.980446165460e-11       1.233861012930e-20      -2.383952282377e-11      -2.383956639808e-11       4.357431702303e-17       1.180254605515e-12       1.180258572091e-12      -1.879990223257e-23       2.010480226942e-13       5.565332770032e-17       7.100880231695e-14       5.436357502414e-21       1.959408907552e-17 
   85       3.030408782927e-10       7.306889234329e-14      -1.825994128442e-12       0.000000000000e+00       1.947022471879e-11       1.947022473626e-11       1.308326808673e-20      -2.455652854638e-11      -2.455656810612e-11       3.955973540018e-17       1.187132651135e-12       1.187135593821e-12      -2.182896741870e-24       2.063313410935e-13       5.706370456234e-17       7.306923396353e-14       5.576316328711e-21       2.016273754081e-17 
   86       3.067969032138e-10       7.513857186520e-14      -1.906649757601e-12       0.000000000000e+00       1.913865393502e-11       1.913865391804e-11       1.542193053870e-20      -2.525509253275e-11      -2.525512571868e-11       3.318593748521e-17       1.193553948374e-12       1.193555377248e-12       3.397393790820e-24       2.116241138520e-13       5.845654399962e-17       7.513871728141e-14       5.726506165793e-21       2.073383262115e-17 
   87       3.105850822333e-10       7.721551559362e-14      -1.988291330540e-12       0.000000000000e+00       1.880979101714e-11       1.880979099111e-11       1.882910796098e-20      -2.593522533218e-11      -2.593525051149e-11       2.517931483609e-17       1.199515837834e-12       1.199516080675e-12       4.240776054243e-24       2.169221461843e-13       5.986656689005e-17       7.721551592242e-14       5.881529822474e-21       2.130692338997e-17 
   88       3.144043274151e-10       7.929792989869e-14      -2.070861241280e-12       0.000000000000e+00       1.848367699342e-11       1.848367698025e-11       2.177602306144e-20      -2.659680046319e-11      -2.659681645889e-11       1.599569731600e-17       1.205016629302e-12       1.205016282311e-12       3.427236639646e-24       2.222212757171e-13       6.130375036631e-17       7.929786340911e-14       6.038820438559e-21       2.188153543308e-17 
   89       3.182548231842e-10       8.138402624957e-14      -2.154302344662e-12       0.000000000000e+00       1.816035049602e-11       1.816035049028e-11       2.271612624294e-20      -2.723970969306e-11      -2.723971670432e-11       7.011262340001e-18       1.210055247473e-12       1.210054791940e-12       2.317102666515e-24       2.275174896170e-13       6.276125969720e-17       8.138395325321e-14       6.197162958956e-21       2.245717603806e-17 
   90       3.221374102960e-10       8.347201085987e-14      -2.238563953209e-12       0.000000000000e+00       1.783984811530e-11       1.783984810557e-11       2.122401345138e-20      -2.786398610368e-11      -2.786398673525e-11       6.315697174491e-19       1.214631139302e-12       1.214630811749e-12       1.403774200506e-24       2.328067874550e-13       6.422684383939e-17       8.347195925712e-14       6.355959512472e-21       2.303334373970e-17 
   91       3.260510039673e-10       8.556006709016e-14      -2.323591476113e-12       0.000000000000e+00       1.752220564499e-11       1.752220563247e-11       1.796423888001e-20      -2.846966057874e-11      -2.846965965778e-11      -9.209588827271e-19       1.218744162454e-12       1.218744000913e-12       7.858157362767e-25       2.380851562866e-13       6.569062408956e-17       8.556003936754e-14       6.514881608129e-21       2.360953124811e-17 
   92       3.299949259034e-10       8.764633933542e-14      -2.409320365856e-12       0.000000000000e+00       1.720745744666e-11       1.720745744077e-11       1.457667349875e-20      -2.905665688032e-11      -2.905665994135e-11       3.061025912044e-18       1.222394390434e-12       1.222394339681e-12       4.142855558814e-25       2.433485631503e-13       6.714758701604e-17       8.764632662214e-14       6.673712518508e-21       2.418522379109e-17 
   93       3.339693452806e-10       8.972894091336e-14      -2.495687053201e-12       0.000000000000e+00       1.689563575627e-11       1.689563575977e-11       1.276334671483e-20      -2.962492451673e-11      -2.962493578546e-11       1.126873706311e-17       1.225582140142e-12       1.225582135681e-12       2.088764505218e-25       2.485928580200e-13       6.859645779972e-17       8.972893399543e-14       6.832279956581e-21       2.475990081397e-17 
   94       3.379744012100e-10       9.180596971214e-14      -2.582633036683e-12       0.000000000000e+00       1.658677121022e-11       1.658677121265e-11       1.280825801427e-20      -3.017451075668e-11      -3.017453187386e-11       2.111718098656e-17       1.228308068856e-12       1.228308073597e-12       1.021446633051e-25       2.538140281888e-13       7.003752077381e-17       9.180596362882e-14       6.990428754121e-21       2.533303867665e-17 
   95       3.420097801863e-10       9.387550910504e-14      -2.670097036829e-12       0.000000000000e+00       1.628089324495e-11       1.628089323631e-11       1.386717581196e-20      -3.070546495798e-11      -3.070549501741e-11       3.005942501160e-17       1.230573184054e-12       1.230573188350e-12       4.907652305822e-26       2.590080073212e-13       7.147085824529e-17       9.387550274954e-14       7.148009386477e-21       2.590410958729e-17 
   96       3.460745171441e-10       9.593562984005e-14      -2.758013757207e-12       0.000000000000e+00       1.597802993088e-11       1.597802991536e-11       1.501001906334e-20      -3.121778534254e-11      -3.121782176422e-11       3.642168384060e-17       1.232378835379e-12       1.232378841977e-12       2.340144208240e-26       2.641707275065e-13       7.289576296715e-17       9.593562367126e-14       7.304873681824e-21       2.647258162546e-17 
   97       3.501680913854e-10       9.798438773226e-14      -2.846314634651e-12       0.000000000000e+00       1.567820776794e-11       1.567820775836e-11       1.531856481682e-20      -3.171146367944e-11      -3.171150303817e-11       3.935872457712e-17       1.233726657745e-12       1.233726668968e-12       1.113312965658e-26       2.692981356288e-13       7.431096738641e-17       9.798438200504e-14       7.460873089453e-21       2.703791825700e-17 
   98       3.542905256065e-10       1.000198403498e-13      -2.934934470656e-12       0.000000000000e+00       1.538145197854e-11       1.538145198064e-11       1.426946920717e-20      -3.218653750487e-11      -3.218657581555e-11       3.831067703806e-17       1.234618670091e-12       1.234618683749e-12       5.282269646758e-27       2.743862093316e-13       7.571511372459e-17       1.000198346589e-13       7.615859473929e-21       2.759958330395e-17 
   99       3.584411398833e-10       1.020400567762e-13      -3.023807377129e-12       0.000000000000e+00       1.508778633040e-11       1.508778633725e-11       1.217537077429e-20      -3.264306014205e-11      -3.264309300837e-11       3.286632155358e-17       1.235057314945e-12       1.235057326593e-12       2.486866262423e-27       2.794310402611e-13       7.710705821883e-17       1.020400504757e-13       7.769685721266e-21       2.815704388104e-17 
  100       3.626193940322e-10       1.040430824599e-13      -3.112863786544e-12       0.000000000000e+00       1.479723233962e-11       1.479723233993e-11       9.735344155013e-21      -3.308107227188e-11      -3.308109554110e-11       2.326921117455e-17       1.235045193513e-12       1.235045200098e-12       1.153200550884e-27       2.844287346400e-13       7.848584733369e-17       1.040430751799e-13       7.922202998440e-21       2.870976072346e-17 
  101       3.668253094434e-10       1.060269623762e-13      -3.202037280064e-12       0.000000000000e+00       1.450981032981e-11       1.450981031597e-11       7.927285255027e-21      -3.350065062420e-11      -3.350066172810e-11       1.110389905704e-17       1.234585200410e-12       1.234585201784e-12       5.228235101157e-28       2.893752695748e-13       7.985053953869e-17       1.060269541914e-13       8.073262465150e-21       2.925719448232e-17 
  102       3.710583813274e-10       1.079897754892e-13      -3.291261864509e-12       0.000000000000e+00       1.422554048593e-11       1.422554045889e-11       7.849194895744e-21      -3.390188670345e-11      -3.390188620960e-11      -4.938525445667e-19       1.233680764129e-12       1.233680762332e-12       2.303362753932e-28       2.942670075962e-13       8.120023001053e-17       1.079897667502e-13       8.222717862819e-21       2.979881514100e-17 
  103       3.753176346982e-10       1.099295905960e-13      -3.380463336204e-12       0.000000000000e+00       1.394444109656e-11       1.394444106764e-11       9.515657711141e-21      -3.428481900834e-11      -3.428481124131e-11      -7.767029673104e-18       1.232335518919e-12       1.232335516613e-12       9.818712060591e-29       2.991001291624e-13       8.253386758937e-17       1.099295816646e-13       8.370422141413e-21       3.033408980434e-17 
  104       3.796021672376e-10       1.118444655425e-13      -3.469568109331e-12       0.000000000000e+00       1.366652782394e-11       1.366652780619e-11       1.179768809110e-20      -3.464948710657e-11      -3.464947902638e-11      -8.080192145516e-18       1.230553203027e-12       1.230553201992e-12       4.038930123170e-29       3.038708310620e-13       8.385034985721e-17       1.118444566269e-13       8.516227405798e-21       3.086248250986e-17 
  105       3.839120416694e-10       1.137324872660e-13      -3.558507927393e-12       0.000000000000e+00       1.339181560199e-11       1.339181559831e-11       1.390590008227e-20      -3.499600394689e-11      -3.499600266730e-11      -1.279586566875e-18       1.228337964844e-12       1.228337965427e-12       1.600968074837e-29       3.085754713976e-13       8.514861520483e-17       1.137324784042e-13       8.659987975265e-21       3.138346531793e-17 
  106       3.882466311171e-10       1.155917663167e-13      -3.647214214853e-12       0.000000000000e+00       1.312031912520e-11       1.312031912646e-11       1.566159580241e-20      -3.532450415306e-11      -3.532451435639e-11       1.020332985473e-17       1.225694350706e-12       1.225694352172e-12       6.111940461524e-30       3.132105976413e-13       8.642767900394e-17       1.155917574479e-13       8.801559972784e-21       3.189651682443e-17 
  107       3.926043033263e-10       1.174204264452e-13      -3.735611045646e-12       0.000000000000e+00       1.285205149726e-11       1.285205148892e-11       1.688005123912e-20      -3.563506200059e-11      -3.563508448943e-11       2.248884070822e-17       1.222627134119e-12       1.222627135273e-12       2.247449893002e-30       3.177726085223e-13       8.768654176998e-17       1.174204174894e-13       8.940800532633e-21       3.240111928975e-17 
  108       3.969851576508e-10       1.192166095661e-13      -3.823622466701e-12       0.000000000000e+00       1.258702373795e-11       1.258702371009e-11       1.751526683658e-20      -3.592774766214e-11      -3.592777958211e-11       3.191997889731e-17       1.219141313696e-12       1.219141313721e-12       7.963484293738e-31       3.222582090763e-13       8.892430271244e-17       1.192166004695e-13       9.077568175666e-21       3.289675999901e-17 
  109       4.013886582755e-10       1.209784684222e-13      -3.911178238808e-12       0.000000000000e+00       1.232524522397e-11       1.232524518073e-11       1.757915776740e-20      -3.620270507775e-11      -3.620274140057e-11       3.632281910489e-17       1.215242088065e-12       1.215242087172e-12       2.720755725738e-31       3.266640092870e-13       9.014003702572e-17       1.209784591659e-13       9.211722247909e-21       3.338292922762e-17 
  110       4.058138726537e-10       1.227041828335e-13      -3.998206047582e-12       0.000000000000e+00       1.206672439664e-11       1.206672435518e-11       1.706393035457e-20      -3.646007661590e-11      -3.646011185897e-11       3.524306155050e-17       1.210934912797e-12       1.210934911911e-12       8.969703728760e-32       3.309867121291e-13       9.133284175998e-17       1.227041734214e-13       9.343124156234e-21       3.385912471940e-17 
  111       4.102600172460e-10       1.243919825466e-13      -4.084630662829e-12       0.000000000000e+00       1.181146934916e-11       1.181146932375e-11       1.668304902472e-20      -3.669996540731e-11      -3.669999488901e-11       2.948170983328e-17       1.206225656325e-12       1.206225656123e-12       2.855987041645e-32       3.352232131814e-13       9.250186266964e-17       1.243919729911e-13       9.471639108018e-21       3.432485799106e-17 
  112       4.147257436675e-10       1.260401265762e-13      -4.170377607987e-12       0.000000000000e+00       1.155948710951e-11       1.155948709709e-11       1.719822126106e-20      -3.692248601753e-11      -3.692250664179e-11       2.062426116558e-17       1.201120446457e-12       1.201120446703e-12       8.789917891649e-33       3.393706386878e-13       9.364630647805e-17       1.260401168892e-13       9.597134538515e-21       3.477964863302e-17 
  113       4.192109504725e-10       1.276468791081e-13      -4.255371386900e-12       0.000000000000e+00       1.131078260810e-11       1.131078259515e-11       1.775888446908e-20      -3.712778413708e-11      -3.712779493859e-11       1.080150837917e-17       1.195625445243e-12       1.195625445162e-12       2.617063447936e-33       3.434258954585e-13       9.476531852126e-17       1.276468692978e-13       9.719478276489e-21       3.522301766177e-17 
  114       4.237148981125e-10       1.292105372028e-13      -4.339540758521e-12       0.000000000000e+00       1.106535931006e-11       1.106535928974e-11       1.733863266156e-20      -3.731601856683e-11      -3.731602105491e-11       2.488079508068e-18       1.189747025413e-12       1.189747024713e-12       7.545755162918e-34       3.473862158503e-13       9.585813415456e-17       1.292105272741e-13       9.838540653941e-21       3.565449516546e-17 
  115       4.282356918567e-10       1.307294658872e-13      -4.422808175247e-12       0.000000000000e+00       1.082322013281e-11       1.082322010689e-11       1.715943067994e-20      -3.748730607894e-11      -3.748730421682e-11      -1.862118618646e-18       1.183491949345e-12       1.183491948261e-12       2.107382124825e-34       3.512489203978e-13       9.692401352267e-17       1.307294558434e-13       9.954197178180e-21       3.607362998731e-17 
  116       4.327730382028e-10       1.322020729583e-13      -4.505096314728e-12       0.000000000000e+00       1.058436698871e-11       1.058436696052e-11       1.870892788697e-20      -3.764178336500e-11      -3.764178300290e-11      -3.621001772307e-19       1.176867200037e-12       1.176867198837e-12       5.706560236650e-35       3.550114849411e-13       9.796225997151e-17       1.322020628023e-13       1.006632661328e-20       3.647998277299e-17 
  117       4.373270489388e-10       1.336267882128e-13      -4.586339361966e-12       0.000000000000e+00       1.034880027492e-11       1.034880024763e-11       2.089371839659e-20      -3.777966200197e-11      -3.777966955086e-11       7.548883225433e-18       1.169879878010e-12       1.169879876907e-12       1.484145318229e-35       3.586714065319e-13       9.897218286411e-17       1.336267779478e-13       1.017480939850e-20       3.687312023894e-17 
  118       4.418960462094e-10       1.350020924725e-13      -4.666461355287e-12       0.000000000000e+00       1.011651920786e-11       1.011651918208e-11       2.226481007708e-20      -3.790111557337e-11      -3.790113609531e-11       2.052193927336e-17       1.162537275492e-12       1.162537274387e-12       3.651498396271e-36       3.622263235506e-13       9.995313059927e-17       1.350020821019e-13       1.027952985834e-20       3.725262318153e-17 
  119       4.464785004574e-10       1.363265147693e-13      -4.745384696836e-12       0.000000000000e+00       9.887522195507e-12       9.887522167329e-12       2.402609423865e-20      -3.800628149179e-11      -3.800631695850e-11       3.546670487603e-17       1.154846889272e-12       1.154846887903e-12       8.915190692555e-37       3.656741154165e-13       1.009045180723e-16       1.363265042970e-13       1.038037598817e-20       3.761808570031e-17 
  120       4.510737167100e-10       1.375986417603e-13      -4.823036494551e-12       0.000000000000e+00       9.661806839043e-12       9.661806804895e-12       2.803547361268e-20      -3.809532774525e-11      -3.809537615575e-11       4.841050036464e-17       1.146816467238e-12       1.146816465727e-12       2.412825175197e-37       3.690128016155e-13       1.018257988035e-16       1.375986311902e-13       1.047724017114e-20       3.796911779592e-17 
  121       4.556810570622e-10       1.388171206233e-13      -4.899339838550e-12       0.000000000000e+00       9.439369481498e-12       9.439369441810e-12       3.385531699321e-20      -3.816843112215e-11      -3.816848691392e-11       5.579177633112e-17       1.138453929564e-12       1.138453928160e-12       6.754208825318e-38       3.722405123329e-13       1.027164568426e-16       1.388171099596e-13       1.057001939867e-20       3.830534616917e-17 
  122       4.602986044338e-10       1.399806204806e-13      -4.974220755663e-12       0.000000000000e+00       9.220204902298e-12       9.220204858904e-12       3.984848967706e-20      -3.822577138046e-11      -3.822582702624e-11       5.564578684177e-17       1.129767211500e-12       1.129767210182e-12       1.410822040999e-38       3.753554071358e-13       1.035759843389e-16       1.399806097274e-13       1.065861233307e-20       3.862640357619e-17 
  123       4.649258808964e-10       1.410878780260e-13      -5.047607231488e-12       0.000000000000e+00       9.004306987170e-12       9.004306940218e-12       4.538979499081e-20      -3.826753342597e-11      -3.826758138961e-11       4.796364660540e-17       1.120764452908e-12       1.120764451554e-12       1.368987158891e-39       3.783558336291e-13       1.044039253270e-16       1.410878671877e-13       1.074292278182e-20       3.893194141897e-17 
  124       4.695628472911e-10       1.421377269080e-13      -5.119427733761e-12       0.000000000000e+00       8.791669315157e-12       8.791669263424e-12       5.063547152553e-20      -3.829393234910e-11      -3.829396662885e-11       3.427974764116e-17       1.111454119267e-12       1.111454117911e-12      -5.212503724308e-41       3.812404113941e-13       1.051998988911e-16       1.421377159891e-13       1.082286193485e-20       3.922163785316e-17 
  125       4.742073423490e-10       1.431290524268e-13      -5.189614536989e-12       0.000000000000e+00       8.582284738346e-12       8.582284680417e-12       5.529607748251e-20      -3.830517929285e-11      -3.830519620084e-11       1.690799263122e-17       1.101844821364e-12       1.101844820044e-12      -1.216135359146e-41       3.840078639437e-13       1.059635527947e-16       1.431290414317e-13       1.089834491502e-20       3.949518528732e-17 
  126       4.788583111336e-10       1.440607980411e-13      -5.258090736371e-12       0.000000000000e+00       8.376144795692e-12       8.376144732536e-12       5.824123771098e-20      -3.830143859284e-11      -3.830143678051e-11      -1.812334093397e-18       1.091945245302e-12       1.091945243944e-12      -5.111713441960e-42       3.866572703724e-13       1.066946329219e-16       1.440607869745e-13       1.096929127362e-20       3.975229217831e-17 
  127       4.835154152388e-10       1.449319590625e-13      -5.324785325912e-12       0.000000000000e+00       8.173239547365e-12       8.173239485508e-12       5.805269073593e-20      -3.828291099545e-11      -3.828289107218e-11      -1.992326616516e-17       1.081764112475e-12       1.081764111284e-12      -1.560608440627e-42       3.891875266333e-13       1.073928346206e-16       1.449319479290e-13       1.103562451014e-20       3.999268129130e-17 
  128       4.881768573670e-10       1.457415797851e-13      -5.389631309628e-12       0.000000000000e+00       7.973557896499e-12       7.973557843182e-12       5.452925489295e-20      -3.824982624620e-11      -3.824979040959e-11      -3.583661308539e-17       1.071310190762e-12       1.071310189944e-12      -3.322057802555e-43       3.915978187073e-13       1.080579332695e-16       1.457415685894e-13       1.109727185381e-20       4.021608890776e-17 
  129       4.928418568043e-10       1.464887984890e-13      -5.452557661666e-12       0.000000000000e+00       7.777088161412e-12       7.777088117077e-12       4.949354278859e-20      -3.820239510227e-11      -3.820234697241e-11      -4.812986108422e-17       1.060592454712e-12       1.060592454024e-12      -2.020765339351e-44       3.938875156499e-13       1.086897547649e-16       1.464887872359e-13       1.115416769029e-20       4.042227724383e-17 
  130       4.975089215124e-10       1.471728517392e-13      -5.513496950147e-12       0.000000000000e+00       7.583818244591e-12       7.583818205546e-12       4.468194952025e-20      -3.814083503682e-11      -3.814077944795e-11      -5.558886547300e-17       1.049620107795e-12       1.049620107140e-12      -1.351003594952e-45       3.960561641930e-13       1.092881740318e-16       1.471728404336e-13       1.120625388897e-20       4.061103563638e-17 
  131       5.021762747576e-10       1.477930386907e-13      -5.572376701949e-12       0.000000000000e+00       7.393735283754e-12       7.393735248205e-12       3.926642172952e-20      -3.806533299348e-11      -3.806527547922e-11      -5.751425889276e-17       1.038402435814e-12       1.038402435333e-12       2.405464492829e-46       3.981035521720e-13       1.098531325250e-16       1.477930273374e-13       1.125347708506e-20       4.078217069349e-17 
  132       5.068438913355e-10       1.483487142447e-13      -5.629124657255e-12       0.000000000000e+00       7.206825366153e-12       7.206825334812e-12       3.169235734618e-20      -3.797607942295e-11      -3.797602547766e-11      -5.394528947384e-17       1.026948723534e-12       1.026948723070e-12      -5.639668824563e-47       4.000297502005e-13       1.103846497298e-16       1.483487028487e-13       1.129578815850e-20       4.093550440591e-17 
  133       5.115097739430e-10       1.488393280888e-13      -5.683677804328e-12       0.000000000000e+00       7.023073758577e-12       7.023073732661e-12       2.353243739658e-20      -3.787331988984e-11      -3.787327408550e-11      -4.580434031663e-17       1.015268368489e-12       1.015268367850e-12       9.937860888553e-48       4.018346292835e-13       1.108826900513e-16       1.488393166551e-13       1.133314520658e-20       4.107088491986e-17 
  134       5.161733174725e-10       1.492644382596e-13      -5.735971568317e-12       0.000000000000e+00       6.842465159123e-12       6.842465138743e-12       1.843018361397e-20      -3.775728863601e-11      -3.775725379433e-11      -3.484168814223e-17       1.003370974379e-12       1.003370973757e-12      -4.008243180001e-48       4.035187844894e-13       1.113474176932e-16       1.492644267933e-13       1.136551457667e-20       4.118819027946e-17 
  135       5.208335579383e-10       1.496236693583e-13      -5.785940463365e-12       0.000000000000e+00       6.664983383329e-12       6.664983367803e-12       1.688226019149e-20      -3.762821050823e-11      -3.762818730357e-11      -2.320465383540e-17       9.912661822890e-13       9.912661820733e-13       8.950984867898e-49       4.050826221098e-13       1.117789447681e-16       1.496236578644e-13       1.139286768459e-20       4.128731689676e-17 
  136       5.254875910881e-10       1.499167027647e-13      -5.833519344519e-12       0.000000000000e+00       6.490611087699e-12       6.490611076299e-12       1.524693662971e-20      -3.748631593651e-11      -3.748630308263e-11      -1.285388012421e-17       9.789635272141e-13       9.789635273810e-13      -2.536114341599e-49       4.065267592968e-13       1.121774415735e-16       1.499166912483e-13       1.141518026949e-20       4.136817685135e-17 
  137       5.301355822171e-10       1.501432928088e-13      -5.878642487553e-12       0.000000000000e+00       6.319330117080e-12       6.319330109252e-12       1.105920108567e-20      -3.733183342516e-11      -3.733182835996e-11      -5.065197134043e-18       9.664725714499e-13       9.664725716316e-13       3.866321350433e-50       4.078519269017e-13       1.125431097815e-16       1.501432812749e-13       1.143243362520e-20       4.143070235279e-17 
  138       5.347767975287e-10       1.503033050183e-13      -5.921255031631e-12       0.000000000000e+00       6.151121908292e-12       6.151121903745e-12       6.552248520038e-21      -3.716502115581e-11      -3.716502090144e-11      -2.543689272238e-19       9.538030503389e-13       9.538030505616e-13      -1.054374755837e-50       4.090594347732e-13       1.128763108331e-16       1.503032934722e-13       1.144461751255e-20       4.147485629469e-17 
  139       5.394079858144e-10       1.503967056265e-13      -5.961293633055e-12       0.000000000000e+00       5.985967352410e-12       5.985967348999e-12       5.157534265948e-21      -3.698611263367e-11      -3.698611455012e-11       1.916446046410e-18       9.409647537041e-13       9.409647540653e-13       2.448377721201e-51       4.101503648255e-13       1.131773432729e-16       1.503966940731e-13       1.145172936039e-20       4.150062935936e-17 
  140       5.440290541325e-10       1.504235419399e-13      -5.998691192810e-12       0.000000000000e+00       5.823846658586e-12       5.823846652862e-12       6.578479646942e-21      -3.679531363924e-11      -3.679531598508e-11       2.345844622032e-18       9.279674875771e-13       9.279674878537e-13      -6.497849628437e-52       4.111263077527e-13       1.134466460388e-16       1.504235303845e-13       1.145377277083e-20       4.150803460068e-17 
  141       5.486394128762e-10       1.503839982914e-13      -6.033397177380e-12       0.000000000000e+00       5.664739582855e-12       5.664739575899e-12       7.476183209758e-21      -3.659287820434e-11      -3.659288026308e-11       2.058737822672e-18       9.148212543493e-13       9.148212547626e-13       2.139396887091e-52       4.119889817153e-13       1.136846932419e-16       1.503839867391e-13       1.145076177961e-20       4.149712288361e-17 
  142       5.532365005478e-10       1.502783357950e-13      -6.065354607843e-12       0.000000000000e+00       5.508625162085e-12       5.508625158780e-12       5.986369368517e-21      -3.637905604520e-11      -3.637905783677e-11       1.791568750780e-18       9.015360161410e-13       9.015360172335e-13      -3.914071932463e-53       4.127404391807e-13       1.138920512423e-16       1.502783242507e-13       1.144271626885e-20       4.146796626023e-17 
  143       5.578198543850e-10       1.501068150878e-13      -6.094500539308e-12       0.000000000000e+00       5.355481312978e-12       5.355481313612e-12       3.565007178857e-21      -3.615408102909e-11      -3.615408299406e-11       1.964979017122e-18       8.881214314732e-13       8.881214329735e-13       1.214257182111e-53       4.133822602793e-13       1.140691560630e-16       1.501068035567e-13       1.142965608439e-20       4.142063665108e-17 
  144       5.623885478256e-10       1.498698370318e-13      -6.120788528459e-12       0.000000000000e+00       5.205285365269e-12       5.205285365236e-12       2.548282232233e-21      -3.591822028746e-11      -3.591822298650e-11       2.699041690667e-18       8.745872508453e-13       8.745872519761e-13      -3.394475563591e-54       4.139170044066e-13       1.142167139463e-16       1.498698255189e-13       1.141161174924e-20       4.135524467040e-17 
  145       5.669400135311e-10       1.495679502672e-13      -6.144164686387e-12       0.000000000000e+00       5.058014437116e-12       5.058014434739e-12       3.372242333493e-21      -3.567171417158e-11      -3.567171793817e-11       3.766588615708e-18       8.609434580063e-13       8.609434588446e-13       8.061421651767e-55       4.143470094363e-13       1.143353700076e-16       1.495679387776e-13       1.138862503879e-20       4.127194171059e-17 
  146       5.714733452458e-10       1.492017690757e-13      -6.164570347403e-12       0.000000000000e+00       4.913645075834e-12       4.913645072970e-12       4.562973461328e-21      -3.541478367519e-11      -3.541478842553e-11       4.750338586513e-18       8.471999520479e-13       8.471999531993e-13      -1.393129308806e-55       4.146750900612e-13       1.144259009365e-16       1.492017576142e-13       1.136074272658e-20       4.117089727717e-17 
  147       5.759871392935e-10       1.487720197572e-13      -6.181957468824e-12       0.000000000000e+00       4.772153260923e-12       4.772153258063e-12       4.648258930882e-21      -3.514769032233e-11      -3.514769564922e-11       5.326892690258e-18       8.333665720044e-13       8.333665733352e-13       2.831859094455e-56       4.149042418795e-13       1.144891333416e-16       1.487720083287e-13       1.132802011561e-20       4.105231178615e-17 
  148       5.804805453029e-10       1.482795203851e-13      -6.196280185598e-12       0.000000000000e+00       4.633514573079e-12       4.633514570298e-12       3.560860079780e-21      -3.487069840464e-11      -3.487070381770e-11       5.413056616666e-18       8.194531969059e-13       8.194531980683e-13      -5.097375414466e-57       4.150374981504e-13       1.145259042237e-16       1.482795089944e-13       1.129051949686e-20       4.091641097757e-17 
  149       5.849530348278e-10       1.477251780324e-13      -6.207492493074e-12       0.000000000000e+00       4.497704043960e-12       4.497704042462e-12       2.395800715586e-21      -3.458406236477e-11      -3.458406746891e-11       5.104132707044e-18       8.054696727241e-13       8.054696738515e-13       1.224769740227e-57       4.150779186605e-13       1.145370579037e-16       1.477251666843e-13       1.124830993801e-20       4.076344515015e-17 
  150       5.894017152542e-10       1.471100138219e-13      -6.215547363326e-12       0.000000000000e+00       4.364696048954e-12       4.364696048123e-12       2.147809783702e-21      -3.428802599356e-11      -3.428803061994e-11       4.626378317405e-18       7.914257262385e-13       7.914257272847e-13      -1.596800239977e-58       4.150294493071e-13       1.145236832170e-16       1.471100025210e-13       1.120146919092e-20       4.059369607360e-17 
  151       5.938251912409e-10       1.464350904824e-13      -6.220390228353e-12       0.000000000000e+00       4.234464389410e-12       4.234464387248e-12       2.773137951319e-21      -3.398281446123e-11      -3.398281872764e-11       4.266410917910e-18       7.773309501323e-13       7.773309509400e-13       3.941025559092e-59       4.148951933568e-13       1.144866364822e-16       1.464350792334e-13       1.115007817547e-20       4.040745699848e-17 
  152       5.982235356792e-10       1.457016198914e-13      -6.221986509509e-12       0.000000000000e+00       4.106982623826e-12       4.106982620340e-12       3.392599320832e-21      -3.366868239807e-11      -3.366868653536e-11       4.137291426564e-18       7.631950573184e-13       7.631950580823e-13      -1.406222190479e-59       4.146792471055e-13       1.144270480359e-16       1.457016086987e-13       1.109422916823e-20       4.020506233155e-17 
  153       6.025943813443e-10       1.449109986874e-13      -6.220297867619e-12       0.000000000000e+00       3.982224133281e-12       3.982224130093e-12       3.275051051260e-21      -3.334589864566e-11      -3.334590278150e-11       4.135847314301e-18       7.490278719200e-13       7.490278728200e-13       4.384206683168e-60       4.143863051005e-13       1.143462132965e-16       1.449109875555e-13       1.103402851412e-20       3.998689746276e-17 
  154       6.069361613023e-10       1.440646301450e-13      -6.215278815267e-12       0.000000000000e+00       3.860161686395e-12       3.860161684202e-12       2.525065494628e-21      -3.301471396375e-11      -3.301471807669e-11       4.112946278855e-18       7.348389499149e-13       7.348389508148e-13      -1.181470011596e-60       4.140203502833e-13       1.142452313213e-16       1.440646190780e-13       1.096958306336e-20       3.975334961318e-17 
  155       6.112486083639e-10       1.431639890767e-13      -6.206897350008e-12       0.000000000000e+00       3.740767483751e-12       3.740767481354e-12       1.831753510416e-21      -3.267539395661e-11      -3.267539792059e-11       3.963974159331e-18       7.206376906763e-13       7.206376911226e-13       2.756075458706e-61       4.135856568175e-13       1.141252815277e-16       1.431639780789e-13       1.090100511332e-20       3.950482574422e-17 
  156       6.155298872732e-10       1.422107061925e-13      -6.195117303917e-12       0.000000000000e+00       3.624013483618e-12       3.624013479821e-12       1.681322902547e-21      -3.232819487794e-11      -3.232819857565e-11       3.697711151061e-18       7.064335327959e-13       7.064335325911e-13      -7.811400386084e-62       4.130870716261e-13       1.139877013810e-16       1.422106952680e-13       1.082841883193e-20       3.924177583574e-17 
  157       6.197782877639e-10       1.412064763143e-13      -6.179898181462e-12       0.000000000000e+00       3.509871253176e-12       3.509871248895e-12       1.932355704940e-21      -3.197334899122e-11      -3.197335238565e-11       3.394429704191e-18       6.922357713641e-13       6.922357710678e-13       1.258186071761e-62       4.125296686684e-13       1.138338909951e-16       1.412064654669e-13       1.075195326886e-20       3.896466755871e-17 
  158       6.239927004021e-10       1.401531253068e-13      -6.161209506431e-12       0.000000000000e+00       3.398312045041e-12       3.398312041578e-12       2.120610455618e-21      -3.161110462944e-11      -3.161110773078e-11       3.101341641117e-18       6.780536701132e-13       6.780536701559e-13      -4.101312394821e-63       4.119180485154e-13       1.136651198567e-16       1.401531145404e-13       1.067174745179e-20       3.867400474423e-17 
  159       6.281719711870e-10       1.390526421053e-13      -6.139022689128e-12       0.000000000000e+00       3.289307029210e-12       3.289307026458e-12       2.006492327389e-21      -3.124171384865e-11      -3.124171673018e-11       2.881533834435e-18       6.638965791577e-13       6.638965792879e-13       3.309817550688e-64       4.112582830735e-13       1.134830634542e-16       1.390526314234e-13       1.058795282519e-20       3.837033622122e-17 
  160       6.323149473644e-10       1.379070583837e-13      -6.113308516333e-12       0.000000000000e+00       3.182826987405e-12       3.182826985060e-12       1.725883036904e-21      -3.086543081380e-11      -3.086543361011e-11       2.796309450066e-18       6.497736598961e-13       6.497736598032e-13      -5.945111723328e-65       4.105556855179e-13       1.132891879111e-16       1.379070477898e-13       1.050072408780e-20       3.805422261201e-17 
  161       6.364201259946e-10       1.367184834727e-13      -6.084041875890e-12       0.000000000000e+00       3.078842164928e-12       3.078842162689e-12       1.514428474554e-21      -3.048251644125e-11      -3.048251928662e-11       2.845369759694e-18       6.356938176341e-13       6.356938171147e-13       1.341138062005e-65       4.098158491254e-13       1.130850366423e-16       1.367184729701e-13       1.041022185141e-20       3.772624596755e-17 
  162       6.404859222306e-10       1.354891242844e-13      -6.051191385521e-12       0.000000000000e+00       2.977322570363e-12       2.977322567432e-12       1.448577577574e-21      -3.009321585233e-11      -3.009321886959e-11       3.017258909297e-18       6.216658534078e-13       6.216658523686e-13      -4.409726999793e-66       4.090445496675e-13       1.128722034207e-16       1.354891138763e-13       1.031661415799e-20       3.738701526559e-17 
  163       6.445116519825e-10       1.342212967073e-13      -6.014740085779e-12       0.000000000000e+00       2.878238114907e-12       2.878238111220e-12       1.454752154755e-21      -2.969778595988e-11      -2.969778921541e-11       3.255521651664e-18       6.076985545988e-13       6.076985532940e-13       2.107398537242e-66       4.082479349888e-13       1.126523846891e-16       1.342212863965e-13       1.022007734737e-20       3.703716955487e-17 
  164       6.484954879865e-10       1.329174835986e-13      -5.974671454662e-12       0.000000000000e+00       2.781558584029e-12       2.781558580639e-12       1.446124888197e-21      -2.929648550414e-11      -2.929648895255e-11       3.448415605268e-18       5.938007174842e-13       5.938007163089e-13      -6.059384399231e-67       4.074320846973e-13       1.124272580614e-16       1.329174733880e-13       1.012080047296e-20       3.667739395771e-17 
  165       6.524360719009e-10       1.315802402249e-13      -5.930955367765e-12       0.000000000000e+00       2.687253512852e-12       2.687253510535e-12       1.397242771583e-21      -2.888953915132e-11      -2.888954266475e-11       3.513423550469e-18       5.799809510261e-13       5.799809501283e-13       1.418855456327e-67       4.066039159103e-13       1.121987322544e-16       1.315802301170e-13       1.001897810164e-20       3.630839357712e-17 
  166       6.563323962997e-10       1.302121384539e-13      -5.883574894623e-12       0.000000000000e+00       2.595292037523e-12       2.595292035960e-12       1.333964944781e-21      -2.847719111336e-11      -2.847719452020e-11       3.406836602688e-18       5.662475626709e-13       5.662475617599e-13      -4.175769474708e-68       4.057699534915e-13       1.119686077463e-16       1.302121284511e-13       9.914806064406e-21       3.593087809707e-17 
  167       6.601827623396e-10       1.288158783348e-13      -5.832521882921e-12       0.000000000000e+00       2.505643058951e-12       2.505643057324e-12       1.287708419428e-21      -2.805970152741e-11      -2.805970467909e-11       3.151677152771e-18       5.526087579915e-13       5.526087566831e-13       1.113766876774e-68       4.049367331247e-13       1.117386880009e-16       1.288158684392e-13       9.808489952397e-21       3.554559257201e-17 
  168       6.639869669913e-10       1.273942878087e-13      -5.777773848734e-12       0.000000000000e+00       2.418275463860e-12       2.418275461902e-12       1.255891903607e-21      -2.763730472985e-11      -2.763730756297e-11       2.833122206536e-18       5.390727256772e-13       5.390727241361e-13      -2.668778292640e-69       4.041113592213e-13       1.115109334172e-16       1.273942780224e-13       9.700245094918e-21       3.515331734712e-17 
  169       6.677443311038e-10       1.259503011697e-13      -5.719326856979e-12       0.000000000000e+00       2.333158054658e-12       2.333158052901e-12       1.210108663417e-21      -2.721025760644e-11      -2.721026010430e-11       2.497860723046e-18       5.256475598874e-13       5.256475586800e-13       3.457443682523e-70       4.033006773121e-13       1.112872329585e-16       1.259502914943e-13       9.590294919344e-21       3.475486211465e-17 
  170       6.714513956599e-10       1.244869705927e-13      -5.657181087914e-12       0.000000000000e+00       2.250259452288e-12       2.250259451391e-12       1.143910017002e-21      -2.677881635800e-11      -2.677881852362e-11       2.165623800804e-18       5.123412037228e-13       5.123412031699e-13      -1.150338269050e-70       4.025127174978e-13       1.110698024598e-16       1.244869610297e-13       9.478871828905e-21       3.435106909502e-17 
  171       6.751078651086e-10       1.230073637317e-13      -5.591310639078e-12       0.000000000000e+00       2.169548094893e-12       2.169548094906e-12       1.088792646930e-21      -2.634319196101e-11      -2.634319385404e-11       1.893028529253e-18       4.991613496118e-13       4.991613495234e-13       5.480463689920e-72       4.017541851761e-13       1.108604922157e-16       1.230073542824e-13       9.366209405473e-21       3.394278478001e-17 
  172       6.787137276029e-10       1.215146228288e-13      -5.521714399428e-12       0.000000000000e+00       2.090992256923e-12       2.090992257114e-12       1.073879659144e-21      -2.590362529334e-11      -2.590362705802e-11       1.764673597402e-18       4.861154837199e-13       4.861154835895e-13       1.242389008285e-72       4.010329765300e-13       1.106614811078e-16       1.215146134941e-13       9.252546910311e-21       3.353087624329e-17 
  173       6.822656974644e-10       1.200120660901e-13      -5.448399445466e-12       0.000000000000e+00       2.014560174555e-12       2.014560174048e-12       1.094063880679e-21      -2.546037736695e-11      -2.546037921491e-11       1.847969532637e-18       4.732110530740e-13       4.732110525981e-13      -1.620111286842e-72       4.003571643833e-13       1.104749967599e-16       1.200120568709e-13       9.138137003206e-21       3.311625911426e-17 
  174       6.857631750516e-10       1.185030943941e-13      -5.371352776500e-12       0.000000000000e+00       1.940220140284e-12       1.940220138784e-12       1.125759012959e-21      -2.501366038375e-11      -2.501366249558e-11       2.111831325623e-18       4.604554216960e-13       4.604554209993e-13       4.717121833376e-73       3.997345409667e-13       1.103031893688e-16       1.185030852908e-13       9.023238638886e-21       3.269987183496e-17 
  175       6.892067716157e-10       1.169911507730e-13      -5.290575298446e-12       0.000000000000e+00       1.867940386502e-12       1.867940384598e-12       1.150183033726e-21      -2.456370078215e-11      -2.456370321272e-11       2.430575303810e-18       4.478557491629e-13       4.478557486569e-13      -3.769150622523e-74       3.991729705593e-13       1.101482290123e-16       1.169911417859e-13       8.908113981839e-21       3.228266447947e-17 
  176       6.925935106267e-10       1.154798040938e-13      -5.206084721429e-12       0.000000000000e+00       1.797688997371e-12       1.797688996420e-12       1.156942487921e-21      -2.411075828353e-11      -2.411076095218e-11       2.668652722465e-18       4.354190025468e-13       4.354190028249e-13       2.371651797840e-75       3.986809731085e-13       1.100124666940e-16       1.154797952228e-13       8.793034778024e-21       3.186562184476e-17 
  177       6.959223462467e-10       1.139727063902e-13      -5.117872965128e-12       0.000000000000e+00       1.729434018145e-12       1.729434018776e-12       1.148927684658e-21      -2.365505181920e-11      -2.365505453519e-11       2.715993021177e-18       4.231519736673e-13       4.231519748223e-13       2.227574178559e-75       3.982665749512e-13       1.098981172102e-16       1.139726976350e-13       8.678279106020e-21       3.144975167696e-17 
  178       6.991942154872e-10       1.124735389622e-13      -5.025943065370e-12       0.000000000000e+00       1.663143515537e-12       1.663143516209e-12       1.146100833336e-21      -2.319679206568e-11      -2.319679463579e-11       2.570110273669e-18       4.110612698807e-13       4.110612709756e-13      -1.239647040239e-75       3.979383996924e-13       1.098075601679e-16       1.124735303221e-13       8.564127272836e-21       3.103606979795e-17 
  179       7.024059905252e-10       1.109860738710e-13      -4.930321750348e-12       0.000000000000e+00       1.598785513182e-12       1.598785511996e-12       1.163704497270e-21      -2.273622915991e-11      -2.273623153477e-11       2.374866427619e-18       3.991533392957e-13       3.991533395069e-13       2.366682323155e-77       3.977052783094e-13       1.097432323968e-16       1.109860653452e-13       8.450866496371e-21       3.062561707443e-17 
  180       7.055551225371e-10       1.095142093792e-13      -4.831016556895e-12       0.000000000000e+00       1.536327999956e-12       1.536327997343e-12       1.190216563337e-21      -2.227358824277e-11      -2.227359050411e-11       2.261338470173e-18       3.874344538692e-13       3.874344536374e-13       4.222571424344e-77       3.975760134321e-13       1.097075629042e-16       1.095142009664e-13       8.338793603914e-21       3.021946919713e-17 
  181       7.086434419736e-10       1.080618663493e-13      -4.728018987802e-12       0.000000000000e+00       1.475738958915e-12       1.475738956761e-12       1.207020487850e-21      -2.180905950045e-11      -2.180906174555e-11       2.245106622632e-18       3.759106179800e-13       3.759106183128e-13      -2.649524997647e-77       3.975593521076e-13       1.097029653600e-16       1.080618580480e-13       8.228207143606e-21       2.981870809311e-17 
  182       7.116702546050e-10       1.066329688971e-13      -4.621353221705e-12       0.000000000000e+00       1.416986387666e-12       1.416986386870e-12       1.219490336428e-21      -2.134287928992e-11      -2.134288157073e-11       2.280808319780e-18       3.645876182609e-13       3.645876195739e-13       1.114834720190e-77       3.976636946984e-13       1.097317577694e-16       1.066329607056e-13       8.119405911307e-21       2.942441658714e-17 
  183       7.146316364526e-10       1.052316404061e-13      -4.511062350095e-12       0.000000000000e+00       1.360038462542e-12       1.360038462627e-12       1.241714628131e-21      -2.087529860555e-11      -2.087530090691e-11       2.301352183096e-18       3.534712557641e-13       3.534712576715e-13      -3.540705783300e-78       3.978985092047e-13       1.097965527428e-16       1.052316323223e-13       8.012703875798e-21       2.903773249008e-17 
  184       7.175276856250e-10       1.038621611554e-13      -4.397143308026e-12       0.000000000000e+00       1.304863558110e-12       1.304863558243e-12       1.258177661682e-21      -2.040649630100e-11      -2.040649855358e-11       2.252579350164e-18       3.425672770940e-13       3.425672788821e-13       9.332089452488e-79       3.982729525265e-13       1.098998770453e-16       1.038621531768e-13       7.908426952458e-21       2.865983690679e-17 
  185       7.203600536374e-10       1.025287178724e-13      -4.279606351299e-12       0.000000000000e+00       1.251429965042e-12       1.251429964774e-12       1.231243171103e-21      -1.993666032745e-11      -1.993666245574e-11       2.128285293022e-18       3.318810340649e-13       3.318810352558e-13      -2.208182687837e-79       3.987964756609e-13       1.100443385955e-16       1.025287099963e-13       7.806893933296e-21       2.829188512734e-17 
  186       7.231252209597e-10       1.012355291586e-13      -4.158508033489e-12       0.000000000000e+00       1.199705885749e-12       1.199705885127e-12       1.149439069299e-21      -1.946605141064e-11      -1.946605336964e-11       1.958995488814e-18       3.214175740301e-13       3.214175746304e-13       5.541643800828e-80       3.994784048574e-13       1.102325108888e-16       1.012355213818e-13       7.708426037336e-21       2.793504123718e-17 
  187       7.258205005202e-10       9.998701342744e-14      -4.033866728384e-12       0.000000000000e+00       1.149659710035e-12       1.149659709216e-12       1.048321869661e-21      -1.899487116583e-11      -1.899487295938e-11       1.793553604818e-18       3.111818770272e-13       3.111818774182e-13      -8.031879054267e-81       4.003281664007e-13       1.104669950247e-16       9.998700574653e-14       7.613359697976e-21       2.759052445808e-17 
  188       7.284488619266e-10       9.878753242974e-14      -3.905670723405e-12       0.000000000000e+00       1.101259971904e-12       1.101259970948e-12       9.825751689401e-22      -1.852326607730e-11      -1.852326773261e-11       1.655313482439e-18       3.011786683734e-13       3.011786689537e-13       1.519002041751e-81       4.013554529318e-13       1.107504656012e-16       9.878752484097e-14       7.522027034130e-21       2.725953837629e-17 
  189       7.310092368524e-10       9.764143406355e-14      -3.773982040588e-12       0.000000000000e+00       1.054475276172e-12       1.054475275286e-12       9.899018130652e-22      -1.805147895116e-11      -1.805148046220e-11       1.511042446080e-18       2.914124451293e-13       2.914124459085e-13      -1.083259788404e-82       4.025687469017e-13       1.110852632752e-16       9.764142656282e-14       7.434759109906e-21       2.694328275549e-17 
  190       7.334960529726e-10       9.655338718143e-14      -3.638862100867e-12       0.000000000000e+00       1.009274497462e-12       1.009274496847e-12       1.072292811061e-21      -1.757974832096e-11      -1.757974965314e-11       1.332174818459e-18       2.818877791818e-13       2.818877797317e-13       6.488170403294e-84       4.039789155516e-13       1.114743867651e-16       9.655337976429e-14       7.351911428014e-21       2.664304592389e-17 
  191       7.359109713596e-10       9.552808014609e-14      -3.500291583978e-12       0.000000000000e+00       9.656267086194e-13       9.656267077286e-13       1.189795660255e-21      -1.710820144143e-11      -1.710820258437e-11       1.142935423697e-18       2.726090600504e-13       2.726090597701e-13      -6.188955293494e-85       4.055954031949e-13       1.119204421453e-16       9.552807280771e-14       7.273840976729e-21       2.636012159336e-17 
  192       7.382570446925e-10       9.457000196217e-14      -3.358315390819e-12       0.000000000000e+00       9.235009413195e-13       9.235009391275e-13       1.275424556093e-21      -1.663703422584e-11      -1.663703521355e-11       9.877157844382e-19       2.635801981342e-13       2.635801966842e-13       1.087256835552e-84       4.074277348045e-13       1.124260577472e-16       9.456999469739e-14       7.200889564511e-21       2.609574846469e-17 
  193       7.405290079968e-10       9.368379558203e-14      -3.213022865973e-12       0.000000000000e+00       8.828663211596e-13       8.828663178977e-13       1.280340977135e-21      -1.616651180607e-11      -1.616651270173e-11       8.956667269486e-19       2.548049210187e-13       2.548049189438e-13      -5.308966233945e-85       4.094861037685e-13       1.129940463455e-16       9.368378838533e-14       7.133410721936e-21       2.585120771917e-17 
  194       7.427248997889e-10       9.287425028607e-14      -3.064411094561e-12       0.000000000000e+00       8.436922028875e-13       8.436922005459e-13       1.213953362714e-21      -1.569677172172e-11      -1.569677257878e-11       8.570666352182e-19       2.462868449416e-13       2.462868435485e-13       2.231856812151e-85       4.117803790749e-13       1.136271311997e-16       9.287424315155e-14       7.071769121505e-21       2.562782091599e-17 
  195       7.448491892155e-10       9.214601073323e-14      -2.912486861739e-12       0.000000000000e+00       8.059480625818e-13       8.059480625417e-13       1.132487510874e-21      -1.522794443746e-11      -1.522794527255e-11       8.350923530868e-19       2.380292342632e-13       2.380292342149e-13      -7.259695766521e-86       4.143201452384e-13       1.143279570713e-16       9.214600365466e-14       7.016318423739e-21       2.542686970738e-17 
  196       7.468991566063e-10       9.150376280107e-14      -2.757354621714e-12       0.000000000000e+00       7.696035784951e-13       7.696035794313e-13       1.089391143924e-21      -1.476028791067e-11      -1.476028874662e-11       8.359541231691e-19       2.300351876235e-13       2.300351880044e-13       1.855143445330e-86       4.171145846628e-13       1.150990577629e-16       9.150375577183e-14       6.967415427688e-21       2.524964711944e-17 
  197       7.488695042060e-10       9.095241488853e-14      -2.599065645672e-12       0.000000000000e+00       7.346287708699e-13       7.346287701832e-13       1.103270407131e-21      -1.429398847555e-11      -1.429398939883e-11       9.232789123649e-19       2.223078381070e-13       2.223078374131e-13      -3.614304557112e-87       4.201747511753e-13       1.159434834798e-16       9.095240790164e-14       6.925433875954e-21       2.509750758107e-17 
  198       7.507647576880e-10       9.049686867556e-14      -2.437605803253e-12       0.000000000000e+00       7.009938759576e-13       7.009938727688e-13       1.162552942554e-21      -1.382914204043e-11      -1.382914318452e-11       1.144091417526e-18       2.148501207891e-13       2.148501186004e-13       4.936372576592e-88       4.235096980411e-13       1.168637323900e-16       9.049686172367e-14       6.890746999534e-21       2.497180366713e-17 
  199       7.525857191163e-10       9.014198125154e-14      -2.273063806556e-12       0.000000000000e+00       6.686692523849e-13       6.686692481398e-13       1.239578628442e-21      -1.336596145851e-11      -1.336596293687e-11       1.478360421694e-18       2.076646390968e-13       2.076646364827e-13       1.644414572917e-89       4.271299313100e-13       1.178627035443e-16       9.014197432691e-14       6.863724634142e-21       2.487387564811e-17 
  200       7.543254515308e-10       8.989264100159e-14      -2.105530395419e-12       0.000000000000e+00       6.376254514457e-13       6.376254479398e-13       1.298982810364e-21      -1.290467667773e-11      -1.290467851651e-11       1.838775907026e-18       2.007537644234e-13       2.007537627957e-13      -3.924689312330e-89       4.310457730928e-13       1.189432452375e-16       8.989263409612e-14       6.844738998458e-21       2.480507243029e-17 
  201       7.559848646372e-10       8.975375551482e-14      -1.934999193234e-12       0.000000000000e+00       6.078332356391e-13       6.078332334519e-13       1.312544068164e-21      -1.244537973905e-11      -1.244538184714e-11       2.108099072469e-18       1.941196586402e-13       1.941196584997e-13       1.349810488702e-89       4.352665067907e-13       1.201079191414e-16       8.975374862002e-14       6.834163773422e-21       2.476674821909e-17 
  202       7.575690630743e-10       8.973023131529e-14      -1.761507203540e-12       0.000000000000e+00       5.792635857825e-13       5.792635846315e-13       1.278215449409e-21      -1.198819946592e-11      -1.198820168166e-11       2.215741573397e-18       1.877642607853e-13       1.877642617026e-13      -4.690445267232e-90       4.398022974010e-13       1.213595301966e-16       8.973022442229e-14       6.832372558878e-21       2.476025692607e-17 
  203       7.590735960388e-10       8.982694491258e-14      -1.585173687887e-12       0.000000000000e+00       5.518877491624e-13       5.518877487447e-13       1.219577500431e-21      -1.153337489631e-11      -1.153337706851e-11       2.172202141532e-18       1.816893188399e-13       1.816893201302e-13       1.304534473539e-90       4.446624411273e-13       1.227006436078e-16       8.982693801216e-14       6.839736669263e-21       2.478694418054e-17 
  204       7.604941709503e-10       9.004884865991e-14      -1.406055947815e-12       0.000000000000e+00       5.256772484678e-13       5.256772484557e-13       1.162997654737e-21      -1.108106248919e-11      -1.108106453346e-11       2.044272118024e-18       1.758964487139e-13       1.758964497736e-13      -1.930910121211e-91       4.498573432243e-13       1.241341306123e-16       9.004884174244e-14       6.856633194010e-21       2.484817654021e-17 
  205       7.618357102894e-10       9.040099826900e-14      -1.224155963345e-12       0.000000000000e+00       5.006038879981e-13       5.006038878840e-13       1.120552378988e-21      -1.063134186430e-11      -1.063134380160e-11       1.937294727492e-18       1.703871344745e-13       1.703871350887e-13       4.867436093883e-92       4.553962416287e-13       1.256625403368e-16       9.040099132447e-14       6.883447092631e-21       2.494534908361e-17 
  206       7.630996762458e-10       9.088834436173e-14      -1.039561921155e-12       0.000000000000e+00       4.766397449712e-13       4.766397445033e-13       1.094323379474e-21      -1.018438742640e-11      -1.018438936356e-11       1.937168874191e-18       1.651625869177e-13       1.651625875864e-13      -8.873168360794e-93       4.612897102097e-13       1.272887905461e-16       9.088833737977e-14       6.920555322732e-21       2.507982789071e-17 
  207       7.642802143588e-10       9.151572233393e-14      -8.523838873871e-13       0.000000000000e+00       4.537571262141e-13       4.537571257732e-13       1.084957146272e-21      -9.740406584724e-12      -9.740408604016e-12       2.019291766083e-18       1.602237422737e-13       1.602237437355e-13       1.063796468432e-93       4.675471185070e-13       1.290154666815e-16       9.151571530378e-14       6.968326068204e-21       2.525294724585e-17 
  208       7.653760582271e-10       9.228816822874e-14      -6.626563465266e-13       0.000000000000e+00       4.319286050455e-13       4.319286052693e-13       1.088646460031e-21      -9.299503857165e-12      -9.299505935924e-12       2.078759360762e-18       1.555714620636e-13       1.555714643922e-13      -1.458382845871e-94       4.741778267711e-13       1.308451516207e-16       9.228816113924e-14       7.027142790924e-21       2.546609680020e-17 
  209       7.663920359895e-10       9.321074032958e-14      -4.704091959098e-13       0.000000000000e+00       4.111270711235e-13       4.111270720040e-13       1.092852095320e-21      -8.861769824573e-12      -8.861771877778e-12       2.053205431138e-18       1.512064402919e-13       1.512064426404e-13       1.047541558036e-95       4.811923977611e-13       1.327807600632e-16       9.321073316922e-14       7.097390646223e-21       2.572067234197e-17 
  210       7.673266802484e-10       9.428819409073e-14      -2.757451291397e-13       0.000000000000e+00       3.913256701264e-13       3.913256705102e-13       1.083493433910e-21      -8.427380845661e-12      -8.427382813520e-12       1.967858425972e-18       1.471289831422e-13       1.471289842189e-13      -6.149093343008e-96       4.885990128539e-13       1.348245495871e-16       9.428818684759e-14       7.179431730964e-21       2.601798609633e-17 
  211       7.681750022221e-10       9.552539178711e-14      -7.876344854652e-14       0.000000000000e+00       3.724978005375e-13       3.724977990265e-13       1.054519796268e-21      -7.996500481522e-12      -7.996502381124e-12       1.899602173069e-18       1.433392324017e-13       1.433392314541e-13       3.287446386328e-96       4.964074861177e-13       1.369792282972e-16       9.552538444893e-14       7.273636275706e-21       2.635937976468e-17 
  212       7.689384555496e-10       9.692744073101e-14       1.205086402948e-13       0.000000000000e+00       3.546172080212e-13       3.546172047265e-13       1.006381631437e-21      -7.569211243391e-12      -7.569213158517e-12       1.915125921269e-18       1.398373424941e-13       1.398373402579e-13      -2.224007747061e-96       5.046271604057e-13       1.392473742706e-16       9.692743328513e-14       7.380393169008e-21       2.674626266429e-17 
  213       7.696212385735e-10       9.849917639714e-14       3.220119068212e-13       0.000000000000e+00       3.376579629459e-13       3.376579598389e-13       9.393734005943e-22      -7.145614927094e-12      -7.145616926911e-12       1.999816490294e-18       1.366231775613e-13       1.366231758642e-13       8.153987574641e-97       5.132678905190e-13       1.416317068521e-16       9.849916883052e-14       7.500070600768e-21       2.717996910127e-17 
  214       7.702213195613e-10       1.002451875698e-13       5.256277496414e-13       0.000000000000e+00       3.215943959079e-13       3.215943948858e-13       8.551007353178e-22      -6.725879760809e-12      -6.725881827607e-12       2.066797920576e-18       1.336962598805e-13       1.336962598770e-13      -2.048672534261e-97       5.223378985378e-13       1.441344948515e-16       1.002451798691e-13       7.633017977020e-21       2.766176530973e-17 
  215       7.707354200129e-10       1.021703843956e-13       7.312650705967e-13       0.000000000000e+00       3.064011719265e-13       3.064011727479e-13       7.627660364142e-22      -6.310145471324e-12      -6.310147529238e-12       2.057913301287e-18       1.310561082205e-13       1.310561092036e-13       3.354286515564e-98       5.318464223005e-13       1.467582873681e-16       1.021703765470e-13       7.779609173431e-21       2.819300620079e-17 
  216       7.711642661749e-10       1.042797868859e-13       9.388831428065e-13       0.000000000000e+00       2.920533256478e-13       2.920533261990e-13       6.770800826015e-22      -5.898487560794e-12      -5.898489558427e-12       1.997632552377e-18       1.287021616798e-13       1.287021617793e-13      -3.719485614884e-99       5.418032507755e-13       1.495057855806e-16       1.042797788752e-13       7.940226431175e-21       2.877507700185e-17 
  217       7.715110765490e-10       1.065780229042e-13       1.148423420046e-12       0.000000000000e+00       2.785261524401e-13       2.785261510977e-13       6.080870196046e-22      -5.490997122664e-12      -5.490999080651e-12       1.957986467401e-18       1.266334508546e-13       1.266334489821e-13      -1.085706685753e-99       5.522162100293e-13       1.523791490225e-16       1.065780147170e-13       8.115222131901e-21       2.940925473053e-17 
  218       7.717744217402e-10       1.090696130677e-13       1.359772707109e-12       0.000000000000e+00       2.657951978080e-13       2.657951952298e-13       5.560780010279e-22      -5.087812033914e-12      -5.087814029360e-12       1.995446095097e-18       1.248487475064e-13       1.248487446763e-13      8.913759354284e-100       5.630939356235e-13       1.553807606000e-16       1.090696046891e-13       8.304940491158e-21       3.009678681084e-17 
  219       7.719513377040e-10       1.117592990394e-13       1.572835729943e-12       0.000000000000e+00       2.538363946694e-13       2.538363928900e-13       5.163441816530e-22      -4.689057753876e-12      -4.689059844162e-12       2.090285860797e-18       1.233468579296e-13       1.233468563055e-13     -3.229253239062e-100       5.744443501504e-13       1.585128064822e-16       1.117592904541e-13       8.509742555697e-21       3.083898166237e-17 
  220       7.720424423223e-10       1.146517897152e-13       1.787543904732e-12       0.000000000000e+00       2.426260934070e-13       2.426260934641e-13       4.846521108676e-22      -4.294813303118e-12      -4.294815460381e-12       2.157262681353e-18       1.221264781598e-13       1.221264787823e-13      1.173922024433e-100       5.862768913357e-13       1.617778909253e-16       1.146517809077e-13       8.729986877262e-21       3.163713866296e-17 
  221       7.720501350261e-10       1.177515153114e-13       2.003832820419e-12       0.000000000000e+00       2.321409499509e-13       2.321409511008e-13       4.569925649570e-22      -3.905150200112e-12      -3.905152342542e-12       2.142429146406e-18       1.211859777475e-13       1.211859797972e-13     -3.126839515835e-101       5.985995833333e-13       1.651782281232e-16       1.177515062658e-13       8.966010787969e-21       3.249248029127e-17 
  222       7.719740816655e-10       1.210629126757e-13       2.221606585556e-12       0.000000000000e+00       2.223578962129e-13       2.223578971618e-13       4.285257474805e-22      -3.520177035132e-12      -3.520179095144e-12       2.060011763037e-18       1.205235465083e-13       1.205235484570e-13      8.336085187754e-102       6.114199391811e-13       1.687158912319e-16       1.210629033758e-13       9.218152124864e-21       3.340623085587e-17 
  223       7.718126987493e-10       1.245906078554e-13       2.440747204072e-12       0.000000000000e+00       2.132542248815e-13       2.132542248045e-13       3.966123232134e-22      -3.140014537563e-12      -3.140016481795e-12       1.944232668724e-18       1.201373595642e-13       1.201373601553e-13     -1.744957509282e-102       6.247463206793e-13       1.723931876157e-16       1.245905982845e-13       9.486763131303e-21       3.437966687320e-17 
  224       7.715652062954e-10       1.283390430233e-13       2.661183963736e-12       0.000000000000e+00       2.048076013036e-13       2.048075999370e-13       3.635535907257e-22      -2.764737348695e-12      -2.764739197962e-12       1.849267477342e-18       1.200253861325e-13       1.200253849045e-13      3.690238394432e-103       6.385865873488e-13       1.762122860396e-16       1.283390331644e-13       9.772182049818e-21       3.541401412125e-17 
  225       7.712339314801e-10       1.323122291667e-13       2.882858574547e-12       0.000000000000e+00       1.969959914907e-13       1.969959893090e-13       3.336344383378e-22      -2.394393182291e-12      -2.394395027192e-12       1.844901156999e-18       1.201852141782e-13       1.201852121239e-13     -6.108341454978e-104       6.529469906510e-13       1.801749115386e-16       1.323122190026e-13       1.007471429096e-20       3.651037939619e-17 
  226       7.708198665676e-10       1.365142616498e-13       3.105659880733e-12       0.000000000000e+00       1.897976841093e-13       1.897976823332e-13       3.079462461915e-22      -2.029074771644e-12      -2.029076691337e-12       1.919693102065e-18       1.206143232458e-13       1.206143223533e-13      4.117133700223e-105       6.678353343533e-13       1.842832174928e-16       1.365142511629e-13       1.039467169002e-20       3.766989277722e-17 
  227       7.703209410240e-10       1.409496546222e-13       3.329470909564e-12       0.000000000000e+00       1.831913761432e-13       1.831913758016e-13       2.839854514426e-22      -1.668895637314e-12      -1.668897595062e-12       1.957747509894e-18       1.213103287716e-13       1.213103301291e-13      1.324459407744e-105       6.832583973290e-13       1.885390744722e-16       1.409496437946e-13       1.073239797009e-20       3.889379990366e-17 
  228       7.697358022200e-10       1.456227160590e-13       3.554223641158e-12       0.000000000000e+00       1.771561279735e-13       1.771561289634e-13       2.596968226729e-22      -1.313912334606e-12      -1.313914204133e-12       1.869526731722e-18       1.222706385948e-13       1.222706413825e-13     -6.698724366131e-106       6.992253246523e-13       1.929450059784e-16       1.456227048724e-13       1.108822115542e-20       4.018328952284e-17 
  229       7.690675232223e-10       1.505369954659e-13       3.779859224237e-12       0.000000000000e+00       1.716712711785e-13       1.716712724805e-13       2.356530539080e-22      -9.641590593841e-13      -9.641607326999e-13       1.673315775184e-18       1.234921472519e-13       1.234921496876e-13      2.267559148689e-106       7.157410511123e-13       1.975023737227e-16       1.505369839018e-13       1.146241151773e-20       4.153934108915e-17 
  230       7.683172237687e-10       1.556960890467e-13       4.006250876959e-12       0.000000000000e+00       1.667164856206e-13       1.667164861788e-13       2.131110995190e-22      -6.197231492474e-13      -6.197245978176e-13       1.448570212053e-18       1.249716558492e-13       1.249716566041e-13     -5.621322522263e-107       7.328104465076e-13       2.022125214826e-16       1.556960770863e-13       1.185524288453e-20       4.296294694299e-17 
  231       7.674826037505e-10       1.611042509162e-13       4.233276288080e-12       0.000000000000e+00       1.622719079801e-13       1.622719073641e-13       1.920322840514e-22      -2.806993429685e-13      -2.807006253465e-13       1.282377991947e-18       1.267062464285e-13       1.267062454373e-13      2.032736206480e-107       7.504414153462e-13       2.070776304368e-16       1.611042385404e-13       1.226703917893e-20       4.445528096937e-17 
  232       7.665632284100e-10       1.667655303540e-13       4.460877472788e-12       0.000000000000e+00       1.583180400413e-13       1.583180387480e-13       1.720068712093e-22       5.287457244752e-14       5.287334774335e-14       1.224704170162e-18       1.286928430527e-13       1.286928416109e-13     -3.513179874507e-108       7.686408496876e-13       2.120996023878e-16       1.667655175432e-13       1.269810872719e-20       4.601746053086e-17 
  233       7.655624685369e-10       1.726831418005e-13       4.688969450166e-12       0.000000000000e+00       1.548356327964e-13       1.548356320860e-13       1.537272673680e-22       3.809665885190e-13       3.809653534615e-13       1.235057498542e-18       1.309278119777e-13       1.309278119122e-13      4.610244058153e-109       7.874140056612e-13       2.172798877177e-16       1.726831285352e-13       1.314869628802e-20       4.765037262367e-17 
  234       7.644803921358e-10       1.788602331862e-13       4.917428385369e-12       0.000000000000e+00       1.518057751488e-13       1.518057761972e-13       1.382115270680e-22       7.035013948941e-13       7.035001913104e-13       1.203583607536e-18       1.334073680942e-13       1.334073703378e-13     -3.342914193294e-110       8.067634394109e-13       2.226191917716e-16       1.788602194463e-13       1.361904155582e-20       4.935488589109e-17 
  235       7.633151643190e-10       1.853005476169e-13       5.146139538535e-12       0.000000000000e+00       1.492100008280e-13       1.492100035995e-13       1.252032212236e-22       1.020411871867e-12       1.020410832944e-12       1.038922661737e-18       1.361279567814e-13       1.361279603430e-13     -5.754760682596e-110       8.266969937211e-13       2.281196786961e-16       1.853005333822e-13       1.410942954370e-20       5.113203320978e-17 
  236       7.620674099115e-10       1.920077296556e-13       5.375039323732e-12       0.000000000000e+00       1.470302129474e-13       1.470302158188e-13       1.135502451683e-22       1.331671720119e-12       1.331670993354e-12       7.267644819344e-19       1.390859337058e-13       1.390859358107e-13      1.277804292962e-110       8.472209013807e-13       2.337830683739e-16       1.920077149058e-13       1.462013776140e-20       5.298282026444e-17 
  237       7.607396553374e-10       1.989848366875e-13       5.604045406428e-12       0.000000000000e+00       1.452486002655e-13       1.452486010553e-13       1.029734409642e-22       1.637251897366e-12       1.637251544753e-12       3.526126874700e-19       1.422772663293e-13       1.422772641006e-13     -6.556897973390e-111       8.683386493183e-13       2.396103229918e-16       1.989848214016e-13       1.515139900887e-20       5.490809071317e-17 
  238       7.593314706302e-10       2.062347952926e-13       5.833040761517e-12       0.000000000000e+00       1.438476966144e-13       1.438476942490e-13       9.438585004289e-23       1.937098646592e-12       1.937098567754e-12       7.883863255721e-20       1.456977704820e-13       1.456977632720e-13      1.418368534161e-111       8.900541666208e-13       2.456025267465e-16       2.062347794498e-13       1.570343612614e-20       5.690865211967e-17 
  239       7.578421843895e-10       2.137606395918e-13       6.061917388933e-12       0.000000000000e+00       1.428104316995e-13       1.428104268886e-13       8.829502872759e-23       2.231163546039e-12       2.231163510900e-12       3.513875764742e-20       1.493432938888e-13       1.493432840053e-13     -6.380692718162e-112       9.123718089002e-13       2.517608815303e-16       2.137606231709e-13       1.627648014172e-20       5.898534172253e-17 
  240       7.562723638886e-10       2.215651814416e-13       6.290581827996e-12       0.000000000000e+00       1.421200820357e-13       1.421200765781e-13       8.375488753511e-23       2.519418884201e-12       2.519418656050e-12       2.281514229970e-19       1.532095490870e-13       1.532095403151e-13      2.037044562672e-112       9.352953881752e-13       2.580864392359e-16       2.215651644212e-13       1.687074516019e-20       6.113893542845e-17 
  241       7.546232583702e-10       2.296510352067e-13       6.518941383459e-12       0.000000000000e+00       1.417602579808e-13       1.417602538943e-13       7.935105485658e-23       2.801844288998e-12       2.801843714298e-12       5.747000614233e-19       1.572920833903e-13       1.572920793150e-13     -2.922800440338e-113       9.588292762652e-13       2.645804062278e-16       2.296510175651e-13       1.748643024836e-20       6.337015464805e-17 
  242       7.528962515202e-10       2.380209191928e-13       6.746899675532e-12       0.000000000000e+00       1.417149596557e-13       1.417149586436e-13       7.470149348228e-23       3.078412947702e-12       3.078411997979e-12       9.497227578714e-19       1.615864605233e-13       1.615864634923e-13      6.876089368359e-114       9.829753302123e-13       2.712432949404e-16       2.380209009083e-13       1.812374238753e-20       6.567974947356e-17 
  243       7.510916294937e-10       2.466774922115e-13       6.974343311384e-12       0.000000000000e+00       1.419685610825e-13       1.419685637390e-13       7.051243661344e-23       3.349088168112e-12       3.349086979502e-12       1.188609620118e-18       1.660881833043e-13       1.660881931170e-13     -1.341244500640e-114       1.007738867084e-12       2.780765725711e-16       2.466774732620e-13       1.878288402887e-20       6.806845358031e-17 
  244       7.492091170501e-10       2.556228520564e-13       7.201163721625e-12       0.000000000000e+00       1.425057292741e-13       1.425057344674e-13       6.751641543202e-23       3.613839801087e-12       3.613838636213e-12       1.164874190762e-18       1.707924562492e-13       1.707924695877e-13      2.049264637793e-115       1.033121615040e-12       2.850807159902e-16       2.556228324197e-13       1.946401490570e-20       7.053684583572e-17 
  245       7.472498114075e-10       2.648589048060e-13       7.427273758088e-12       0.000000000000e+00       1.433114430502e-13       1.433114486606e-13       6.590432935613e-23       3.872662269233e-12       3.872661370855e-12       8.983782354591e-19       1.756943278721e-13       1.756943401831e-13      5.227145847505e-116       1.059124537007e-12       2.922559909086e-16       2.648588844598e-13       2.016728015347e-20       7.308545220520e-17 
  246       7.452151475944e-10       2.743879829292e-13       7.652592103420e-12       0.000000000000e+00       1.443710931210e-13       1.443710974564e-13       6.561188427879e-23       4.125556630176e-12       4.125556122838e-12       5.073383941913e-19       1.807890186208e-13       1.807890265966e-13     -1.582766033035e-116       1.085750475041e-12       2.996031815668e-16       2.743879618510e-13       2.089285737450e-20       7.571491631266e-17 
  247       7.431057433474e-10       2.842124451285e-13       7.877008907890e-12       0.000000000000e+00       1.456704673661e-13       1.456704695387e-13       6.646639298651e-23       4.372498456444e-12       4.372498367538e-12       8.890589875250e-20       1.860717789559e-13       1.860717809359e-13      9.039614406504e-117       1.113002569593e-12       3.071231545438e-16       2.842124232956e-13       2.164092616862e-20       7.842588902107e-17 
  248       7.409205818720e-10       2.943338884547e-13       8.100394992168e-12       0.000000000000e+00       1.471956290369e-13       1.471956285681e-13       6.779195536065e-23       4.613452887180e-12       4.613453158558e-12      -2.713771436489e-19       1.915374922285e-13       1.915374877388e-13     -3.142738081983e-117       1.140882008702e-12       3.148162376686e-16       2.943338658442e-13       2.241160814085e-20       8.121881102234e-17 
  249       7.386599527624e-10       3.047534856254e-13       8.322654585554e-12       0.000000000000e+00       1.489329123667e-13       1.489329093955e-13       6.830899458663e-23       4.848417805577e-12       4.848418267166e-12      -4.615893396104e-19       1.971807882833e-13       1.971807786201e-13      7.983140769824e-118       1.169389332387e-12       3.226825799548e-16       3.047534622145e-13       2.320499258598e-20       8.409400591743e-17 
  250       7.363265243696e-10       3.154728291529e-13       8.543728147903e-12       0.000000000000e+00       1.508690517796e-13       1.508690474434e-13       6.693140229485e-23       5.077421198895e-12       5.077421627433e-12      -4.285382233996e-19       2.029964898380e-13       2.029964781535e-13     -2.088466006126e-118       1.198524151917e-12       3.307220741351e-16       3.154728049185e-13       2.402120076346e-20       8.705191314589e-17 
