# dimensionless total [l(l+1)/2pi] C_l's
# for l=2 to 250, i.e. number of multipoles equal to 249
#
# -> if you prefer output in CAMB/HealPix/LensPix units/order, set 'format' to 'camb' in input file
# -> if you don't want to see such a header, set 'headers' to 'no' in input file
#
# 1:l     2:TT                     3:EE                     4:TE                     5:BB                     6:aa                     7:aa_reco                8:aa_reio                9:aT                    10:aT_reco               11:aT_reio               12:aE                    13:aE_reco               14:aE_reio               15:TE_rot                16:TB_rot                17:EE_rot                18:BB_rot                19:EB_rot             
    2       1.381341229316e-10       4.175861407488e-15       3.515813103321e-13       0.000000000000e+00       3.325123017074e-14       2.008586444309e-22       3.324735176364e-14       3.671521365907e-13       9.932334529367e-17       3.670528132454e-13       1.070833403012e-14       4.588619480461e-21       1.067191727616e-14       3.568479796514e-15      -6.956237867922e-15       8.601061456377e-16       3.278446702045e-15      -1.679211764749e-15 
    3       1.306185903353e-10       5.350815458994e-15       3.951577522489e-13       0.000000000000e+00       2.330920825198e-14       1.837626811296e-22       2.330646612790e-14       2.089477413693e-13       8.968074328372e-17       2.088580606260e-13       9.409265391652e-15       8.909336657362e-21       9.360962465485e-15       4.277928153749e-15      -8.326005598531e-15       1.094459123449e-15       4.170992636681e-15      -2.136495147876e-15 
    4       1.235481183771e-10       4.626470972809e-15       3.695299666554e-13       0.000000000000e+00       1.637051096515e-14       1.674499795887e-22       1.636854741807e-14       1.061810667179e-13       7.702100026984e-17       1.061040457176e-13       6.464982852545e-15       1.336867197621e-20       6.414801264001e-15       3.459263824082e-15      -6.709158777697e-15       9.348486659206e-16       3.560671973106e-15      -1.824217939214e-15 
    5       1.182673971159e-10       3.084818367675e-15       3.146960569146e-13       0.000000000000e+00       1.152735299982e-14       1.520248917720e-22       1.152593189161e-14       4.913831141371e-14       6.496501294427e-17       4.907334640076e-14       3.539369284328e-15       1.769004833079e-20       3.492975878788e-15       2.174092572972e-15      -4.179543937753e-15       6.085881458629e-16       2.313321982509e-15      -1.185962449838e-15 
    6       1.146375581201e-10       1.723978466976e-15       2.534546199452e-13       0.000000000000e+00       8.147124120152e-15       1.375834707734e-22       8.146086596135e-15       1.988386887866e-14       5.444700328331e-17       1.982942187537e-14       1.365548845244e-15       2.170835021977e-20       1.325539720550e-15       1.209469148621e-15      -2.273434954180e-15       3.243062841842e-16       1.223436004936e-15      -6.287897888954e-16 
    7       1.122964020108e-10       9.313323232534e-16       1.990029059874e-13       0.000000000000e+00       5.786124592834e-15       1.241757191250e-22       5.785361769943e-15       5.726634556630e-15       4.556540684003e-17       5.681069149790e-15       8.567353862541e-17       2.534899296272e-20       5.273384898254e-17       7.526983739924e-16      -1.354879042744e-15       1.625023985079e-16       5.969805262790e-16      -3.095623870618e-16 
    8       1.109225010681e-10       6.010318130164e-16       1.571284125191e-13       0.000000000000e+00       4.133948748094e-15       1.118121844072e-22       4.133384719320e-15      -7.096211686670e-16       3.816577007990e-17      -7.477869387469e-16      -4.594276320446e-16       2.859781886669e-20      -4.856556231778e-16       6.250098441638e-16      -1.072378050074e-15       1.005246845003e-16       3.466186752595e-16      -1.837147937279e-16 
    9       1.102693585586e-10       4.824193381332e-16       1.291242849489e-13       0.000000000000e+00       2.974315453390e-15       1.004757435066e-22       2.973896506895e-15      -3.359121520857e-15       3.203034283721e-17      -3.391151863694e-15      -5.283960153775e-16       3.147610396147e-20      -5.487534396609e-16       6.064472948391e-16      -9.936630977739e-16       8.541390918125e-17       2.693928723949e-16      -1.474775989983e-16 
   10       1.101547260566e-10       4.107729465791e-16       1.136220486762e-13       0.000000000000e+00       2.157035943012e-15       9.013147609921e-23       2.156723590215e-15      -4.201449420681e-15       2.694654422421e-17      -4.228395964905e-15      -3.637733468408e-16       3.402512403525e-20      -3.792590666718e-16       5.955825244897e-16      -9.178139116580e-16       8.215797334960e-17       2.306782272934e-16      -1.320940596699e-16 
   11       1.104471669166e-10       3.446785872402e-16       1.079486425045e-13       0.000000000000e+00       1.578053492249e-15       8.073315171209e-23       1.577819867827e-15      -4.191851787000e-15       2.272979364908e-17      -4.214581580649e-15      -1.413557324797e-16       3.629698479640e-20      -1.529478365609e-16       5.943383384668e-16      -8.458297754267e-16       8.161468450019e-17       1.943896615445e-16      -1.192907435469e-16 
   12       1.110528200482e-10       2.997862206969e-16       1.090980769702e-13       0.000000000000e+00       1.165352146586e-15       7.222719475609e-23       1.165176910617e-15      -3.785000901639e-15       1.922739571800e-17      -3.804228297357e-15       3.888034744327e-17       3.834696524105e-20       3.031341629040e-17       6.301770994372e-16      -8.286949212758e-16       8.678695001907e-17       1.706647357524e-16      -1.144812582098e-16 
   13       1.119041758650e-10       2.871112999272e-16       1.143925299096e-13       0.000000000000e+00       8.690894288193e-16       6.455552080351e-23       8.689576394844e-16      -3.205645971553e-15       1.631496073162e-17      -3.221960932285e-15       1.396757132637e-16       4.022743634717e-20       1.334086190069e-16       7.090677632413e-16      -8.755818802797e-16       9.996950310469e-17       1.668724083323e-16      -1.216728489049e-16 
   14       1.129531431245e-10       2.986918452693e-16       1.217983536477e-13       0.000000000000e+00       6.547322424338e-16       5.765780715408e-23       6.546328695851e-16      -2.576579372482e-15       1.389086766388e-17      -2.590470240146e-15       1.650729660569e-16       4.198460900152e-20       1.605247970799e-16       8.184268514367e-16      -9.595057329748e-16       1.197099021135e-16       1.760382803616e-16      -1.375363295018e-16 
   15       1.141638342485e-10       3.227681841791e-16       1.300133979593e-13       0.000000000000e+00       4.983051785834e-16       5.147325422458e-23       4.982300494049e-16      -1.972292315821e-15       1.187121126370e-17      -1.984163527085e-15       1.393989638794e-16       4.365757015698e-20       1.361184222817e-16       9.483883537278e-16      -1.058885110506e-15       1.439072971379e-16       1.886666256575e-16      -1.574595148046e-16 
   16       1.155099808031e-10       3.568282592849e-16       1.383635643800e-13       0.000000000000e+00       3.831123651831e-16       4.594188933867e-23       3.830554068416e-16      -1.438705160207e-15       1.018591561232e-17      -1.448891075819e-15       9.115500023207e-17       4.527843921422e-20       8.879941174232e-17       1.101673555346e-15      -1.176802818508e-15       1.724729824927e-16       2.028887610631e-16      -1.807439714517e-16 
   17       1.169705582766e-10       4.063831996128e-16       1.466846306501e-13       0.000000000000e+00       2.974810030358e-16       4.100552298990e-23       2.974376930560e-16      -9.998878915138e-16       8.776010573321e-18      -1.008663902087e-15       4.325656588140e-17       4.687293371050e-20       4.157005454657e-17       1.288230361129e-15      -1.330403735640e-15       2.070141142352e-16       2.232625763355e-16      -2.099892788593e-16 
   18       1.185291521615e-10       4.767751791965e-16       1.551734802756e-13       0.000000000000e+00       2.332101766686e-16       3.660845329911e-23       2.331771409058e-16      -6.618525943014e-16       7.591825737290e-18      -6.694444200387e-16       9.080399180280e-18       4.846107466836e-20       7.874342598242e-18       1.514878376177e-15      -1.530777577546e-15       2.491146088689e-16       2.542254747707e-16      -2.477386962476e-16 
   19       1.201723990309e-10       5.687025910197e-16       1.640977982282e-13       0.000000000000e+00       1.845049006022e-16       3.269797623435e-23       1.844796174209e-16      -4.170196963409e-16       6.591752818051e-18      -4.236114491589e-16      -7.280391826460e-18       5.005802679747e-20      -8.143738007556e-18       1.781947068855e-15      -1.776439649789e-15       2.994158244262e-16       2.965938406767e-16      -2.946855882303e-16 
   20       1.218897410615e-10       6.800513710142e-16       1.735813504992e-13       0.000000000000e+00       1.472432518511e-16       2.922473465347e-23       1.472238335936e-16      -2.489981707038e-16       5.741320783569e-18      -2.547394914873e-16      -8.425055987465e-18       5.167491894521e-20      -9.045464589218e-18       2.087643612266e-15      -2.061805651414e-15       3.579643513736e-16       3.488949705215e-16      -3.503545775768e-16 
   21       1.236727723666e-10       8.093882090479e-16       1.835665032855e-13       0.000000000000e+00       1.184718385298e-16       2.614292938130e-23       1.184568696138e-16      -1.382300338950e-16       5.012365206600e-18      -1.432423991016e-16      -3.261174689051e-19       5.331959082462e-20      -7.754600947995e-19       2.432516430469e-15      -2.385755930200e-15       4.249034475199e-16       4.100092692086e-16      -4.144537438287e-16 
   22       1.255146661557e-10       9.569586190336e-16       1.938497478505e-13       0.000000000000e+00       9.605769848870e-17       2.341041292845e-23       9.604611525266e-17      -6.585186778031e-17       4.382205630307e-18      -7.023407341062e-17       1.059811159845e-17       5.499735235222e-20       1.026826386617e-17       2.819160952054e-15      -2.751199501688e-15       5.006845649690e-16       4.799789086880e-16      -4.872884127836e-16 
   23       1.274103636007e-10       1.123321642119e-15       2.041383406765e-13       0.000000000000e+00       7.844740104482e-17       2.098868555437e-23       7.843840249797e-17      -1.669913722723e-17       3.832785235083e-18      -2.053192246230e-17       1.942912667676e-17       5.671160182473e-20       1.918207669277e-17       3.249976491600e-15      -3.160589785649e-15       5.858186484144e-16       5.590677542018e-16      -5.692783184540e-16 
   24       1.293552213437e-10       1.308214347362e-15       2.140693831830e-13       0.000000000000e+00       6.449968988460e-17       1.884281274143e-23       6.449267133202e-17       1.944913801454e-17       3.349828507182e-18       1.609930950735e-17       2.358375983359e-17       5.846429879691e-20       2.339360849728e-17       3.724939448000e-15      -3.611992642832e-15       6.806724246083e-16       6.469901956352e-16      -6.605617149918e-16 
   25       1.313462092507e-10       1.511416324465e-15       2.232365247525e-13       0.000000000000e+00       5.336865917532e-17       1.694128224951e-23       5.336316285947e-17       4.845628167290e-17       2.922031769232e-18       4.553424990366e-17       2.273403662126e-17       6.025637817923e-20       2.258309540409e-17       4.244870116282e-15      -4.104976414007e-15       7.855744716180e-16       7.433162412244e-16      -7.612027307555e-16 
   26       1.333802777189e-10       1.733779854629e-15       2.314247775186e-13       0.000000000000e+00       4.442174502770e-17       1.525581721329e-23       4.441742337658e-17       7.237059450416e-17       2.540347766183e-18       6.983024673797e-17       1.815518930951e-17       6.208800599192e-20       1.803138050500e-17       4.812765614644e-15      -4.643088111876e-15       9.010289352544e-16       8.482959775769e-16      -8.716119910251e-16 
   27       1.354543691229e-10       1.977014036260e-15       2.385571663357e-13       0.000000000000e+00       3.718179000160e-17       1.376116017973e-23       3.717837825256e-17       9.141015640678e-17       2.197439596846e-18       8.921271680994e-17       1.185324964933e-17       6.395874060783e-20       1.174771539137e-17       5.430490162541e-15      -5.228378350967e-15       1.027766741719e-15       9.630572966278e-16      -9.926474671383e-16 
   28       1.375666921723e-10       2.243467365154e-15       2.445720011738e-13       0.000000000000e+00       3.128582603901e-17       1.243484016239e-23       3.128312182524e-17       1.048739587354e-16       1.887216858721e-18       1.029867418767e-16       5.774074439696e-18       6.586769619616e-20       5.680112779630e-18       6.101989291795e-15      -5.866399238845e-15       1.166605516900e-15       1.089070209219e-15      -1.125340394100e-15 
   29       1.397141095223e-10       2.535119741548e-15       2.495873354631e-13       0.000000000000e+00       2.645551472715e-17       1.125693311295e-23       2.645336281720e-17       1.122868252884e-16       1.604544099161e-18       1.106822811892e-16       1.277882283782e-18       6.781367696512e-20       1.190697354810e-18       6.830329471210e-15      -6.561167082756e-15       1.318264832535e-15       1.227458585419e-15      -1.270540047797e-15 
   30       1.418948188065e-10       2.852971611498e-15       2.537215256746e-13       0.000000000000e+00       2.247577088484e-17       1.020982371878e-23       2.247405177299e-17       1.140015046927e-16       1.345049434040e-18       1.126564552586e-16      -1.079843744567e-18       6.979527433330e-20      -1.163061054372e-18       7.615923491956e-15      -7.312144880595e-15       1.483306897669e-15       1.378778625890e-15      -1.428799511865e-15 
   31       1.441071172073e-10       3.197838840509e-15       2.570386825421e-13       0.000000000000e+00       1.917918537452e-17       9.277974696232e-24       1.917780671984e-17       1.110349434718e-16       1.104977367916e-18       1.099299661038e-16      -1.488354907336e-18       7.181087732000e-20      -1.569109460570e-18       8.461094672735e-15      -8.121759570658e-15       1.662221703530e-15       1.543331041659e-15      -1.600537665310e-15 
   32       1.463486381530e-10       3.570252039244e-15       2.595629690561e-13       0.000000000000e+00       1.643457284536e-17       8.447707763319e-24       1.643346303490e-17       1.050169745772e-16       8.811536840996e-19       1.041358208931e-16      -6.204732341914e-19       7.385861968631e-20      -6.997637924232e-19       9.365832831243e-15      -8.988835964641e-15       1.855507265041e-15       1.721481001323e-15      -1.786200676672e-15 
   33       1.486190183247e-10       3.971107204054e-15       2.610716980991e-13       0.000000000000e+00       1.413847053895e-17       7.706998925863e-24       1.413757382487e-17       9.749627226027e-17       6.709045944757e-19       9.682536766579e-17       6.937338782983e-19       7.593648838327e-20       6.148043572409e-19       1.033129252288e-14      -9.914322954963e-15       2.063661869468e-15       1.913647694537e-15      -1.986253428576e-15 
   34       1.509170894935e-10       4.402217163871e-15       2.614293514615e-13       0.000000000000e+00       1.220877837056e-17       7.045289912310e-24       1.220805119080e-17       8.993218117141e-17       4.720017304636e-19       8.946017944094e-17       1.737510887648e-18       7.804255334769e-20       1.657691102287e-18       1.136288465205e-14      -1.090621251433e-14       2.287152022199e-15       2.120164713781e-15      -2.201110953060e-15 
   35       1.532414802496e-10       4.864517552600e-15       2.607048344849e-13       0.000000000000e+00       1.057996592692e-17       6.453316216755e-24       1.057937412695e-17       8.333244365314e-17       2.826469848865e-19       8.304979666825e-17       2.076164102867e-18       8.017494246248e-20       1.994723739451e-18       1.246159499361e-14      -1.196521752269e-14       2.526415911068e-15       2.341285048810e-15      -2.431142377461e-15 
   36       1.555921522856e-10       5.357749716456e-15       2.587920794839e-13       0.000000000000e+00       9.199436448952e-18       5.922952128702e-24       9.198953148199e-18       7.793357061056e-17       1.013819018319e-19       7.783218870872e-17       1.615109976783e-18       8.233156510927e-20       1.531696709352e-18       1.362558268147e-14      -1.308715256767e-14       2.781889324147e-15       2.577315082656e-15      -2.676733606237e-15 
   37       1.579684678324e-10       5.881955324980e-15       2.554403341149e-13       0.000000000000e+00       8.024750629819e-18       5.447071718025e-24       8.024354593456e-18       7.366845701437e-17      -7.297143266247e-20       7.374142844703e-17       5.453653203791e-19       8.450999440527e-20       4.598547129343e-19       1.485400705130e-14      -1.426972570688e-14       3.054016878044e-15       2.828673563893e-15      -2.938314792674e-15 
   38       1.603702250730e-10       6.438741089666e-15       2.504120927806e-13       0.000000000000e+00       7.021486350419e-18       5.019425002030e-24       7.021160745974e-18       7.016790888265e-17      -2.413658261122e-19       7.040927470876e-17      -7.849246364252e-19       8.670767571708e-20      -8.724708919809e-19       1.614905615679e-14      -1.551616362817e-14       3.343241514285e-15       3.095815446528e-15      -3.216327435638e-15 
   39       1.627975804743e-10       7.030763135911e-15       2.437557681703e-13       0.000000000000e+00       6.161580620213e-18       4.634528323476e-24       6.161312050199e-18       6.690499199211e-17      -4.046050799821e-19       6.730959707209e-17      -2.008743222313e-18       8.892219545766e-20      -2.098457075427e-18       1.751763763757e-14      -1.683722238505e-14       3.649992444693e-15       3.379164035625e-15      -3.511193327366e-15 
   40       1.652488435160e-10       7.658068259290e-15       2.358519080709e-13       0.000000000000e+00       5.422046399813e-18       4.287567702164e-24       5.421824171550e-18       6.368488193284e-17      -5.633538634304e-19       6.424823579627e-17      -2.848172799251e-18       9.115138566821e-20      -2.940023470503e-18       1.895848851269e-14      -1.823003689456e-14       3.974669326539e-15       3.679092388228e-15      -3.823297975403e-15 
   41       1.677238594435e-10       8.318579754635e-15       2.266926506664e-13       0.000000000000e+00       4.783971564557e-18       3.974314164647e-24       4.783787115462e-18       6.023116543633e-17      -7.181722106936e-19       6.094933764702e-17      -3.175793165963e-18       9.339330818333e-20      -3.269553804963e-18       2.046292966911e-14      -1.967985184663e-14       4.317619710472e-15       3.995888787094e-15      -4.152964224629e-15 
   42       1.702234509768e-10       9.013700740187e-15       2.159028747324e-13       0.000000000000e+00       4.231729137852e-18       3.691049399018e-24       4.231575579515e-18       5.652342861710e-17      -8.695722681197e-19       5.739300088522e-17      -3.021163867906e-18       9.564622920276e-20      -3.116958462596e-18       2.203484858593e-14      -2.119262587528e-14       4.679147335164e-15       4.329774438385e-15      -4.500463674584e-15 
   43       1.727468150393e-10       9.746707184772e-15       2.036045512130e-13       0.000000000000e+00       3.752353067768e-18       3.434501066878e-24       3.752224845537e-18       5.287995917590e-17      -1.018010392252e-18       5.389796956815e-17      -2.527856940793e-18       9.790856733586e-20      -2.625816946237e-18       2.368286981181e-14      -2.278219451123e-14       5.059558594667e-15       4.681018177166e-15      -4.866085980567e-15 
   44       1.752930127306e-10       1.051705357136e-14       1.901321845716e-13       0.000000000000e+00       3.335043846031e-18       3.201786246820e-24       3.334936468597e-18       4.945796193218e-17      -1.163858423337e-18       5.062182035551e-17      -1.886867909693e-18       1.001787467101e-19      -1.986910269423e-18       2.540228594422e-14      -2.444068503918e-14       5.459185979129e-15       5.049993869109e-15      -5.250173654393e-15 
   45       1.778627551805e-10       1.132308113214e-14       1.752831958899e-13       0.000000000000e+00       2.970773638966e-18       2.990362256017e-24       2.970683459799e-18       4.647034253713e-17      -1.307433262482e-18       4.777777579961e-17      -1.276358595354e-18       1.024550245809e-19      -1.378561421751e-18       2.718721315008e-14      -2.615813524186e-14       5.878357092615e-15       5.437094901833e-15      -5.653072759381e-15 
   46       1.804567812869e-10       1.216651518054e-14       1.587008712446e-13       0.000000000000e+00       2.651968107032e-18       2.797983954456e-24       2.651892156395e-18       4.404690915123e-17      -1.449016257031e-18       4.549592540826e-17      -8.193612012460e-19       1.047354080354e-19      -9.238329331272e-19       2.904227032748e-14      -2.794183938575e-14       6.317352741698e-15       5.842637042556e-15      -6.075072571691e-15 
   47       1.830746732409e-10       1.304980465056e-14       1.403903952416e-13       0.000000000000e+00       2.372250386459e-18       2.622666404907e-24       2.372186242171e-18       4.222655533559e-17      -1.588822092809e-18       4.381537742839e-17      -5.611746811617e-19       1.070177073982e-19      -6.679185666602e-19       3.097210029207e-14      -2.979946091551e-14       6.776393052903e-15       6.266845416015e-15      -6.516392167476e-15 
   48       1.857167393460e-10       1.397281525695e-14       1.204772838038e-13       0.000000000000e+00       2.126235441760e-18       2.462652670230e-24       2.126181119524e-18       4.087514748836e-17      -1.727018099202e-18       4.260216558757e-17      -4.733117074667e-19       1.092996699195e-19      -5.823955540573e-19       3.297468828539e-14      -3.172777460231e-14       7.255640698768e-15       6.709866614134e-15      -6.977186657036e-15 
   49       1.883830345257e-10       1.493404149198e-14       9.893171153640e-14       0.000000000000e+00       1.909361531153e-18       2.316385464456e-24       1.909315401271e-18       3.982023486058e-17      -1.863728677230e-18       4.168396353781e-17      -4.821982808793e-19       1.115790981433e-19      -5.936404686395e-19       3.504599877677e-14      -3.372017874614e-14       7.755206932386e-15       7.171767327414e-15      -7.457550602974e-15 
   50       1.910739408154e-10       1.593308965440e-14       7.560755452663e-14       0.000000000000e+00       1.717751083260e-18       2.182482812760e-24       1.717711806060e-18       3.893334419714e-17      -1.999045251513e-18       4.093238944865e-17      -5.044788773156e-19       1.138539280730e-19      -6.182243725693e-19       3.718454379635e-14      -3.577441652718e-14       8.275166861223e-15       7.652561966027e-15      -7.957537339381e-15 
   51       1.937904155760e-10       1.697146223952e-14       5.039758449203e-14       0.000000000000e+00       1.548097902165e-18       2.059716764114e-24       1.548064369509e-18       3.798674163437e-17      -2.133052345497e-18       4.011979397987e-17      -4.732910787618e-19       1.161222489995e-19      -5.893191555835e-19       3.939315145723e-14      -3.789536719531e-14       8.815578671438e-15       8.152267147286e-15      -8.477190056026e-15 
   52       1.965319771443e-10       1.805059055983e-14       2.340189822480e-14       0.000000000000e+00       1.397574595400e-18       1.946994713127e-24       1.397545891103e-18       3.693994635065e-17      -2.265811369195e-18       3.920575771984e-17      -3.523750234321e-19       1.183822738121e-19      -4.706959358230e-19       4.167492520676e-14      -4.008828363351e-14       9.376489739189e-15       8.670922399230e-15      -9.016552840569e-15 
   53       1.992988423546e-10       1.916917859625e-14      -5.176158412406e-15       0.000000000000e+00       1.263755737572e-18       1.843343423459e-24       1.263731101306e-18       3.573786016925e-17      -2.397370566704e-18       3.813523073595e-17      -1.405397853852e-19       1.206323125508e-19      -2.611385390868e-19       4.402633610351e-14      -4.234771859449e-14       9.957927926931e-15       9.208561720646e-15      -9.575655311237e-15 
   54       2.020917008695e-10       2.032472571587e-14      -3.538582735007e-14       0.000000000000e+00       1.144556071439e-18       1.747894650499e-24       1.144534870090e-18       3.436302273204e-17      -2.527774396407e-18       3.689079712845e-17       1.328188579172e-19       1.228707387533e-19       9.994145961020e-21       4.644083634734e-14      -4.466350300616e-14       1.055989216670e-14       9.765183402497e-15      -1.015449619348e-14 
   55       2.049108165250e-10       2.151800829502e-14      -6.753254141580e-14       0.000000000000e+00       1.038179939032e-18       1.659873019543e-24       1.038161646268e-18       3.291573949689e-17      -2.657066723307e-18       3.557280622020e-17       4.208337761825e-19       1.250959772324e-19       2.958173505098e-19       4.892007610497e-14      -4.703875891260e-14       1.118235088662e-14       1.034075008822e-14      -1.075304232694e-14 
   56       2.077571161305e-10       2.275287558995e-14      -1.017304970726e-13       0.000000000000e+00       9.430773179600e-19       1.578585144421e-24       9.430614915014e-19       3.136970114219e-17      -2.785291488345e-18       3.415499263054e-17       6.764969325746e-19       1.273064934903e-19       5.492677284380e-19       5.147297920426e-14      -4.948829023249e-14       1.182524419654e-14       1.093520161132e-14      -1.137123447908e-14 
   57       2.106303532767e-10       2.403063046724e-14      -1.377213985170e-13       0.000000000000e+00       8.579066066237e-19       1.503410028439e-24       8.578928762155e-19       2.984395084005e-17      -2.912481564987e-18       3.275643240504e-17       8.671408024502e-19       1.295007726238e-19       7.375770698726e-19       5.410198952543e-14      -5.201651933050e-14       1.248848219409e-14       1.154845399973e-14      -1.200898591216e-14 
   58       2.135303345325e-10       2.534773738044e-14      -1.752801671286e-13       0.000000000000e+00       7.815042340246e-19       1.433791036454e-24       7.814922898882e-19       2.837837300032e-17      -3.038654462178e-18       3.141702746250e-17       9.806798731806e-19       1.316773306178e-19       8.488600659424e-19       5.679849916027e-14      -5.461022396561e-14       1.317194146678e-14       1.218038922306e-14      -1.266617661123e-14 
   59       2.164579046732e-10       2.670062730788e-14      -2.145666657311e-13       0.000000000000e+00       7.128583312563e-19       1.369228365957e-24       7.128479129042e-19       2.692369911235e-17      -3.163818493116e-18       3.008751760547e-17       1.024473921520e-18       1.338347081309e-19       8.905203514332e-19       5.955468615831e-14      -5.725752365085e-14       1.387546543000e-14       1.283085476884e-14      -1.334265335643e-14 
   60       2.194133792258e-10       2.809021342640e-14      -2.558942159940e-13       0.000000000000e+00       6.510858051676e-19       1.309272848430e-24       6.510766925407e-19       2.553836035884e-17      -3.287982840341e-18       2.882634319918e-17       1.018538741378e-18       1.359714757521e-19       8.824093707129e-19       6.237303666901e-14      -5.996310115186e-14       1.459886744157e-14       1.349967502544e-14      -1.403823563591e-14 
   61       2.223971448230e-10       2.951976764553e-14      -2.993112923897e-13       0.000000000000e+00       5.954141170115e-19       1.253520278594e-24       5.954061232961e-19       2.416913776827e-17      -3.411150904292e-18       2.758028867257e-17       9.864634015154e-19       1.380862342103e-19       8.482474913037e-19       6.526035781456e-14      -6.273863118032e-14       1.534193312957e-14       1.418666113241e-14      -1.475272052597e-14 
   62       2.254090857373e-10       3.099010388144e-14      -3.445838561474e-13       0.000000000000e+00       5.451668360062e-19       1.201606367469e-24       5.451598048468e-19       2.285851439625e-17      -3.533318826501e-18       2.639183322275e-17       9.483043259873e-19       1.401776046233e-19       8.080304558172e-19       6.821725809379e-14      -6.558600820477e-14       1.610441887346e-14       1.489160719148e-14      -1.548588041216e-14 
   63       2.284486584160e-10       3.249881048956e-14      -3.914982796012e-13       0.000000000000e+00       4.997505425710e-19       1.153202595150e-24       4.997443392338e-19       2.156645023083e-17      -3.654470452893e-18       2.522092068372e-17       9.155863343408e-19       1.422442385648e-19       7.732257312758e-19       7.123777013388e-14      -6.849666813530e-14       1.688604848980e-14       1.561427572106e-14      -1.623745586245e-14 
   64       2.315164413880e-10       3.404320580683e-14      -4.400230572150e-13       0.000000000000e+00       4.586427284692e-19       1.108012113222e-24       4.586372387009e-19       2.031230369054e-17      -3.774583053096e-18       2.408688674364e-17       8.900651615449e-19       1.442848080842e-19       7.456418173000e-19       7.431609713216e-14      -7.146235360837e-14       1.768650859502e-14       1.635438141058e-14      -1.700714706447e-14 
   65       2.346130223469e-10       3.562217473116e-14      -4.902071971211e-13       0.000000000000e+00       4.213822844733e-19       1.065766608852e-24       4.213774134656e-19       1.919325088476e-17      -3.893645454014e-18       2.308689633878e-17       8.660427532892e-19       1.462980226317e-19       7.197145068039e-19       7.744981711523e-14      -7.448023300138e-14       1.850544835758e-14       1.711158655188e-14      -1.779461209807e-14 
   66       2.377385599363e-10       3.723527703153e-14      -5.420547244469e-13       0.000000000000e+00       3.875626239339e-19       1.026223195857e-24       3.875582874143e-19       1.805096003190e-17      -4.011641949374e-18       2.206260198127e-17       8.351021998403e-19       1.482826220266e-19       6.868370734457e-19       8.063747778644e-14      -7.754911219588e-14       1.934248199218e-14       1.788550880790e-14      -1.859947120824e-14 
   67       2.408936234579e-10       3.888146514115e-14      -5.955354709167e-13       0.000000000000e+00       3.568256955548e-19       9.891615919728e-25       3.568218217812e-19       1.701024687450e-17      -4.128550109496e-18       2.113879698400e-17       7.902846677291e-19       1.502373631182e-19       6.398160014783e-19       8.387625631533e-14      -8.066571215589e-14       2.019719117287e-14       1.867573492697e-14      -1.942131306616e-14 
   68       2.440786256827e-10       4.055915848912e-14      -6.506531307581e-13       0.000000000000e+00       3.288560064813e-19       9.543821836564e-25       3.288525368583e-19       1.610640104162e-17      -4.244357514377e-18       2.035075855599e-17       7.281663814013e-19       1.521610531299e-19       5.758321480196e-19       8.716264224803e-14      -8.382567013766e-14       2.106913134595e-14       1.948183771016e-14      -2.025970465912e-14 
   69       2.472941641597e-10       4.226707284049e-14      -7.074581526686e-13       0.000000000000e+00       3.033749375444e-19       9.217035080469e-25       3.033718216994e-19       1.517370723756e-17      -4.359045352501e-18       1.953275259006e-17       6.510867171390e-19       1.540525188474e-19       4.971863908609e-19       9.049401167336e-14      -8.702607903676e-14       2.195783232871e-14       2.030338225030e-14      -2.111419381734e-14 
   70       2.505406402773e-10       4.400473656815e-14      -7.660148872072e-13       0.000000000000e+00       2.801355942050e-19       8.909605259518e-25       2.801327871241e-19       1.427814057122e-17      -4.472591885948e-18       1.875073245717e-17       5.656412789762e-19       1.559106078372e-19       4.100931173161e-19       9.386944873018e-14      -9.026676069349e-14       2.286279779879e-14       2.113992415659e-14      -2.198430827576e-14 
   71       2.538185997152e-10       4.577239311727e-14      -8.263617820118e-13       0.000000000000e+00       2.589182269997e-19       8.620032556992e-25       2.589156885042e-19       1.336550278140e-17      -4.584985282877e-18       1.795048806427e-17       4.796271647390e-19       1.577342255512e-19       3.224229929356e-19       9.728942829486e-14      -9.354975829022e-14       2.378350624379e-14       2.199100407594e-14      -2.286955440559e-14 
   72       2.571287611726e-10       4.757043214935e-14      -8.884820525177e-13       0.000000000000e+00       2.395263993807e-19       8.346947918905e-25       2.395240955409e-19       1.247799603903e-17      -4.696207879012e-18       1.717420391804e-17       4.005173929494e-19       1.595222893386e-19       2.414257752057e-19       1.007547171899e-13      -9.687760004201e-14       2.471940697055e-14       2.285613622493e-14      -2.376941070784e-14 
   73       2.604703815081e-10       4.939866383382e-14      -9.522951190080e-13       0.000000000000e+00       2.217841301749e-19       8.089103487855e-25       2.217820306095e-19       1.164111426033e-17      -4.806242410444e-18       1.644735667078e-17       3.333491068918e-19       1.612737450188e-19       1.721772592234e-19       1.042649815380e-13      -1.002511080094e-13       2.566991842721e-14       2.373480084750e-14      -2.468332414388e-14 
   74       2.638433802807e-10       5.125588544740e-14      -1.017684845650e-12       0.000000000000e+00       2.055338942222e-19       7.845361326551e-25       2.055319729814e-19       1.081572319855e-17      -4.915065231065e-18       1.573078842961e-17       2.803430943729e-19       1.629875961955e-19       1.170235502766e-19       1.078179642841e-13      -1.036681146227e-13       2.663442953292e-14       2.462644275935e-14      -2.561071049260e-14 
   75       2.672474562260e-10       5.314003315316e-14      -1.084544149455e-12       0.000000000000e+00       1.906348870636e-19       7.614679477681e-25       1.906331249594e-19       1.012070874631e-17      -5.022646168334e-18       1.514335491464e-17       2.411005593823e-19       1.646628551339e-19       7.587687490520e-20       1.114097669010e-13      -1.071239479075e-13       2.761229872215e-14       2.553047085405e-14      -2.655095356524e-14 
   76       2.706826632819e-10       5.504875130524e-14      -1.152801737671e-12       0.000000000000e+00       1.769610673064e-19       7.396105783770e-25       1.769594472993e-19       9.449304111596e-18      -5.128965884859e-18       1.457826999645e-17       2.136994822284e-19       1.662985648298e-19       4.699195396253e-20       1.150359872126e-13      -1.106131928620e-13       2.860285506290e-14       2.644626136322e-14      -2.750340704461e-14 
   77       2.741491638837e-10       5.697991674570e-14      -1.222422036568e-12       0.000000000000e+00       1.643992861228e-19       7.188768571220e-25       1.643977918319e-19       8.762443028618e-18      -5.233998473270e-18       1.399644150189e-17       1.960078297972e-19       1.678938187636e-19       2.783731524998e-20       1.186926466045e-13      -1.141311505507e-13       2.960540190382e-14       2.737316392364e-14      -2.846739891682e-14 
   78       2.776477126741e-10       5.893182934394e-14      -1.293390509109e-12       0.000000000000e+00       1.528479200582e-19       6.991868283269e-25       1.528465377046e-19       8.148937660512e-18      -5.337724516873e-18       1.348666217739e-17       1.853383284278e-19       1.694477269987e-19       1.579795853897e-20       1.223765247011e-13      -1.176743491378e-13       3.061921713697e-14       2.831050404379e-14      -2.944223248710e-14 
   79       2.811788529022e-10       6.090313795551e-14      -1.365699616141e-12       0.000000000000e+00       1.422157279343e-19       6.804671805307e-25       1.422144449151e-19       7.528869545918e-18      -5.440135835283e-18       1.296900538120e-17       1.794900710912e-19       1.709594315979e-19       8.604765442922e-21       1.260850490233e-13      -1.212403541636e-13       3.164355460406e-14       2.925758578218e-14      -3.042718820485e-14 
   80       2.847420843219e-10       6.289267570807e-14      -1.439333236258e-12       0.000000000000e+00       1.324206337464e-19       6.626505781276e-25       1.324194377757e-19       6.909445201680e-18      -5.541213860271e-18       1.245065906195e-17       1.769675927151e-19       1.724281134727e-19       4.509144526515e-21       1.298160240755e-13      -1.248273467691e-13       3.267764431842e-14       3.021369253479e-14      -3.142152407692e-14 
   81       2.883376183109e-10       6.489930518334e-14      -1.514261899361e-12       0.000000000000e+00       1.233886430286e-19       6.456752030153e-25       1.233875246972e-19       6.353869543311e-18      -5.640938127281e-18       1.199480767059e-17       1.762421779197e-19       1.738529863501e-19       2.281858895179e-21       1.335674009182e-13      -1.284337432342e-13       3.372069506909e-14       3.117808947838e-14      -3.242447818376e-14 
   82       2.919654768108e-10       6.692178494893e-14      -1.590446138079e-12       0.000000000000e+00       1.150530765880e-19       6.294841377130e-25       1.150520292283e-19       5.848359474950e-18      -5.739291524428e-18       1.158765099938e-17       1.762981829619e-19       1.752332937574e-19       1.122215530998e-21       1.373370182550e-13      -1.320577989175e-13       3.477189641620e-14       3.215002517337e-14      -3.343527051512e-14 
   83       2.956256782875e-10       6.895866841248e-14      -1.667835878506e-12       0.000000000000e+00       1.073539242073e-19       6.140249473069e-25       1.073529404258e-19       5.326163985165e-18      -5.836261307094e-18       1.116242529226e-17       1.768727688735e-19       1.765683003372e-19       5.421889673182e-22       1.411223987426e-13      -1.356973079791e-13       3.583041416775e-14       3.312872706061e-14      -3.445309851040e-14 
   84       2.993175711979e-10       7.100830217906e-14      -1.746371921292e-12       0.000000000000e+00       1.002370954049e-19       5.992494746506e-25       1.002361671372e-19       4.779707917716e-18      -5.931828385616e-18       1.071153630333e-17       1.780544066458e-19       1.778573257241e-19       2.617398857597e-22       1.449207373802e-13      -1.393495729797e-13       3.689539674816e-14       3.411340705978e-14      -3.547714308299e-14 
   85       3.030408837777e-10       7.306888924179e-14      -1.825993586155e-12       0.000000000000e+00       9.365362442533e-20       5.851132297130e-25       9.365274546344e-20       4.285571505821e-18      -6.025966955016e-18       1.031153846084e-17       1.794770099556e-19       1.790997175539e-19       1.290781568510e-22       1.487290201562e-13      -1.430115825037e-13       3.796597513586e-14       3.510326129356e-14      -3.650656848538e-14 
   86       3.067970124378e-10       7.513857257568e-14      -1.906650039568e-12       0.000000000000e+00       8.755899517978e-20       5.715750354620e-25       8.755816200404e-20       3.853173230110e-18      -6.118670403002e-18       9.971843633112e-18       1.806422148028e-19       1.802948194916e-19       6.638151457536e-23       1.525441016720e-13      -1.466801788543e-13       3.904125814842e-14       3.609746558305e-14      -3.754051772566e-14 
   87       3.105850660148e-10       7.721551817828e-14      -1.988291324790e-12       0.000000000000e+00       8.191266112967e-20       5.585970479457e-25       8.191187091542e-20       3.453553682337e-18      -6.209933486440e-18       9.663487168776e-18       1.815523149012e-19       1.814420476987e-19       3.587923632565e-23       1.563629910917e-13      -1.503523981199e-13       4.012034107917e-14       3.709518334487e-14      -3.857812084186e-14 
   88       3.144041941263e-10       7.929793087909e-14      -2.070860047985e-12       0.000000000000e+00       7.667770604750e-20       5.461443081686e-25       7.667695444828e-20       3.041713334509e-18      -6.299729939164e-18       9.341443273673e-18       1.824185876541e-19       1.825408603624e-19       2.015790879660e-23       1.601826940056e-13      -1.540253336966e-13       4.120230530253e-14       3.809556517654e-14      -3.961849450542e-14 
   89       3.182549758076e-10       8.138402833436e-14      -2.154301771990e-12       0.000000000000e+00       7.182053523012e-20       5.341842500478e-25       7.181981750900e-20       2.613071760538e-18      -6.388042194435e-18       9.001113954972e-18       1.834874286037e-19       1.835906968374e-19       1.149547821122e-23       1.640003386882e-13      -1.576962383053e-13       4.228621541070e-14       3.909774618285e-14      -4.066073925894e-14 
   90       3.221375043035e-10       8.347201606133e-14      -2.238564037286e-12       0.000000000000e+00       6.731055579778e-20       5.226868217347e-25       6.730986859992e-20       2.220690542586e-18      -6.474868765100e-18       8.695559307687e-18       1.845883819029e-19       1.845910513364e-19       6.488880655846e-24       1.678130137594e-13      -1.613623398358e-13       4.337112217491e-14       4.010084870071e-14      -4.170394235904e-14 
   91       3.260508979673e-10       8.556007392358e-14      -2.323590755921e-12       0.000000000000e+00       6.311989164818e-20       5.116243274673e-25       6.311923291370e-20       1.855249781836e-18      -6.560199947599e-18       8.415449729435e-18       1.854901525034e-19       1.855414700190e-19       3.555062044745e-24       1.716178046455e-13      -1.650208572754e-13       4.445606667051e-14       4.110398610707e-14      -4.274718174089e-14 
   92       3.299949768975e-10       8.764634665400e-14      -2.409319543615e-12       0.000000000000e+00       5.922317511926e-20       5.009709103619e-25       5.922254287385e-20       1.494937893988e-18      -6.644018006509e-18       8.138955900497e-18       1.863388556569e-19       1.864415053522e-19       1.865663035876e-24       1.754118123131e-13      -1.686690126014e-13       4.554007902136e-14       4.210626165516e-14      -4.378952480978e-14 
   93       3.339696018073e-10       8.972894783147e-14      -2.495687740067e-12       0.000000000000e+00       5.559735373893e-20       4.907025835663e-25       5.559674566237e-20       1.136852844210e-18      -6.726308573583e-18       7.863161417793e-18       1.871475953140e-19       1.872907376312e-19       9.298533347778e-25       1.791920300846e-13      -1.723039150299e-13       4.662217888587e-14       4.310676892266e-14      -4.483002890812e-14 
   94       3.379743617144e-10       9.180597819892e-14      -2.582633860489e-12       0.000000000000e+00       5.222143840146e-20       4.807971572745e-25       5.222085273351e-20       7.884471672089e-19      -6.807062973249e-18       7.595510140458e-18       1.879342428262e-19       1.880887810784e-19       4.374422821946e-25       1.829555859121e-13      -1.759227994989e-13       4.770138164074e-14       4.410459752879e-14      -4.586774726135e-14 
   95       3.420095446616e-10       9.387551785279e-14      -2.670095649961e-12       0.000000000000e+00       4.907625540524e-20       4.712339258595e-25       4.907569046616e-20       4.571413508661e-19      -6.886273927192e-18       7.343415278058e-18       1.887570122926e-19       1.888352864802e-19       1.931357903823e-25       1.866995453187e-13      -1.795228413766e-13       4.877669172747e-14       4.509882698214e-14      -4.690172258007e-14 
   96       3.460744681000e-10       9.593563402495e-14      -2.758011402086e-12       0.000000000000e+00       4.614426810865e-20       4.619937215949e-25       4.614372191505e-20       1.311540766542e-19      -6.963934369967e-18       7.095088446621e-18       1.895498389910e-19       1.895299308933e-19       7.944470519163e-26       1.904209469447e-13      -1.831011921183e-13       4.984710571432e-14       4.608852951181e-14      -4.793099000431e-14 
   97       3.501681677413e-10       9.798439152137e-14      -2.846312913785e-12       0.000000000000e+00       4.340942220889e-20       4.530587094149e-25       4.340889355014e-20      -1.712191385610e-19      -7.040034976231e-18       6.868815837670e-18       1.902323444896e-19       1.901724164919e-19       3.008921730740e-26       1.941169156747e-13      -1.866550874934e-13       5.091161798963e-14       4.707277533137e-14      -4.895458257796e-14 
   98       3.542906379144e-10       1.000198488183e-13      -2.934934037961e-12       0.000000000000e+00       4.085698260413e-20       4.444121640400e-25       4.085647071983e-20      -4.532666955097e-19      -7.114563422053e-18       6.661296726543e-18       1.907751480445e-19       1.907624842987e-19       1.026074341545e-26       1.977845408510e-13      -1.901817293379e-13       5.196921941598e-14       4.805063139445e-14      -4.997152995471e-14 
   99       3.584411357868e-10       1.020400681753e-13      -3.023806906831e-12       0.000000000000e+00       3.847338839945e-20       4.360386450832e-25       3.847289215894e-20      -7.321595824321e-19      -7.187515776696e-18       6.455356194264e-18       1.912351809936e-19       1.912999067289e-19       2.993355314094e-27       2.014209819575e-13      -1.936783864846e-13       5.301890303940e-14       4.902116667353e-14      -5.098086388776e-14 
  100       3.626194566626e-10       1.040430962094e-13      -3.112863026665e-12       0.000000000000e+00       3.624614156596e-20       4.279237983683e-25       3.624565974290e-20      -1.004138731472e-18      -7.258889024654e-18       6.254750293182e-18       1.916093685170e-19       1.917844959856e-19       6.341398542234e-28       2.050234516423e-13      -1.971423784307e-13       5.405965404692e-14       4.998344287467e-14      -5.198160857340e-14 
  101       3.668254434949e-10       1.060269789654e-13      -3.202037950685e-12       0.000000000000e+00       3.416373645246e-20       4.200541205996e-25       3.416326799133e-20      -1.277068974521e-18      -7.328677531130e-18       6.051608556609e-18       1.920251953114e-19       1.922160848411e-19       5.016777416894e-30       2.085890426389e-13      -2.005709092506e-13       5.509045741555e-14       5.093652150974e-14      -5.297278800600e-14 
  102       3.710585195816e-10       1.079897907556e-13      -3.291262123021e-12       0.000000000000e+00       3.221562440613e-20       4.124170312862e-25       3.221516821903e-20      -1.533957310933e-18      -7.396879298478e-18       5.862921987545e-18       1.924875620523e-19       1.925945170320e-19      -9.589431624919e-29       2.121151346157e-13      -2.039614590956e-13       5.611031272244e-14       5.187947758985e-14      -5.395344021879e-14 
  103       3.753176821380e-10       1.099295976568e-13      -3.380463384211e-12       0.000000000000e+00       3.039216147684e-20       4.050006816488e-25       3.039171657446e-20      -1.784835579658e-18      -7.463481412656e-18       5.678645832997e-18       1.928068220888e-19       1.929196536055e-19      -7.283251275968e-29       2.155989516718e-13      -2.073113587630e-13       5.711821512787e-14       5.281138204231e-14      -5.492259899798e-14 
  104       3.796021361318e-10       1.118444659800e-13      -3.469568284236e-12       0.000000000000e+00       2.868450893884e-20       3.977939606780e-25       2.868407486379e-20      -2.036931764260e-18      -7.528475721065e-18       5.491543956806e-18       1.931778582102e-19       1.931913671729e-19      -3.980787093678e-29       2.190377819727e-13      -2.106180007907e-13       5.811315982835e-14       5.373130582792e-14      -5.587929816456e-14 
  105       3.839121027262e-10       1.137324879723e-13      -3.558506725246e-12       0.000000000000e+00       2.708452911506e-20       3.907867445644e-25       2.708410549837e-20      -2.256872979858e-18      -7.591870033572e-18       5.334997053714e-18       1.934916435169e-19       1.934096210026e-19      -1.866941190041e-29       2.224290141320e-13      -2.138788743130e-13       5.909415548787e-14       5.463833235950e-14      -5.682258448936e-14 
  106       3.882462580141e-10       1.155917710942e-13      -3.647211437017e-12       0.000000000000e+00       2.558471226483e-20       3.839695629518e-25       2.558429869120e-20      -2.477924916257e-18      -7.653663312270e-18       5.175738396012e-18       1.935354546906e-19       1.935744353078e-19      -7.938857680042e-30       2.257701298333e-13      -2.170915578952e-13       6.006021871224e-14       5.553155239280e-14      -5.775151237969e-14 
  107       3.926041342279e-10       1.174204363165e-13      -3.735606358784e-12       0.000000000000e+00       2.417812106181e-20       3.773332868187e-25       2.417771740737e-20      -2.697280112034e-18      -7.713847869927e-18       5.016567757893e-18       1.936418812302e-19       1.936857714715e-19      -3.138051803974e-30       2.290585609727e-13      -2.202535821651e-13       6.101037316843e-14       5.641006321239e-14      -5.866514303266e-14 
  108       3.969855956150e-10       1.192166182513e-13      -3.823620628405e-12       0.000000000000e+00       2.285833239368e-20       3.708693934802e-25       2.285793807235e-20      -2.890859603238e-18      -7.772422492225e-18       4.881562888987e-18       1.936669859504e-19       1.937436193982e-19      -1.168792270681e-30       2.322918898553e-13      -2.233626223433e-13       6.194364963485e-14       5.727296867799e-14      -5.956254448340e-14 
  109       4.013888702431e-10       1.209784753253e-13      -3.911180327651e-12       0.000000000000e+00       2.161938200892e-20       3.645700115752e-25       2.161899611097e-20      -3.116286707300e-18      -7.829387831066e-18       4.713101123766e-18       1.935723133687e-19       1.937480372862e-19      -4.136448208361e-31       2.354676877741e-13      -2.264163430555e-13       6.285909126818e-14       5.811938409428e-14      -6.044279666952e-14 
  110       4.058139216047e-10       1.227041989294e-13      -3.998207120609e-12       0.000000000000e+00       2.045573378637e-20       3.584277429467e-25       2.045535594135e-20      -3.337440725107e-18      -7.884740678770e-18       4.547299953664e-18       1.937309726169e-19       1.936991013974e-19      -1.398868535908e-31       2.385836277788e-13      -2.294125067824e-13       6.375575834675e-14       5.894844059657e-14      -6.130499599211e-14 
  111       4.102595332385e-10       1.243920105194e-13      -4.084628532896e-12       0.000000000000e+00       1.936226725398e-20       3.524356615145e-25       1.936189716520e-20      -3.510412294876e-18      -7.938478285185e-18       4.428065990309e-18       1.937393826171e-19       1.935969277039e-19      -4.538839636743e-32       2.416374217662e-13      -2.323489133693e-13       6.463272676284e-14       5.975928375681e-14      -6.214825386603e-14 
  112       4.147251535838e-10       1.260401569902e-13      -4.170370691735e-12       0.000000000000e+00       1.833425531103e-20       3.465871729802e-25       1.833389274827e-20      -3.697823323897e-18      -7.990603175889e-18       4.292779851992e-18       1.934920156098e-19       1.934416223227e-19      -1.417295873504e-32       2.446269991624e-13      -2.352235718356e-13       6.548908562180e-14       6.055107136369e-14      -6.297169441129e-14 
  113       4.192108362131e-10       1.276468982362e-13      -4.255363514235e-12       0.000000000000e+00       1.736733230951e-20       3.408760151320e-25       1.736697729094e-20      -3.875820831968e-18      -8.041120872172e-18       4.165300040204e-18       1.934040166716e-19       1.932332850945e-19      -4.269955505373e-33       2.475501104750e-13      -2.380343191617e-13       6.632393078193e-14       6.132296744971e-14      -6.377444824126e-14 
  114       4.237146910069e-10       1.292105432584e-13      -4.339534863784e-12       0.000000000000e+00       1.645746573025e-20       3.352964701661e-25       1.645711777457e-20      -4.019888647786e-18      -8.090037581107e-18       4.070148933321e-18       1.931854403102e-19       1.929720950166e-19      -1.243774196498e-33       2.504047759021e-13      -2.407792516514e-13       6.713638361682e-14       6.207415963873e-14      -6.455567050382e-14 
  115       4.282357197916e-10       1.307294722055e-13      -4.422803546216e-12       0.000000000000e+00       1.560092736011e-20       3.298431509153e-25       1.560058578532e-20      -4.190400654537e-18      -8.137346794240e-18       3.946946139703e-18       1.927222330466e-19       1.926582748590e-19      -3.509418597680e-34       2.531891259359e-13      -2.434565716618e-13       6.792560246859e-14       6.280386973564e-14      -6.531455189429e-14 
  116       4.327728669971e-10       1.322020837036e-13      -4.505093323488e-12       0.000000000000e+00       1.479426039790e-20       3.245108551333e-25       1.479392513848e-20      -4.364687831656e-18      -8.183043005010e-18       3.818355173353e-18       1.923312169720e-19       1.922920355405e-19      -9.608844991716e-35       2.559012862385e-13      -2.460644769045e-13       6.869075528066e-14       6.351132842265e-14      -6.605029234023e-14 
  117       4.373266016312e-10       1.336268023839e-13      -4.586334174141e-12       0.000000000000e+00       1.403425139004e-20       3.192947803786e-25       1.403392249692e-20      -4.505526489914e-18      -8.227142829532e-18       3.721616339618e-18       1.919248719090e-19       1.918736023238e-19      -2.556109116977e-35       2.585394443174e-13      -2.486012245588e-13       6.943102350864e-14       6.419577887535e-14      -6.676210476199e-14 
  118       4.418956300433e-10       1.350021177310e-13      -4.666454411557e-12       0.000000000000e+00       1.331791124970e-20       3.141904143803e-25       1.331758819003e-20      -4.658448234289e-18      -8.269652004679e-18       3.611203770391e-18       1.913799079058e-19       1.914032457218e-19      -6.602474642377e-36       2.611019433658e-13      -2.510652215053e-13       7.014562230544e-14       6.485649542576e-14      -6.744923448187e-14 
  119       4.464776014779e-10       1.363265525618e-13      -4.745376315167e-12       0.000000000000e+00       1.264245654982e-20       3.091934303633e-25       1.264213872977e-20      -4.835974821073e-18      -8.310564719699e-18       3.474589898626e-18       1.908289364342e-19       1.908812518872e-19      -1.650260444719e-36       2.635872209275e-13      -2.534549653483e-13       7.083378414296e-14       6.549276841901e-14      -6.811094347546e-14 
  120       4.510731604202e-10       1.375986873622e-13      -4.823025201258e-12       0.000000000000e+00       1.200529113005e-20       3.042998092934e-25       1.200497868338e-20      -4.988763672783e-18      -8.349891153105e-18       3.361127480323e-18       1.903862015393e-19       1.903079190435e-19      -3.923876662442e-37       2.659938332267e-13      -2.557690678103e-13       7.149477145726e-14       6.610391590501e-14      -6.874652253066e-14 
  121       4.556804182330e-10       1.388171739059e-13      -4.899329822546e-12       0.000000000000e+00       1.140399856470e-20       2.995057356647e-25       1.140369179281e-20      -5.100149147059e-18      -8.387636449157e-18       3.287487302098e-18       1.898831907831e-19       1.896835914625e-19      -8.639777128821e-38       2.683204657204e-13      -2.580062648793e-13       7.212788372479e-14       6.668929018118e-14      -6.935529805197e-14 
  122       4.602975575848e-10       1.399806738488e-13      -4.974208727818e-12       0.000000000000e+00       1.083633657531e-20       2.948075578209e-25       1.083603526620e-20      -5.211842952340e-18      -8.423798368810e-18       3.211955416470e-18       1.891105083904e-19       1.890085980773e-19      -1.682095752348e-38       2.705657677568e-13      -2.601652578222e-13       7.273242555656e-14       6.724824829229e-14      -6.993660138102e-14 
  123       4.649253644270e-10       1.410879161906e-13      -5.047592872655e-12       0.000000000000e+00       1.030022017535e-20       2.902018498913e-25       1.029992420970e-20      -5.335016325865e-18      -8.458387010783e-18       3.123370684918e-18       1.883178795797e-19       1.882832691281e-19      -2.790362190379e-39       2.727285177762e-13      -2.622448720361e-13       7.330773655471e-14       6.778017963588e-14      -7.048979750558e-14 
  124       4.695620605131e-10       1.421377476431e-13      -5.119415979421e-12       0.000000000000e+00       9.793704717120e-21       2.856853639972e-25       9.793414175871e-21      -5.433649971241e-18      -8.491415506699e-18       3.057765535458e-18       1.876238814014e-19       1.875080307241e-19      -3.951665027141e-40       2.748077643610e-13      -2.642441926755e-13       7.385321748336e-14       6.828453015971e-14      -7.101431022431e-14 
  125       4.742069534729e-10       1.431290680058e-13      -5.189603643761e-12       0.000000000000e+00       9.314977334652e-21       2.812550788121e-25       9.314691813954e-21      -5.527028190679e-18      -8.522890955806e-18       2.995862765128e-18       1.867236609114e-19       1.866833195904e-19      -5.031414813776e-41       2.768026082279e-13      -2.661623550256e-13       7.436829669040e-14       6.876077131542e-14      -7.150958985931e-14 
  126       4.788585592748e-10       1.440608166679e-13      -5.258084609483e-12       0.000000000000e+00       8.862347840113e-21       2.769081172324e-25       8.862066776541e-21      -5.656753487969e-18      -8.552815721749e-18       2.896062233781e-18       1.857218045279e-19       1.858095372066e-19      -6.355931138385e-42       2.787123818723e-13      -2.679987172407e-13       7.485242309397e-14       6.920839357390e-14      -7.197510651223e-14 
  127       4.835151263155e-10       1.449319731277e-13      -5.324783298760e-12       0.000000000000e+00       8.434238398121e-21       2.726416466161e-25       8.433961732813e-21      -5.786643378559e-18      -8.581194270185e-18       2.794550891626e-18       1.848724423211e-19       1.848871180539e-19      -8.553230577751e-43       2.805362499179e-13      -2.697524760559e-13       7.530506645265e-14       6.962690667503e-14      -7.241035032407e-14 
  128       4.881770014850e-10       1.457415875249e-13      -5.389628540755e-12       0.000000000000e+00       8.029179097835e-21       2.684531132194e-25       8.028907063777e-21      -5.876650909943e-18      -8.608039061540e-18       2.731388151596e-18       1.839459418028e-19       1.839165246688e-19      -1.093818390084e-43       2.822736170504e-13      -2.714230590410e-13       7.572573322941e-14       7.001585429551e-14      -7.281484672929e-14 
  129       4.928417698378e-10       1.464888210026e-13      -5.452556508984e-12       0.000000000000e+00       7.645804986084e-21       2.643402187334e-25       7.645537612932e-21      -5.960434408785e-18      -8.633363217345e-18       2.672928808560e-18       1.828303459792e-19       1.828982709463e-19      -1.195254633975e-44       2.839241237723e-13      -2.730101205174e-13       7.611398756334e-14       7.037483343925e-14      -7.318817662141e-14 
  130       4.975080714873e-10       1.471728984077e-13      -5.513492906743e-12       0.000000000000e+00       7.282845622838e-21       2.603005953566e-25       7.282582608007e-21      -6.066433810539e-18      -8.657171432266e-18       2.590737621727e-18       1.817624133097e-19       1.818328881263e-19      -1.210362218241e-46       2.854873911870e-13      -2.745132961532e-13       7.646942669344e-14       7.070347171429e-14      -7.352995272151e-14 
  131       5.021759862760e-10       1.477930965838e-13      -5.572369672324e-12       0.000000000000e+00       6.939110224328e-21       2.563318791046e-25       6.938851244855e-21      -6.165886967835e-18      -8.679466649493e-18       2.513579681658e-18       1.807189153840e-19       1.807208380000e-19       5.551590422149e-47       2.869632015472e-13      -2.759323765715e-13       7.679167487548e-14       7.100142170827e-14      -7.383981372890e-14 
  132       5.068434901814e-10       1.483487736088e-13      -5.629119771879e-12       0.000000000000e+00       6.613478064360e-21       2.524319301560e-25       6.613223091721e-21      -6.245677697926e-18      -8.700258739888e-18       2.454581041962e-18       1.794892619412e-19       1.795626099611e-19      -5.205213319897e-48       2.883516627620e-13      -2.772674655331e-13       7.708039857388e-14       7.126837503493e-14      -7.411743892907e-14 
  133       5.115093079635e-10       1.488393880976e-13      -5.683672082702e-12       0.000000000000e+00       6.304895365505e-21       2.485987903015e-25       6.304644483508e-21      -6.332954649662e-18      -8.719558090082e-18       2.386603440420e-18       1.782025652120e-19       1.783587935352e-19      -9.680762042009e-51       2.896526527436e-13      -2.785184456433e-13       7.733531649078e-14       7.150407160683e-14      -7.436255783722e-14 
  134       5.161729422005e-10       1.492645105636e-13      -5.735965953168e-12       0.000000000000e+00       6.012372665685e-21       2.448306190778e-25       6.012125735637e-21      -6.425872855618e-18      -8.737376501173e-18       2.311503645555e-18       1.770149690676e-19       1.771099978442e-19      -3.825236250481e-49       2.908666531081e-13      -2.796857800052e-13       7.755620546965e-14       7.170830509392e-14      -7.457495587491e-14 
  135       5.208327269566e-10       1.496237581704e-13      -5.785934921645e-12       0.000000000000e+00       5.734980309090e-21       2.411256376594e-25       5.734737048505e-21      -6.507960537533e-18      -8.753728160764e-18       2.245767623231e-18       1.756955442659e-19       1.758168117250e-19      -1.754627017173e-49       2.919939530491e-13      -2.807697466955e-13       7.774286659296e-14       7.188089157747e-14      -7.475444177097e-14 
  136       5.254874216873e-10       1.499167975853e-13      -5.833513861070e-12       0.000000000000e+00       5.471845444500e-21       2.374820395959e-25       5.471605808516e-21      -6.595406298377e-18      -8.768618410388e-18       2.173212112012e-18       1.742459017103e-19       1.744798008305e-19      -4.835718180576e-51       2.930349039809e-13      -2.817706836204e-13       7.789512666458e-14       7.202167092070e-14      -7.490084898693e-14 
  137       5.301353159722e-10       1.501433950322e-13      -5.878639781348e-12       0.000000000000e+00       5.222152347410e-21       2.338980973594e-25       5.221916554349e-21      -6.680936821098e-18      -8.782054346186e-18       2.101117525088e-18       1.730120383430e-19       1.730995392748e-19      -7.809179550976e-51       2.939901422922e-13      -2.826892027057e-13       7.801286421712e-14       7.213053081511e-14      -7.501406072456e-14 
  138       5.347756368134e-10       1.503034105754e-13      -5.921248256187e-12       0.000000000000e+00       4.985141175581e-21       2.303723072224e-25       4.984909230687e-21      -6.737123407620e-18      -8.794054084032e-18       2.056930676412e-18       1.717912099765e-19       1.716766627964e-19       2.206260582482e-51       2.948605565614e-13      -2.835261583733e-13       7.809600654143e-14       7.220740403398e-14      -7.509400706965e-14 
  139       5.394073982692e-10       1.503968175321e-13      -5.961284931450e-12       0.000000000000e+00       4.760101634745e-21       2.269032467162e-25       4.759873266406e-21      -6.791305066725e-18      -8.804631250858e-18       2.013326184133e-18       1.702162122691e-19       1.702118367071e-19      -3.252804006264e-52       2.956468920408e-13      -2.842822672278e-13       7.814453977344e-14       7.225227775863e-14      -7.514067469108e-14 
  140       5.440287403531e-10       1.504236806843e-13      -5.998687999788e-12       0.000000000000e+00       4.546367385681e-21       2.234894323105e-25       4.546142536096e-21      -6.865909578744e-18      -8.813795494480e-18       1.947885915736e-18       1.686418270228e-19       1.687057125560e-19       1.294161324248e-52       2.963504684384e-13      -2.849587982480e-13       7.815849757321e-14       7.226518311105e-14      -7.515409595500e-14 
  141       5.486391068462e-10       1.503841315925e-13      -6.033393351260e-12       0.000000000000e+00       4.343314618740e-21       2.201294585751e-25       4.343093380256e-21      -6.923718075236e-18      -8.821556574864e-18       1.897838499628e-18       1.672707058874e-19       1.671589495158e-19      -8.523052450046e-54       2.969723071815e-13      -2.855567335975e-13       7.813794829815e-14       7.224618329438e-14      -7.513433659117e-14 
  142       5.532365683389e-10       1.502784265304e-13      -6.065351706296e-12       0.000000000000e+00       4.150358461971e-21       2.168220799525e-25       4.150140665295e-21      -6.961397236994e-18      -8.827925323137e-18       1.866528086143e-18       1.656345145713e-19       1.655722342856e-19      -1.049495101728e-54       2.975138374782e-13      -2.860774475460e-13       7.808302510515e-14       7.219540142520e-14      -7.508152463796e-14 
  143       5.578197064554e-10       1.501068955300e-13      -6.094501911362e-12       0.000000000000e+00       3.966946548145e-21       2.135660732848e-25       3.966732041356e-21      -7.019039409469e-18      -8.832919869515e-18       1.813880460046e-18       1.637817669203e-19       1.639462589470e-19      -9.309946229137e-55       2.979765061230e-13      -2.865223312734e-13       7.799389947537e-14       7.211299605462e-14      -7.499582498481e-14 
  144       5.623887111304e-10       1.498699214034e-13      -6.120789107697e-12       0.000000000000e+00       3.792557297050e-21       2.103601878535e-25       3.792346200364e-21      -7.083547125449e-18      -8.836551963336e-18       1.753004837887e-18       1.622386985555e-19       1.622816998744e-19       3.327538968496e-55       2.983619892500e-13      -2.868929964834e-13       7.787077031371e-14       7.199915108971e-14      -7.487742889075e-14 
  145       5.669404647021e-10       1.495680212151e-13      -6.144168206832e-12       0.000000000000e+00       3.626701756101e-21       2.072032521264e-25       3.626493979492e-21      -7.124013546337e-18      -8.838829529618e-18       1.714815983280e-18       1.607481128681e-19       1.605792508793e-19      -1.523572442877e-56       2.986718841732e-13      -2.871909790894e-13       7.771390628122e-14       7.185411493391e-14      -7.472659468954e-14 
  146       5.714737818364e-10       1.492018246293e-13      -6.164577159370e-12       0.000000000000e+00       3.468921909551e-21       2.040942033864e-25       3.468717084540e-21      -7.168689648754e-18      -8.839770745007e-18       1.671081096253e-18       1.588642588958e-19       1.588396431762e-19       8.806844791492e-57       2.989083930006e-13      -2.874183965509e-13       7.752363454451e-14       7.167819008478e-14      -7.454363697154e-14 
  147       5.759883458517e-10       1.487720419159e-13      -6.181964493581e-12       0.000000000000e+00       3.318787001708e-21       2.010320002257e-25       3.318585097186e-21      -7.233401424663e-18      -8.839385724952e-18       1.605984300289e-18       1.570233695902e-19       1.570636114849e-19      -8.647197327180e-58       2.990735031155e-13      -2.875771598563e-13       7.730032415208e-14       7.147171776378e-14      -7.432891059908e-14 
  148       5.804813266479e-10       1.482795120593e-13      -6.196290583239e-12       0.000000000000e+00       3.175891551104e-21       1.980156076202e-25       3.175692817249e-21      -7.273364659181e-18      -8.837683398277e-18       1.564318739096e-18       1.554848032748e-19       1.552518995152e-19       5.583354336310e-58       2.991694764383e-13      -2.876694439781e-13       7.704441103107e-14       7.123510102824e-14      -7.408283474233e-14 
  149       5.849530822266e-10       1.477251666332e-13      -6.207500025497e-12       0.000000000000e+00       3.039852353877e-21       1.950440787337e-25       3.039656741093e-21      -7.282598918963e-18      -8.834689393230e-18       1.552090474268e-18       1.536876826156e-19       1.534052800040e-19       7.046866978823e-59       2.991986703247e-13      -2.876975156556e-13       7.675637921689e-14       7.096878741628e-14      -7.380587483044e-14 
  150       5.894027225721e-10       1.471099929721e-13      -6.215551867249e-12       0.000000000000e+00       2.910304458635e-21       1.921165415359e-25       2.910111751532e-21      -7.312043966492e-18      -8.830417098752e-18       1.518373132260e-18       1.515714183721e-19       1.515245065272e-19       8.570356419487e-60       2.991636809660e-13      -2.876638712830e-13       7.643674171781e-14       7.067325125429e-14      -7.349852415173e-14 
  151       5.938260322441e-10       1.464350778673e-13      -6.220401052609e-12       0.000000000000e+00       2.786900751101e-21       1.892321004326e-25       2.786710963251e-21      -7.359354365524e-18      -8.824869971359e-18       1.465515605836e-18       1.496699419783e-19       1.496103006660e-19       1.067205807694e-59       2.990668942664e-13      -2.875708050504e-13       7.608606321866e-14       7.034901464866e-14      -7.316132568460e-14 
  152       5.982238178931e-10       1.457016343149e-13      -6.221996189387e-12       0.000000000000e+00       2.669314105703e-21       1.863898517101e-25       2.669127276868e-21      -7.381945051757e-18      -8.818069721050e-18       1.436124669293e-18       1.478632035208e-19       1.476634354414e-19      -2.187582096608e-60       2.989113620986e-13      -2.874212515172e-13       7.570497397892e-14       6.999666033600e-14      -7.279488546147e-14 
  153       6.025957729410e-10       1.449109942511e-13      -6.220304800190e-12       0.000000000000e+00       2.557237657013e-21       1.835889767372e-25       2.557053648895e-21      -7.394288719825e-18      -8.810033088915e-18       1.415744369090e-18       1.457675712329e-19       1.456847376356e-19       5.358014437266e-61       2.987001118827e-13      -2.872181217298e-13       7.529416605806e-14       6.961682819303e-14      -7.239986893912e-14 
  154       6.069372543990e-10       1.440646091327e-13      -6.215292119764e-12       0.000000000000e+00       2.450384259959e-21       1.808287187549e-25       2.450202978807e-21      -7.425862062601e-18      -8.800766720780e-18       1.374904658180e-18       1.436184290937e-19       1.436749824285e-19      -1.444638191109e-61       2.984362601340e-13      -2.869644124051e-13       7.485439361716e-14       6.921021551552e-14      -7.197700128879e-14 
  155       6.112485617612e-10       1.431639806211e-13      -6.206906728504e-12       0.000000000000e+00       2.348487224527e-21       1.781082821981e-25       2.348308726974e-21      -7.453450568453e-18      -8.790291234184e-18       1.336840665731e-18       1.416511412649e-19       1.416349184507e-19       4.868214272024e-62       2.981230471970e-13      -2.866632393292e-13       7.438643690305e-14       6.877754371803e-14      -7.152703276474e-14 
  156       6.155303760170e-10       1.422106643966e-13      -6.195118462346e-12       0.000000000000e+00       2.251299570309e-21       1.754268666270e-25       2.251123873006e-21      -7.458148415063e-18      -8.778625228329e-18       1.320476813265e-18       1.396233170092e-19       1.395653575786e-19      -4.823935563882e-63       2.977635370686e-13      -2.863175487194e-13       7.389110423015e-14       6.831956016641e-14      -7.105074060989e-14 
  157       6.197788338317e-10       1.412064147305e-13      -6.179903650075e-12       0.000000000000e+00       2.158589779891e-21       1.727837841971e-25       2.158416738309e-21      -7.466559316323e-18      -8.765777090286e-18       1.299217773963e-18       1.373464931314e-19       1.374671167748e-19       1.767904956705e-63       2.973616580828e-13      -2.859311179051e-13       7.336930709867e-14       6.783710763183e-14      -7.054900128652e-14 
  158       6.239928385525e-10       1.401531154302e-13      -6.161216897990e-12       0.000000000000e+00       2.070136869394e-21       1.701784074738e-25       2.069966316503e-21      -7.498762667184e-18      -8.751764354286e-18       1.253001687102e-18       1.349824409987e-19       1.353409968988e-19      -2.976199631865e-64       2.969209775713e-13      -2.855073770902e-13       7.282202431428e-14       6.733109111597e-14      -7.002275597514e-14 
  159       6.281726200026e-10       1.390526571871e-13      -6.139027237094e-12       0.000000000000e+00       1.985727948981e-21       1.676100554830e-25       1.985559893151e-21      -7.536894906933e-18      -8.736604140127e-18       1.199709233194e-18       1.327826545849e-19       1.331878426107e-19       8.652629613497e-65       2.964454107990e-13      -2.850500910376e-13       7.225023825949e-14       6.680241892762e-14      -6.947294929561e-14 
  160       6.323154081666e-10       1.379070592638e-13      -6.113314833507e-12       0.000000000000e+00       1.905158157682e-21       1.650780692743e-25       1.904992692578e-21      -7.559357657721e-18      -8.720307301578e-18       1.160949643857e-18       1.307215679777e-19       1.310084750965e-19      -1.724844651793e-65       2.959388877990e-13      -2.845630387102e-13       7.165499812111e-14       6.625206114272e-14      -6.890059010416e-14 
  161       6.364203156695e-10       1.367184777365e-13      -6.084047619587e-12       0.000000000000e+00       1.828231478435e-21       1.625818765015e-25       1.828068561669e-21      -7.574680206441e-18      -8.702895509468e-18       1.128215303027e-18       1.285639024664e-19       1.288036708022e-19       1.628953036297e-66       2.954056502816e-13      -2.840502987678e-13       7.103742417265e-14       6.568105356382e-14      -6.830675561114e-14 
  162       6.404868357813e-10       1.354890934455e-13      -6.051196409447e-12       0.000000000000e+00       1.754762235638e-21       1.601208787749e-25       1.754601787947e-21      -7.599205359814e-18      -8.684388943182e-18       1.085183583368e-18       1.263843034541e-19       1.265742593234e-19       1.150631788300e-67       2.948496015710e-13      -2.835156244912e-13       7.039864955496e-14       6.509044389056e-14      -6.769253539962e-14 
  163       6.445124126959e-10       1.342212434176e-13      -6.014747521541e-12       0.000000000000e+00       1.684577317698e-21       1.576944329581e-25       1.684419388344e-21      -7.617633195738e-18      -8.664793914767e-18       1.047160719029e-18       1.244171062944e-19       1.243210875936e-19      -2.526205402505e-67       2.942753315221e-13      -2.829634293019e-13       6.973988856148e-14       6.448135485612e-14      -6.705909708578e-14 
  164       6.484955507501e-10       1.329174213777e-13      -5.974675479060e-12       0.000000000000e+00       1.617517017112e-21       1.553019710891e-25       1.617361603763e-21      -7.610438557030e-18      -8.644126861599e-18       1.033688304569e-18       1.224121438129e-19       1.220449715716e-19       6.843724176726e-69       2.936872973504e-13      -2.823979990808e-13       6.906243690440e-14       6.385498447327e-14      -6.640768657480e-14 
  165       6.524364618629e-10       1.315801419576e-13      -5.930955803049e-12       0.000000000000e+00       1.553432348748e-21       1.529429944773e-25       1.553279284950e-21      -7.597943385537e-18      -8.622412516808e-18       1.024469131271e-18       1.200346863178e-19       1.197467606619e-19      -9.914526774287e-69       2.930902279321e-13      -2.818238809267e-13       6.836760115889e-14       6.321254079868e-14      -6.573956021730e-14 
  166       6.563332306167e-10       1.302120196244e-13      -5.883579901564e-12       0.000000000000e+00       1.492180601976e-21       1.506169818197e-25       1.492029799437e-21      -7.602391519878e-18      -8.599661907623e-18       9.972703877445e-19       1.175510332805e-19       1.174273020699e-19       5.459281469189e-69       2.924890355040e-13      -2.812457982507e-13       6.765673977342e-14       6.255527985096e-14      -6.505602424318e-14 
  167       6.601837680361e-10       1.288157867276e-13      -5.832530637401e-12       0.000000000000e+00       1.433622908144e-21       1.483233961693e-25       1.433474448462e-21      -7.604957304757e-18      -8.575888273319e-18       9.709309685616e-19       1.152728714549e-19       1.150873917843e-19      -1.259797348788e-69       2.918885259246e-13      -2.806683721748e-13       6.693127244685e-14       6.188451428070e-14      -6.435844377828e-14 
  168       6.639882817244e-10       1.273942261382e-13      -5.777782772130e-12       0.000000000000e+00       1.377624963201e-21       1.460617302502e-25       1.377478866526e-21      -7.588726545098e-18      -8.551114442187e-18       9.623878970889e-19       1.129704111579e-19       1.127278641737e-19       2.438378285926e-70       2.912935951172e-13      -2.800963104236e-13       6.619264512853e-14       6.120158100963e-14      -6.364820918986e-14 
  169       6.677454941372e-10       1.259502648432e-13      -5.719339173723e-12       0.000000000000e+00       1.324059336688e-21       1.438315026858e-25       1.323915478976e-21      -7.574415008584e-18      -8.525352617166e-18       9.509376085816e-19       1.104307378875e-19       1.103495992915e-19      -7.747333956730e-71       2.907092721468e-13      -2.795344487458e-13       6.544237864885e-14       6.050788619436e-14      -6.292678284779e-14 
  170       6.714521739872e-10       1.244869507005e-13      -5.657194872845e-12       0.000000000000e+00       1.272807614020e-21       1.416322443912e-25       1.272665900806e-21      -7.578689060414e-18      -8.498615843968e-18       9.199267835538e-19       1.078877547388e-19       1.079534188247e-19       1.769250990178e-71       2.901413451843e-13      -2.789883528156e-13       6.468205664138e-14       5.980489405915e-14      -6.219568751100e-14 
  171       6.751087856591e-10       1.230073337237e-13      -5.591318683962e-12       0.000000000000e+00       1.223761123686e-21       1.394634953704e-25       1.223621557896e-21      -7.584010522598e-18      -8.470928272703e-18       8.869177501043e-19       1.055250513609e-19       1.055401068579e-19      -4.253587175777e-72       2.895945227619e-13      -2.784625501700e-13       6.391326385978e-14       5.909406986394e-14      -6.145644701544e-14 
  172       6.787146828371e-10       1.215145891408e-13      -5.521720871505e-12       0.000000000000e+00       1.176819617512e-21       1.373248062141e-25       1.176682180265e-21      -7.573770263536e-18      -8.442303987277e-18       8.685337237415e-19       1.031281035554e-19       1.031105094543e-19       5.727269697765e-73       2.890746494097e-13      -2.779626606760e-13       6.313765011777e-14       5.837693902302e-14      -6.071064775624e-14 
  173       6.822662529471e-10       1.200120553437e-13      -5.448411300569e-12       0.000000000000e+00       1.131888455396e-21       1.352157510119e-25       1.131753072263e-21      -7.561071475850e-18      -8.412755370751e-18       8.516838949008e-19       1.005324986723e-19       1.006655126056e-19      -2.959183148428e-73       2.885875578148e-13      -2.774942928133e-13       6.235695000726e-14       5.765510533644e-14      -5.995995764781e-14 
  174       6.857638008842e-10       1.185031255489e-13      -5.371364219685e-12       0.000000000000e+00       1.088875864552e-21       1.331359224912e-25       1.088742522532e-21      -7.559939932760e-18      -8.382306645219e-18       8.223667124590e-19       9.798253678960e-20       9.820594744294e-20       3.610604430378e-74       2.881387948630e-13      -2.770627802460e-13       6.157292660639e-14       5.693019894256e-14      -5.920607199585e-14 
  175       6.892075188264e-10       1.169912337261e-13      -5.290584056970e-12       0.000000000000e+00       1.047691758918e-21       1.310848993747e-25       1.047560519609e-21      -7.555458724149e-18      -8.350971076986e-18       7.955123528372e-19       9.566478432012e-20       9.573260187076e-20      -4.491763664847e-75       2.877341124817e-13      -2.766736537984e-13       6.078736416813e-14       5.620386955792e-14      -5.845070646687e-14 
  176       6.925934669615e-10       1.154798929947e-13      -5.206093339581e-12       0.000000000000e+00       1.008248406026e-21       1.290622517386e-25       1.008119262403e-21      -7.532528332363e-18      -8.318757446442e-18       7.862291140789e-19       9.330278141189e-20       9.324630353580e-20       1.485467230388e-75       2.873795009349e-13      -2.763326734694e-13       6.000208807101e-14       5.547780492371e-14      -5.769561627211e-14 
  177       6.959218824411e-10       1.139727384836e-13      -5.117874259491e-12       0.000000000000e+00       9.704620000418e-22       1.270675897736e-25       9.703348541889e-22      -7.509262697362e-18      -8.285692611731e-18       7.764299143697e-19       9.069347126323e-20       9.074790872918e-20       1.212242712906e-76       2.870806391657e-13      -2.760452999044e-13       5.921898708810e-14       5.475375139554e-14      -5.694261758049e-14 
  178       6.991941748716e-10       1.124735386544e-13      -5.025941462607e-12       0.000000000000e+00       9.342540102680e-22       1.251005552583e-25       9.341288071170e-22      -7.504610073980e-18      -8.251797562619e-18       7.471874886386e-19       8.811731719017e-20       8.823824619196e-20      -3.738080191779e-77       2.868440229696e-13      -2.758177792016e-13       5.844001927080e-14       5.403351938363e-14      -5.619359317617e-14 
  179       7.024057487605e-10       1.109860949791e-13      -4.930328498842e-12       0.000000000000e+00       8.995516542557e-22       1.231607619252e-25       8.994283992387e-22      -7.501755176273e-18      -8.217079382163e-18       7.153242058899e-19       8.573847341763e-20       8.571813859689e-20       4.089303977253e-77       2.866760725385e-13      -2.756562847613e-13       5.766715982237e-14       5.331893515678e-14      -5.545044233588e-14 
  180       7.055550549580e-10       1.095142438280e-13      -4.831019575737e-12       0.000000000000e+00       8.662872628568e-22       1.212478148791e-25       8.661659349978e-22      -7.480973270760e-18      -8.181557491300e-18       7.005842205407e-19       8.328816647235e-20       8.318841026945e-20      -1.106467319307e-77       2.865828994658e-13      -2.755666932485e-13       5.690240207874e-14       5.261184174922e-14      -5.471508177201e-14 
  181       7.086443496407e-10       1.080619022475e-13      -4.728017919549e-12       0.000000000000e+00       8.343969315814e-22       1.193613795083e-25       8.342775064471e-22      -7.453037022502e-18      -8.145253336385e-18       6.922163138823e-19       8.068499661979e-20       8.064983925146e-20       2.905892326638e-78       2.865708637409e-13      -2.755551201751e-13       5.614778129448e-14       5.191412095305e-14      -5.398946850421e-14 
  182       7.116702705353e-10       1.066330187615e-13      -4.621365336805e-12       0.000000000000e+00       8.038194225764e-22       1.175011440714e-25       8.037019069618e-22      -7.430257673347e-18      -8.108176881773e-18       6.779192084254e-19       7.816267808436e-20       7.810318701532e-20      -8.086650765016e-79       2.866461313183e-13      -2.756274944775e-13       5.540534907922e-14       5.122766968225e-14      -5.327557527855e-14 
  183       7.146304810439e-10       1.052316870325e-13      -4.511069292689e-12       0.000000000000e+00       7.744958573447e-22       1.156667341343e-25       7.743801995942e-22      -7.405432559922e-18      -8.070346269821e-18       6.649137098990e-19       7.566120072356e-20       7.554927591399e-20       2.287922757152e-79       2.868153864524e-13      -2.757902434680e-13       5.467723245529e-14       5.055445457720e-14      -5.257544735490e-14 
  184       7.175278690408e-10       1.038621763021e-13      -4.397132684465e-12       0.000000000000e+00       7.463698189137e-22       1.138577550376e-25       7.462558995660e-22      -7.378023351985e-18      -8.031783799710e-18       6.537604477250e-19       7.293448570454e-20       7.298897187094e-20      -5.492191335509e-80       2.870852257564e-13      -2.760497101873e-13       5.396564967384e-14       4.989652662827e-14      -5.189121771517e-14 
  185       7.203605750661e-10       1.025286910153e-13      -4.279608330915e-12       0.000000000000e+00       7.193874393899e-22       1.120738855678e-25       7.192752273824e-22      -7.359616476992e-18      -7.992500559725e-18       6.328840827328e-19       7.017232734043e-20       7.042310587776e-20       1.223572128195e-80       2.874625528595e-13      -2.764125328898e-13       5.327278531843e-14       4.925590569683e-14      -5.122498696781e-14 
  186       7.231245830201e-10       1.012354569592e-13      -4.158518452337e-12       0.000000000000e+00       6.934975489752e-22       1.103148452864e-25       6.933871329440e-22      -7.345876102935e-18      -7.952511592151e-18       6.066354892165e-19       6.771601513735e-20       6.785243444713e-20      -3.245364295119e-81       2.879540130555e-13      -2.768851014252e-13       5.260083506182e-14       4.863462189733e-14      -5.057886638425e-14 
  187       7.258211604133e-10       9.998693677218e-14      -4.033860842052e-12       0.000000000000e+00       6.686518035130e-22       1.085803140025e-25       6.685432142282e-22      -7.320527605847e-18      -7.911839004025e-18       5.913113981779e-19       6.538898767086e-20       6.527767666219e-20       5.998966789641e-82       2.885665064937e-13      -2.774740507021e-13       5.195211764206e-14       4.803481913011e-14      -4.995508557057e-14 
  188       7.284501744287e-10       9.878750844792e-14      -3.905672639525e-12       0.000000000000e+00       6.448042594016e-22       1.068699530246e-25       6.446974000333e-22      -7.285900015075e-18      -7.870496515488e-18       5.845965004125e-19       6.281780747259e-20       6.269960579239e-20      -1.114906122311e-82       2.893071456093e-13      -2.781862197546e-13       5.132890781669e-14       4.745860063122e-14      -4.935583184295e-14 
  189       7.310083540126e-10       9.764144237477e-14      -3.773998504355e-12       0.000000000000e+00       6.219103956216e-22       1.051834601353e-25       6.218051854123e-22      -7.257442344281e-18      -7.828497387982e-18       5.710550437008e-19       6.010346941059e-20       6.011905631275e-20       1.924298439858e-83       2.901817709228e-13      -2.790272245944e-13       5.073342443276e-14       4.690801794200e-14      -4.878323875627e-14 
  190       7.334957343727e-10       9.655339691029e-14      -3.638863790561e-12       0.000000000000e+00       5.999266111268e-22       1.035205537035e-25       5.998230597446e-22      -7.234622828120e-18      -7.785863458731e-18       5.512406306109e-19       5.755307224888e-20       5.753681261412e-20      -4.854593493899e-84       2.911981865616e-13      -2.800045693595e-13       5.016808792186e-14       4.638530898843e-14      -4.823963370108e-14 
  191       7.359127915233e-10       9.552812115270e-14      -3.500294665730e-12       0.000000000000e+00       5.788109565085e-22       1.018809341225e-25       5.787090628751e-22      -7.205210144532e-18      -7.742613116791e-18       5.374029722589e-19       5.508767755797e-20       5.495359501533e-20       7.224531658261e-85       2.923634861946e-13      -2.811250750390e-13       4.963536586343e-14       4.589275528927e-14      -4.772738940340e-14 
  192       7.382571693058e-10       9.457005648965e-14      -3.358334045424e-12       0.000000000000e+00       5.585244242803e-22       1.002642908892e-25       5.584241307217e-22      -7.169743050137e-18      -7.698757999771e-18       5.290149496341e-19       5.247510279202e-20       5.237016371933e-20       1.864494113842e-85       2.936843392908e-13      -2.823951547286e-13       4.913756595386e-14       4.543249053579e-14      -4.724872485211e-14 
  193       7.405278680220e-10       9.368379244297e-14      -3.213021821030e-12       0.000000000000e+00       5.390315819548e-22       9.867033773543e-26       5.389328614344e-22      -7.136947856214e-18      -7.654312994795e-18       5.173651385813e-19       4.981388248301e-20       4.978729686400e-20      -6.604027868453e-86       2.951679145048e-13      -2.838217015207e-13       4.867707285845e-14       4.500671958453e-14      -4.680593304631e-14 
  194       7.427254510644e-10       9.287417142386e-14      -3.064396863121e-12       0.000000000000e+00       5.203002189809e-22       9.709881643728e-26       5.202030959761e-22      -7.103967325040e-18      -7.609298696540e-18       5.053313714998e-19       4.728720860769e-20       4.720569683648e-20       2.297274303272e-86       2.968215838916e-13      -2.854118040896e-13       4.825640264103e-14       4.461776878283e-14      -4.640143333270e-14 
  195       7.448491850917e-10       9.214587360246e-14      -2.912494177154e-12       0.000000000000e+00       5.023003439230e-22       9.554944931222e-26       5.022048001431e-22      -7.063170747236e-18      -7.563734119484e-18       5.005633722482e-19       4.475085606903e-20       4.462605338489e-20      -7.370640958196e-87       2.986522300477e-13      -2.871720804658e-13       4.787798706678e-14       4.426788653567e-14      -4.603756399973e-14 
  196       7.468979304650e-10       9.150361822624e-14      -2.757359066498e-12       0.000000000000e+00       4.850028083048e-22       9.402192035743e-26       4.849087603823e-22      -7.019941074345e-18      -7.517630485849e-18       4.976894115037e-19       4.199874171334e-20       4.204912603184e-20       2.182033076952e-87       3.006664645128e-13      -2.891088880423e-13       4.754427820502e-14       4.395934002122e-14      -4.571668285952e-14 
  197       7.488701964424e-10       9.095233747490e-14      -2.599052432426e-12       0.000000000000e+00       4.683780926217e-22       9.251594316184e-26       4.682854871466e-22      -6.985242208910e-18      -7.470999683765e-18       4.857574748552e-19       3.916466725619e-20       3.947566979942e-20      -6.248087583419e-88       3.028724935386e-13      -2.912301176236e-13       4.725783876231e-14       4.369449871259e-14      -4.544125410857e-14 
  198       7.507660446039e-10       9.049682427426e-14      -2.437612113846e-12       0.000000000000e+00       4.523961712338e-22       9.103130275922e-26       4.523050333440e-22      -6.958611910305e-18      -7.423865296547e-18       4.652533862423e-19       3.652448672810e-20       3.690638263529e-20       1.275610559590e-88       3.052765012852e-13      -2.935417156516e-13       4.702115909043e-14       4.347566518383e-14      -4.521367236988e-14 
  199       7.525855168730e-10       9.014190702061e-14      -2.273084110499e-12       0.000000000000e+00       4.370276428247e-22       8.956778123015e-26       4.369380163962e-22      -6.931360498276e-18      -7.376249235792e-18       4.448887375157e-19       3.412310421265e-20       3.434196385268e-20      -3.806957655751e-89       3.078858681800e-13      -2.960507788512e-13       4.683674797124e-14       4.330515904937e-14      -4.503634998809e-14 
  200       7.543264159548e-10       8.989261960194e-14      -2.105531189400e-12       0.000000000000e+00       4.222450762274e-22       8.812509300679e-26       4.221569609502e-22      -6.899450677102e-18      -7.328156805740e-18       4.287061286374e-19       3.180838677540e-20       3.178311030131e-20       9.159012350899e-90       3.107086184699e-13      -2.987650230182e-13       4.670722095782e-14       4.318539864412e-14      -4.491180197479e-14 
  201       7.559866610089e-10       8.975382606144e-14      -1.935002998736e-12       0.000000000000e+00       4.080235542784e-22       8.670293292079e-26       4.079369027512e-22      -6.864089436776e-18      -7.279595920284e-18       4.155064835080e-19       2.943932493740e-20       2.923046513597e-20      -2.031333476667e-90       3.137513089645e-13      -3.016907529196e-13       4.663510535375e-14       4.311872070769e-14      -4.484245848437e-14 
  202       7.575681430016e-10       8.973028246545e-14      -1.761532760280e-12       0.000000000000e+00       3.943404729856e-22       8.530103901410e-26       3.942552195086e-22      -6.825864806031e-18      -7.230592048127e-18       4.047272420963e-19       2.694958335819e-20       2.668467102376e-20       5.130743262423e-91       3.170206734896e-13      -3.048344435336e-13       4.662287235904e-14       4.310741010641e-14      -4.483069572425e-14 
  203       7.590723577380e-10       8.982697191248e-14      -1.585186107417e-12       0.000000000000e+00       3.811750497790e-22       8.391918791535e-26       3.810911452394e-22      -6.783712850671e-18      -7.181167059656e-18       3.974542089854e-19       2.435844070045e-20       2.414642057808e-20      -1.201018426661e-91       3.205238814781e-13      -3.082029887014e-13       4.667311113711e-14       4.315386077536e-14      -4.487900333078e-14 
  204       7.604963225636e-10       9.004892773707e-14      -1.406049964087e-12       0.000000000000e+00       3.685075127039e-22       8.255716207632e-26       3.684249437404e-22      -6.736529586515e-18      -7.131328892951e-18       3.947993064355e-19       2.175065704500e-20       2.161638389302e-20       1.822812562090e-92       3.242687257574e-13      -3.118038816950e-13       4.678843695349e-14       4.326049078357e-14      -4.498989603905e-14 
  205       7.618380022566e-10       9.040107161596e-14      -1.224170384203e-12       0.000000000000e+00       3.563179761617e-22       8.121471950050e-26       3.562367423177e-22      -6.685309066082e-18      -7.081090476355e-18       3.957814102725e-19       1.915900364631e-20       1.909518466004e-20      -5.325796555282e-93       3.282612538868e-13      -3.156429376064e-13       4.697140705753e-14       4.342966455844e-14      -4.516583279810e-14 
  206       7.630991648899e-10       9.088838257469e-14      -1.039594058455e-12       0.000000000000e+00       3.445857115694e-22       7.989158803000e-26       3.445057903738e-22      -6.635528449263e-18      -7.030472457928e-18       3.949440086657e-19       1.653444180755e-20       1.658348330658e-20       1.395968604019e-93       3.325092417673e-13      -3.197276334323e-13       4.722460849637e-14       4.366377407832e-14      -4.540930120936e-14 
  207       7.642801782998e-10       9.151580908979e-14      -8.523977622145e-13       0.000000000000e+00       3.332895521822e-22       7.858751506435e-26       3.332109100542e-22      -6.593890198175e-18      -6.979489023166e-18       3.855988249905e-19       1.389522304667e-20       1.408194475414e-20      -2.769671225188e-94       3.370199359117e-13      -3.240649371303e-13       4.755061244425e-14       4.396519664554e-14      -4.572277361149e-14 
  208       7.653782325303e-10       9.228826890525e-14      -6.626563452257e-13       0.000000000000e+00       3.224091734246e-22       7.730230648184e-26       3.223318031730e-22      -6.560112873887e-18      -6.928152201420e-18       3.680393275331e-19       1.136818897051e-20       1.159112644097e-20       5.153173741774e-95       3.417995810654e-13      -3.286608533986e-13       4.795197410710e-14       4.433629479815e-14      -4.610870698865e-14 
  209       7.663931704446e-10       9.321077167501e-14      -4.704228622140e-13       0.000000000000e+00       3.119262554521e-22       7.603577185992e-26       3.118501732381e-22      -6.526022271447e-18      -6.876480115395e-18       3.504578439486e-19       9.006085405903e-21       9.111565797868e-21      -7.790881626388e-96       3.468556054599e-13      -3.335225249288e-13       4.843129644627e-14       4.477947522874e-14      -4.656960424474e-14 
  210       7.673256520084e-10       9.428822768614e-14      -2.757662131744e-13       0.000000000000e+00       3.018249179365e-22       7.478766228967e-26       3.017501237614e-22      -6.485129872319e-18      -6.824488199564e-18       3.393583272456e-19       6.697175210088e-21       6.643925403219e-21       4.713608354714e-97       3.521945255750e-13      -3.386562177081e-13       4.899113079315e-14       4.529709689299e-14      -4.710791863832e-14 
  211       7.681747999095e-10       9.552546360134e-14      -7.877074682637e-14       0.000000000000e+00       2.920915189945e-22       7.355771574909e-26       2.920179810942e-22      -6.438444236543e-18      -6.772186672903e-18       3.337424363598e-19       4.314858914846e-21       4.188867833417e-21      -5.434101406582e-98       3.578232566537e-13      -3.440685811583e-13       4.963398502884e-14       4.589147857250e-14      -4.772606164790e-14 
  212       7.689402638236e-10       9.692744912268e-14       1.205064183148e-13       0.000000000000e+00       2.827139914829e-22       7.234572442884e-26       2.826416665935e-22      -6.389978790884e-18      -6.719590908329e-18       3.296121174450e-19       1.841618478858e-21       1.746891494052e-21      -1.571672061983e-97       3.637480005784e-13      -3.497655787626e-13       5.036244135612e-14       4.656500776656e-14      -4.842651621674e-14 
  213       7.696228661585e-10       9.849914773422e-14       3.219927038490e-13       0.000000000000e+00       2.736807048035e-22       7.115149909263e-26       2.736095585394e-22      -6.342226543121e-18      -6.666720225324e-18       3.244936822027e-19      -6.742619908528e-22      -6.815221803152e-22       7.667362276872e-98       3.699763055262e-13      -3.557544685470e-13       5.117907874697e-14       4.732006898725e-14      -4.921176218152e-14 
  214       7.702218325498e-10       1.002452610130e-13       5.255980772119e-13       0.000000000000e+00       2.649791540808e-22       6.997480412624e-26       2.649091672822e-22      -6.297087801531e-18      -6.613588340620e-18       3.165005390888e-19      -3.169382089274e-21      -3.095736912058e-21      -2.534221168944e-98       3.765145007783e-13      -3.620413364962e-13       5.208634008933e-14       4.815892092365e-14      -5.008414852590e-14 
  215       7.707367147177e-10       1.021705003155e-13       7.312505829362e-13       0.000000000000e+00       2.565952486414e-22       6.881538418691e-26       2.565264164638e-22      -6.255221458107e-18      -6.560204855801e-18       3.049833976945e-19      -5.572726432590e-21      -5.495114736635e-21       5.574877465865e-99       3.833686210355e-13      -3.686319853378e-13       5.308667335246e-14       4.908382696300e-14      -5.104602911954e-14 
  216       7.711671790964e-10       1.042797917884e-13       9.388830527524e-13       0.000000000000e+00       2.485137504853e-22       6.767302932718e-26       2.484460709974e-22      -6.213072237180e-18      -6.506581805063e-18       2.935095678829e-19      -7.869564818102e-21      -7.879198609512e-21      -1.869521936569e-99       3.905454056376e-13      -3.755328953525e-13       5.418263810825e-14       5.009715368012e-14      -5.209986514477e-14 
  217       7.715135044566e-10       1.065780063792e-13       1.148409729013e-12       0.000000000000e+00       2.407195613584e-22       6.654756951093e-26       2.406530178899e-22      -6.165812747497e-18      -6.452735158092e-18       2.869224105942e-19      -1.015138700695e-20      -1.024758727789e-20      5.117840472074e-100       3.980512438455e-13      -3.827502101988e-13       5.537676524769e-14       5.120124113150e-14      -5.324809020546e-14 
  218       7.717750616011e-10       1.090697186119e-13       1.359742696717e-12       0.000000000000e+00       2.331990237771e-22       6.543881974280e-26       2.331335832653e-22      -6.113627032524e-18      -6.398684039824e-18       2.850570072993e-19      -1.251953849785e-20      -1.259974462379e-20     -1.381307682566e-100       4.058925951517e-13      -3.902901410673e-13       5.667143164337e-14       5.239828696857e-14      -5.449298980758e-14 
  219       7.719522261004e-10       1.117593647096e-13       1.572819417018e-12       0.000000000000e+00       2.259406255988e-22       6.434655964968e-26       2.258762579258e-22      -6.061284183298e-18      -6.344443758306e-18       2.831595750080e-19      -1.495579260049e-20      -1.493506308752e-20      3.442735569279e-101       4.140742254751e-13      -3.981572706755e-13       5.806894230821e-14       5.369042240144e-14      -5.583678035966e-14 
  220       7.720450542609e-10       1.146516597477e-13       1.787540145370e-12       0.000000000000e+00       2.189350016971e-22       6.327056050159e-26       2.188716954531e-22      -6.011799947400e-18      -6.290020089593e-18       2.782201421930e-19      -1.735147427480e-20      -1.725304160986e-20     -9.576398010048e-102       4.226028245838e-13      -4.063580316379e-13       5.957174714375e-14       5.507991260394e-14      -5.728181758937e-14 
  221       7.720520360225e-10       1.177514434777e-13       2.003803415726e-12       0.000000000000e+00       2.121744030260e-22       6.221061602923e-26       2.121121599969e-22      -5.964134991577e-18      -6.235420915119e-18       2.712859235416e-19      -1.964085167890e-20      -1.955328836722e-20      2.223798025607e-102       4.314854328069e-13      -4.148991936542e-13       6.118236083197e-14       5.656908264577e-14      -5.883051951468e-14 
  222       7.719732907615e-10       1.210631013284e-13       2.221558259463e-12       0.000000000000e+00       2.056518377259e-22       6.116654422387e-26       2.055906564629e-22      -5.916553670232e-18      -6.180667410182e-18       2.641137399499e-19      -2.185275598890e-20      -2.183538096355e-20     -6.392217678843e-103       4.407274281141e-13      -4.237859279659e-13       6.290306199355e-14       5.816003933484e-14      -6.048507716641e-14 
  223       7.718119049931e-10       1.245907580415e-13       2.440729894674e-12       0.000000000000e+00       1.993601198069e-22       6.013816326199e-26       1.992999862712e-22      -5.868800641610e-18      -6.125779608732e-18       2.569789671224e-19      -2.405099093187e-20      -2.409882349249e-20      1.531856350128e-103       4.503332974565e-13      -4.330225490462e-13       6.473599379921e-14       5.985476424228e-14      -6.224755133209e-14 
  224       7.715667898840e-10       1.283389427852e-13       2.661189814246e-12       0.000000000000e+00       1.932911450610e-22       5.912527476127e-26       1.932320348528e-22      -5.821291275194e-18      -6.070762301056e-18       2.494710258617e-19      -2.627185024147e-20      -2.634313681249e-20     -3.936424980955e-104       4.603089407361e-13      -4.426147300057e-13       6.668350955514e-14       6.165543323010e-14      -6.412020485717e-14 
  225       7.712351389818e-10       1.323121973225e-13       2.882835220224e-12       0.000000000000e+00       1.874357342742e-22       5.812767536715e-26       1.873776202633e-22      -5.773735831093e-18      -6.015622165151e-18       2.418863340574e-19      -2.851470903166e-20      -2.856790145072e-20      1.017623787890e-104       4.706605079328e-13      -4.525683844201e-13       6.874796911161e-14       6.356422821089e-14      -6.610530687960e-14 
  226       7.708184964640e-10       1.365144787198e-13       3.105622085884e-12       0.000000000000e+00       1.817841587581e-22       5.714517244117e-26       1.817270180876e-22      -5.725408023559e-18      -5.960380342226e-18       2.349723186678e-19      -3.075756090754e-20      -3.077270474836e-20     -2.779273551807e-105       4.813931470491e-13      -4.628884624032e-13       7.093142851709e-14       6.558305020276e-14      -6.820483441362e-14 
  227       7.703202301205e-10       1.409497805698e-13       3.329469392409e-12       0.000000000000e+00       1.763270693840e-22       5.617757813920e-26       1.762708868134e-22      -5.675848273854e-18      -5.905053998357e-18       2.292057245030e-19      -3.297257606122e-20      -3.295712169319e-20      6.940984046034e-106       4.925101870913e-13      -4.735781649948e-13       7.323596279853e-14       6.771381777129e-14      -7.042078272246e-14 
  228       7.697378986348e-10       1.456225628941e-13       3.554231655227e-12       0.000000000000e+00       1.710562798767e-22       5.522469970063e-26       1.710010458273e-22      -5.625100070493e-18      -5.849645781305e-18       2.245457108112e-19      -3.514316753466e-20      -3.512075438767e-20     -1.570798010988e-106       5.040188340326e-13      -4.846444211716e-13       7.566388933438e-14       6.995867355973e-14      -7.275538010487e-14 
  229       7.690688837926e-10       1.505368317300e-13       3.779823392523e-12       0.000000000000e+00       1.659649618362e-22       5.428634695502e-26       1.659106667910e-22      -5.573399070169e-18      -5.794162828807e-18       2.207637586374e-19      -3.727539780292e-20      -3.726324208816e-20      3.657507074130e-107       5.159239140345e-13      -4.960918715781e-13       7.821728961776e-14       7.231954211227e-14      -7.521062804165e-14 
  230       7.683157021403e-10       1.556960829068e-13       4.006199258635e-12       0.000000000000e+00       1.610472192759e-22       5.336234125683e-26       1.609938500868e-22      -5.521214800977e-18      -5.738625268488e-18       2.174104675110e-19      -3.938846249188e-20      -3.938423920120e-20     -8.535934779690e-108       5.282283939769e-13      -5.079233690477e-13       8.089798004326e-14       7.479810286354e-14      -7.778827310545e-14 
  231       7.674815062350e-10       1.611042502143e-13       4.233256071106e-12       0.000000000000e+00       1.562973771518e-22       5.245250982413e-26       1.562449182848e-22      -5.469269525178e-18      -5.683049569802e-18       2.137800446240e-19      -4.149267233091e-20      -4.148340038776e-20      2.792679877783e-108       5.409371641857e-13      -5.201436159229e-13       8.370800456506e-14       7.739624564928e-14      -8.049028068114e-14 
  232       7.665643901962e-10       1.667654193943e-13       4.460864155722e-12       0.000000000000e+00       1.517094011077e-22       5.155667800506e-26       1.516578376212e-22      -5.418123728282e-18      -5.627442378611e-18       2.093186503281e-19      -4.358054008772e-20      -4.356036827969e-20     -6.428035040954e-109       5.540555207279e-13      -5.327577046908e-13       8.664948608978e-14       8.011593330451e-14      -8.331869207110e-14 
  233       7.655631871535e-10       1.726830083802e-13       4.688933251887e-12       0.000000000000e+00       1.472766767352e-22       5.067466934772e-26       1.472259953020e-22      -5.367823471938e-18      -5.571812935104e-18       2.039894631665e-19      -4.563700836032e-20      -4.561478133150e-20      1.481242762441e-109       5.675876405917e-13      -5.457696517764e-13       8.972420053829e-14       8.295880784196e-14      -8.627521493007e-14 
  234       7.644795024616e-10       1.788602417357e-13       4.917398714596e-12       0.000000000000e+00       1.429921658214e-22       4.980630548875e-26       1.429423539746e-22      -5.317953060288e-18      -5.516174446654e-18       1.982213863656e-19      -4.765411656016e-20      -4.764630501164e-20     -2.501028607643e-110       5.815354302699e-13      -5.591812903874e-13       9.293382335847e-14       8.592641837721e-14      -8.936146030193e-14 
  235       7.633146238803e-10       1.853007446218e-13       5.146137010149e-12       0.000000000000e+00       1.388488461217e-22       4.895140552699e-26       1.387998910362e-22      -5.267852909558e-18      -5.460536302484e-18       1.926833929261e-19      -4.963897080341e-20      -4.965462880217e-20      1.223591349035e-110       5.959044563663e-13      -5.729979731483e-13       9.628023814441e-14       8.902050647741e-14      -9.257923937569e-14 
  236       7.620673037883e-10       1.920079103904e-13       5.375033588409e-12       0.000000000000e+00       1.348402788003e-22       4.810979252150e-26       1.347921664752e-22      -5.216855084544e-18      -5.404907164648e-18       1.880520801038e-19      -5.160948957132e-20      -5.163944294471e-20     -2.013419588244e-111       6.106986259129e-13      -5.872234569050e-13       9.976520804452e-14       9.224270234591e-14      -9.593024752459e-14 
  237       7.607382646203e-10       1.989847781208e-13       5.604017092881e-12       0.000000000000e+00       1.309610791009e-22       4.728129879696e-26       1.309137950159e-22      -5.164887100949e-18      -5.349302078930e-18       1.844149779811e-19      -5.357772252140e-20      -5.360046393459e-20      7.193269363633e-112       6.259202619407e-13      -6.018599753918e-13       1.033903121312e-13       9.559446598967e-14      -9.941600312165e-14 
  238       7.593295327601e-10       2.062345941687e-13       5.833010408929e-12       0.000000000000e+00       1.272070713637e-22       4.646575796845e-26       1.271606019392e-22      -5.112749916580e-18      -5.293736510614e-18       1.809865940334e-19      -5.553802850957e-20      -5.553745097774e-20     -1.234202570865e-112       6.415730910547e-13      -6.169111119632e-13       1.071572371752e-13       9.907735699352e-14      -1.030381280985e-13 
  239       7.578418573007e-10       2.137604928937e-13       6.061901371704e-12       0.000000000000e+00       1.235750364679e-22       4.566299603404e-26       1.235293692352e-22      -5.061325399761e-18      -5.238218120004e-18       1.768927202423e-19      -5.747433888342e-20      -5.745014924966e-20      5.422731738853e-113       6.576605084257e-13      -6.323801312806e-13       1.110676117556e-13       1.026928811382e-13      -1.067981884318e-13 
  240       7.562734383055e-10       2.215650532277e-13       6.290571833270e-12       0.000000000000e+00       1.200621492398e-22       4.487283960278e-26       1.200172723359e-22      -5.010760539430e-18      -5.182750931299e-18       1.719903918688e-19      -5.937174917580e-20      -5.933827012336e-20     -1.414137116333e-113       6.741843975886e-13      -6.482688444756e-13       1.151227758570e-13       1.064422773706e-13      -1.106974725974e-13 
  241       7.546238448552e-10       2.296509098738e-13       6.518924041006e-12       0.000000000000e+00       1.166653588838e-22       4.409512885735e-26       1.166212615902e-22      -4.960440246110e-18      -5.127343709030e-18       1.669034629200e-19      -6.121984632023e-20      -6.120156101757e-20      2.664422740925e-114       6.911480353161e-13      -6.645804023625e-13       1.193240984425e-13       1.103268114313e-13      -1.147372969356e-13 
  242       7.528955496307e-10       2.380209382932e-13       6.746871310865e-12       0.000000000000e+00       1.133809795015e-22       4.332971137221e-26       1.133376516531e-22      -4.909522941887e-18      -5.072010216380e-18       1.624872744930e-19      -6.302150556419e-20      -6.303981469884e-20     -1.055273204547e-114       7.085535219753e-13      -6.813168245705e-13       1.236730735702e-13       1.143478647230e-13      -1.189190980730e-13 
  243       7.510902787164e-10       2.466775516806e-13       6.974315272833e-12       0.000000000000e+00       1.102046444472e-22       4.257642569653e-26       1.101620729187e-22      -4.857295147892e-18      -5.016763268235e-18       1.594681203430e-19      -6.480449955695e-20      -6.485279034114e-20      2.806378800775e-115       7.264039294798e-13      -6.984810649293e-13       1.281709551095e-13       1.185065965711e-13      -1.232440816806e-13 
  244       7.492081415584e-10       2.556227181984e-13       7.201152508326e-12       0.000000000000e+00       1.071315994628e-22       4.183510249539e-26       1.070897667911e-22      -4.804039299151e-18      -4.961611947463e-18       1.575726483121e-19      -6.660171504902e-20      -6.664022261444e-20     -7.795924413144e-116       7.446998196080e-13      -7.160736636226e-13       1.328187656962e-13       1.228039525021e-13      -1.277132310841e-13 
  245       7.472495373381e-10       2.648588234192e-13       7.427274750647e-12       0.000000000000e+00       1.041571732761e-22       4.110558101355e-26       1.041160630265e-22      -4.751169813273e-18      -4.906563451672e-18       1.553936383997e-19      -6.840673205742e-20      -6.840191724820e-20      2.425508208774e-116       7.634433119395e-13      -7.340966587536e-13       1.376177448477e-13       1.272410785716e-13      -1.323277381542e-13 
  246       7.452146232346e-10       2.743883238934e-13       7.652582690538e-12       0.000000000000e+00       1.012772130361e-22       4.038771362906e-26       1.012368159153e-22      -4.699702985702e-18      -4.851626676107e-18       1.519236904049e-19      -7.017085521716e-20      -7.013773962577e-20     -4.015503303029e-117       7.826370769139e-13      -7.525526181108e-13       1.425691689605e-13       1.318191549329e-13      -1.370888302228e-13 
  247       7.431041785288e-10       2.842128716048e-13       7.876986979916e-12       0.000000000000e+00       9.848830452689e-23       3.968135285663e-26       9.844861604471e-23      -4.649026286681e-18      -4.796812275234e-18       1.477859885537e-19      -7.186252345248e-20      -7.184751869679e-20      1.172712410173e-117       8.022813541104e-13      -7.714417720637e-13       1.476738963876e-13       1.365389752173e-13      -1.419973326478e-13 
  248       7.409191904877e-10       2.943338690710e-13       8.100384635527e-12       0.000000000000e+00       9.578769813706e-23       3.898634147196e-26       9.574871007317e-23      -4.597728708356e-18      -4.742129609175e-18       1.444009008198e-19      -7.351105177419e-20      -7.353105192998e-20     -3.474025096349e-118       8.223763271350e-13      -7.907642971608e-13       1.529326558614e-13       1.414012132095e-13      -1.470539461496e-13 
  249       7.386604457362e-10       3.047533001092e-13       8.322665320444e-12       0.000000000000e+00       9.317300107505e-23       3.830251682406e-26       9.313469798995e-23      -4.545597133901e-18      -4.687585600485e-18       1.419884665836e-19      -7.516874335095e-20      -7.518817879051e-20      1.066225476252e-118       8.429247227267e-13      -8.105228153254e-13       1.583464781520e-13       1.464068219572e-13      -1.522596618752e-13 
  250       7.363282143301e-10       3.154730106756e-13       8.543737165636e-12       0.000000000000e+00       9.064180695247e-23       3.762972087737e-26       9.060417211133e-23      -4.493801694118e-18      -4.633187762993e-18       1.393860688755e-19      -7.684115065428e-20      -7.681877155693e-20     -4.453325461468e-119       8.639269634287e-13      -8.307177328583e-13       1.639163223978e-13       1.515566882778e-13      -1.576154020941e-13 
