# dimensionless total [l(l+1)/2pi] C_l's
# for l=2 to 250, i.e. number of multipoles equal to 249
#
# -> if you prefer output in CAMB/HealPix/LensPix units/order, set 'format' to 'camb' in input file
# -> if you don't want to see such a header, set 'headers' to 'no' in input file
#
# 1:l     2:TT                     3:EE                     4:TE                     5:BB                     6:aa                     7:aa_reco                8:aa_reio                9:aT                    10:aT_reco               11:aT_reio               12:aE                    13:aE_reco               14:aE_reio               15:TE_rot                16:TB_rot                17:EE_rot                18:BB_rot                19:EB_rot             
    2       1.381341230515e-10       4.175861430089e-15       3.515813031707e-13       0.000000000000e+00       2.012392666886e-15       2.736498772746e-16       9.847091440906e-16       2.921293253723e-13       1.489670673228e-13       1.431622580495e-13       2.866437709355e-15       6.107245690587e-18       2.003939635315e-15       4.193748901032e-15      -6.590941882774e-15       1.186641945537e-15       2.951910922935e-15      -1.871487104920e-15 
    3       1.306185898520e-10       5.350815164734e-15       3.951577795869e-13       0.000000000000e+00       1.457657241535e-15       2.653493436680e-16       6.661674214985e-16       2.518672242227e-13       1.498098077235e-13       1.020574164992e-13       2.745713463494e-15       1.321048806609e-17       1.840933860226e-15       5.030338897192e-15      -7.876833872241e-15       1.510104065026e-15       3.755347421347e-15      -2.380865217292e-15 
    4       1.235481165933e-10       4.626470318640e-15       3.695299647256e-13       0.000000000000e+00       1.025739179646e-15       2.576048042023e-16       4.081533833442e-16       2.141252064383e-13       1.453923371304e-13       6.873286930784e-14       2.127489607633e-15       2.217490892711e-17       1.301634740421e-15       4.072729791694e-15      -6.325910434265e-15       1.290263498182e-15       3.205256512973e-15      -2.032128063119e-15 
    5       1.182673944130e-10       3.084817755898e-15       3.146960180294e-13       0.000000000000e+00       7.178611352865e-16       2.501263966641e-16       2.249052970183e-16       1.862056756868e-13       1.395190970661e-13       4.668657862068e-14       1.444625464467e-15       3.285535762831e-17       7.460000578025e-16       2.567598160255e-15      -3.907093825226e-15       8.408469872065e-16       2.081062443988e-15      -1.319429165475e-15 
    6       1.146375565282e-10       1.723978060470e-15       2.534545687247e-13       0.000000000000e+00       5.200538360197e-16       2.428357638089e-16       1.151004526803e-16       1.659426913597e-13       1.333440012487e-13       3.259869011100e-14       9.142956590733e-16       4.509438575798e-17       3.522038486591e-16       1.439471751033e-15      -2.077813707697e-15       4.498263512992e-16       1.097915347493e-15      -6.961738119026e-16 
    7       1.122964012330e-10       9.313320729825e-16       1.990028639266e-13       0.000000000000e+00       4.054705521804e-16       2.357170062533e-16       6.232434321222e-17       1.503143982574e-13       1.272382606958e-13       2.307613756155e-14       5.792217985019e-16       5.874383940082e-17       1.408844264370e-16       9.087058439692e-16      -1.182025692715e-15       2.284264121078e-16       5.310561145347e-16      -3.368696124062e-16 
    8       1.109224938486e-10       6.010317275644e-16       1.571283960478e-13       0.000000000000e+00       3.411928292604e-16       2.287772835522e-16       4.159487126934e-17       1.374914867434e-13       1.213282748400e-13       1.616321190339e-14       3.893229537705e-16       7.366978570259e-17       5.220862200578e-17       7.658522697478e-16      -8.839657576311e-16       1.455834742046e-16       3.015597048161e-16      -1.914869310477e-16 
    9       1.102693472618e-10       4.824194193338e-16       1.291243295671e-13       0.000000000000e+00       3.008128182009e-16       2.220248989446e-16       3.225413850141e-17       1.266904907574e-13       1.156505388980e-13       1.103995185945e-14       2.808649201936e-16       8.975032458886e-17       1.984388730369e-17       7.531642050496e-16      -7.709015968451e-16       1.284389252848e-16       2.263677996418e-16      -1.439773059672e-16 
   10       1.101547176939e-10       4.107730314647e-16       1.136221373412e-13       0.000000000000e+00       2.710104981606e-16       2.154632828458e-16       2.501685034161e-17       1.176198072938e-13       1.102053140645e-13       7.414493229374e-15       2.149887429785e-16       1.068717431435e-16       6.220906884433e-18       7.521275682396e-16      -6.495672810742e-16       1.289091962770e-16       1.839268866208e-16      -1.172864387715e-16 
   11       1.104471667856e-10       3.446785034816e-16       1.079487056996e-13       0.000000000000e+00       2.486786893744e-16       2.090980959727e-16       1.954293068456e-17       1.100999647592e-13       1.049808369268e-13       5.119127832385e-15       1.779264288641e-16       1.249317545270e-16       7.130502490488e-19       7.655920813523e-16      -5.184224181293e-16       1.346148692423e-16       1.413891973993e-16      -9.059929706393e-17 
   12       1.110528164327e-10       2.997860740292e-16       1.090980514991e-13       0.000000000000e+00       2.343026748259e-16       2.029380563468e-16       1.818169205055e-17       1.039141008406e-13       9.996355101149e-14       3.950549829080e-15       1.655006802462e-16       1.438428589185e-16       2.913619849614e-18       8.263793423176e-16      -4.234672568124e-16       1.499458133329e-16       1.075055872983e-16      -6.947461179532e-17 
   13       1.119041712683e-10       2.871115397886e-16       1.143924390918e-13       0.000000000000e+00       2.273457339529e-16       1.969895081325e-16       2.163855870001e-17       9.878550134635e-14       9.514060703684e-14       3.644894309507e-15       1.718253816972e-16       1.635293235709e-16       1.064693742274e-17       9.420339605138e-16      -3.711652100703e-16       1.783279168601e-16       8.851400373226e-17      -5.787852098845e-17 
   14       1.129531481772e-10       2.986927922534e-16       1.217983495356e-13       0.000000000000e+00       2.252060039740e-16       1.912537259125e-16       2.814159905619e-17       9.439669933513e-14       9.049974635425e-14       3.896952980876e-15       1.879688456184e-16       1.839223882355e-16       1.829328373953e-17       1.098293818341e-15      -3.337258933151e-16       2.180285904445e-16       7.772000955794e-17      -5.157863419855e-17 
   15       1.141638479924e-10       3.227696385110e-16       1.300135270028e-13       0.000000000000e+00       2.243805297182e-16       1.857280953546e-16       3.474216275828e-17       9.042096939959e-14       8.602951130446e-14       4.391458095133e-15       2.059903386038e-16       2.049581635566e-16       2.069583578111e-17       1.284067036877e-15      -2.885742717965e-16       2.664300459957e-16       6.614456787723e-17      -4.489455317560e-17 
   16       1.155099886301e-10       3.568297437387e-16       1.383637772252e-13       0.000000000000e+00       2.219952016769e-16       1.804080656905e-16       3.892859726210e-17       8.657098201117e-14       8.171955519581e-14       4.851426815363e-15       2.222108350915e-16       2.265777023957e-16       1.640655886824e-17       1.503028497550e-15      -2.366207826465e-16       3.236986253445e-16       5.166387784101e-17      -3.649239287420e-17 
   17       1.169705570305e-10       4.063843413250e-16       1.466848457719e-13       0.000000000000e+00       2.166580706672e-16       1.752882756203e-16       3.954368195618e-17       8.264696261689e-14       7.756070418846e-14       5.086258428423e-15       2.372097284669e-16       2.487271834855e-16       7.700525026316e-18       1.767350883043e-15      -1.920762483361e-16       3.923474831531e-16       3.792993310248e-17      -2.870038259837e-17 
   18       1.185291620906e-10       4.767762437887e-16       1.551736285298e-13       0.000000000000e+00       2.084692802878e-16       1.703629529479e-16       3.684222772184e-17       7.855956329007e-14       7.354489830727e-14       5.014664982794e-15       2.535988097918e-16       2.713576650064e-16      -1.554904433475e-18       2.085523657668e-15      -1.634557102800e-16       4.748637617847e-16       2.847712138728e-17      -2.377245285099e-17 
   19       1.201724140185e-10       5.687040806791e-16       1.640979945959e-13       0.000000000000e+00       1.984873482815e-16       1.656260390188e-16       3.198526733581e-17       7.432341227348e-14       6.966487540640e-14       4.658536867083e-15       2.737069441304e-16       2.944248403334e-16      -8.110246116706e-18       2.458391055710e-15      -1.474284936291e-16       5.724395001748e-16       2.357120166513e-17      -2.189048321565e-17 
   20       1.218897585702e-10       6.800529582602e-16       1.735816555993e-13       0.000000000000e+00       1.880580836191e-16       1.610712585222e-16       2.638527825431e-17       7.002643509269e-14       6.591400095795e-14       4.112434134733e-15       2.983651868779e-16       3.178883389643e-16      -1.050004517425e-17       2.884291295621e-15      -1.368095618825e-16       6.854502530351e-16       2.141031397861e-17      -2.192568112311e-17 
   21       1.236727727401e-10       8.093893302663e-16       1.835667946865e-13       0.000000000000e+00       1.783041944206e-16       1.566921838799e-16       2.120813935711e-17       6.578787267399e-14       6.228606732996e-14       3.501805344027e-15       3.268227249466e-16       3.417112170719e-16      -9.081728146544e-18       3.364338851869e-15      -1.285577708011e-16       8.144078592357e-16       2.050616256206e-17      -2.294817738896e-17 
   22       1.255146722836e-10       9.569593324786e-16       1.938499763362e-13       0.000000000000e+00       1.698849310603e-16       1.524823065468e-16       1.714241269266e-17       6.171796157356e-14       5.877522564335e-14       2.942735930210e-15       3.573754609756e-16       3.658597700729e-16      -5.343054173345e-18       3.902047701314e-15      -1.234859140266e-16       9.602518697203e-16       2.041292665723e-17      -2.468913004912e-17 
   23       1.274103708112e-10       1.123321987742e-15       2.041385377304e-13       0.000000000000e+00       1.629890029852e-16       1.484351049381e-16       1.439826076696e-17       5.789049961061e-14       5.537581639077e-14       2.514683219842e-15       3.882122558683e-16       3.903028479407e-16      -9.912556580971e-19       4.500713601500e-15      -1.219056233303e-16       1.124004863507e-15       2.088292900559e-17      -2.700536013817e-17 
   24       1.293552386770e-10       1.308214163799e-15       2.140694810303e-13       0.000000000000e+00       1.574625823290e-16       1.445440975202e-16       1.283807815268e-17       5.433313716808e-14       5.208245136658e-14       2.250685801495e-15       4.180197900231e-16       4.150116129830e-16       2.701239477918e-18       5.160713700983e-15      -1.202752291807e-16       1.306490366804e-15       2.117369987258e-17      -2.943999249548e-17 
   25       1.313462167886e-10       1.511415940426e-15       2.232364717144e-13       0.000000000000e+00       1.529746089513e-16       1.408028890900e-16       1.214392365288e-17       5.103337359886e-14       4.888991664829e-14       2.143456950575e-15       4.462145424529e-16       4.399594780588e-16       5.111907612235e-18       5.883449574638e-15      -1.163499735470e-16       1.508479066892e-15       2.041305012546e-17      -3.145390238543e-17 
   26       1.333802620903e-10       1.733779767882e-15       2.314246839258e-13       0.000000000000e+00       1.491570219486e-16       1.372052107181e-16       1.195956391760e-17       4.795111656943e-14       4.579308278789e-14       2.158033781542e-15       4.728387459938e-16       4.651215467693e-16       6.193378036478e-18       6.672936951168e-15      -1.114143355283e-16       1.730981855155e-15       1.834433781929e-17      -3.289812755649e-17 
   27       1.354543699104e-10       1.977014006145e-15       2.385570851684e-13       0.000000000000e+00       1.456960546468e-16       1.337449468782e-16       1.198141312044e-17       4.503378104238e-14       4.278716711322e-14       2.246613929158e-15       4.982729960918e-16       4.904746423031e-16       6.252467958407e-18       7.531703698212e-15      -1.059760363455e-16       1.975319981086e-15       1.550517649652e-17      -3.412714703137e-17 
   28       1.375666816505e-10       2.243467147732e-15       2.445718609350e-13       0.000000000000e+00       1.423717800797e-16       1.304161570981e-16       1.199853929982e-17       4.223064100960e-14       3.986743613799e-14       2.363204871607e-15       5.230223992826e-16       5.159971980787e-16       5.697536739279e-18       8.464845459179e-15      -1.033595033169e-16       2.242932099754e-15       1.274456442018e-17      -3.569275931473e-17 
   29       1.397141412104e-10       2.535120174284e-15       2.495870909473e-13       0.000000000000e+00       1.390595397230e-16       1.272130917627e-16       1.189473790280e-17       3.950031615882e-14       3.702938036604e-14       2.470935792777e-15       5.475656066427e-16       5.416684283343e-16       4.916961259645e-18       9.476390963443e-15      -1.055992115968e-16       2.535116393007e-15       1.060780966496e-17      -3.795399889552e-17 
   30       1.418948373584e-10       2.852973239601e-15       2.537213461471e-13       0.000000000000e+00       1.357102960326e-16       1.241302013534e-16       1.162859953711e-17       3.681406004672e-14       3.426881944028e-14       2.545240606442e-15       5.723062923530e-16       5.674685472724e-16       4.263534959647e-18       1.056711185791e-14      -1.109714093876e-16       2.852947859986e-15       9.138350598870e-18      -4.095145452261e-17 
   31       1.441071325565e-10       3.197840793025e-15       2.570386672300e-13       0.000000000000e+00       1.323217799736e-16       1.211621411353e-16       1.120491739508e-17       3.415543239537e-14       3.158159701794e-14       2.573835377438e-15       5.975512997179e-16       5.933792381404e-16       3.994302906617e-18       1.174018486288e-14      -1.198690194678e-16       3.197398126150e-15       8.155233973752e-18      -4.458329000597e-17 
   32       1.463486566791e-10       3.570253511085e-15       2.595629937551e-13       0.000000000000e+00       1.289110697005e-16       1.183037758086e-16       1.064725340670e-17       3.151767849498e-14       2.896395231305e-14       2.553726181930e-15       6.233803372282e-16       6.193827724739e-16       4.184935090294e-18       1.299584763945e-14      -1.301344823232e-16       3.569443477117e-15       7.545301344867e-18      -4.879037172326e-17 
   33       1.486189891849e-10       3.971108091694e-15       2.610717715223e-13       0.000000000000e+00       1.254952432942e-16       1.155501822249e-16       9.978701762420e-18       2.890076282313e-14       2.641232279243e-14       2.488440030705e-15       6.496789612988e-16       6.454616867820e-16       4.715035118550e-18       1.433573834097e-14      -1.414910153893e-16       3.970050608622e-15       7.259355015486e-18      -5.355368104392e-17 
   34       1.509171054378e-10       4.402217161103e-15       2.614294347636e-13       0.000000000000e+00       1.220837859672e-16       1.128966436499e-16       9.214326843798e-18       2.630793616435e-14       2.392318323954e-14       2.384752924809e-15       6.762334215513e-16       6.715997293659e-16       5.314165839352e-18       1.576676272692e-14      -1.591965609722e-16       4.400135686020e-15       7.181390279982e-18      -5.881155212089e-17 
   35       1.532414528564e-10       4.864516680052e-15       2.607048338597e-13       0.000000000000e+00       1.186816028800e-16       1.103386449910e-16       8.364030931994e-18       2.374420578231e-14       2.149344219664e-14       2.250763585662e-15       7.027004420586e-16       6.977815740683e-16       5.645511984059e-18       1.729033944734e-14      -1.828339342284e-16       4.860570575387e-15       7.130677367422e-18      -6.446105838566e-17 
   36       1.555921875565e-10       5.357749112069e-15       2.587919643347e-13       0.000000000000e+00       1.152969776188e-16       1.078718730372e-16       7.440788421182e-18       2.121497349747e-14       1.912014936604e-14       2.094824131424e-15       7.287330084143e-16       7.239914811216e-16       5.443499454621e-18       1.890443693226e-14      -2.079003782698e-16       5.352212125362e-15       6.992565836805e-18      -7.044065394438e-17 
   37       1.579684665319e-10       5.881955790331e-15       2.554401894664e-13       0.000000000000e+00       1.119490068647e-16       1.054922123163e-16       6.467972004773e-18       1.872492694125e-14       1.680056368908e-14       1.924363252169e-15       7.541942238639e-16       7.502136157967e-16       4.643082329181e-18       2.060820647107e-14      -2.316319637178e-16       5.875914437720e-15       6.776277470873e-18      -7.676667853627e-17 
   38       1.603702248523e-10       6.438742052475e-15       2.504120652711e-13       0.000000000000e+00       1.086693380593e-16       1.031957326029e-16       5.481220091017e-18       1.627846133509e-14       1.453217772031e-14       1.746283614783e-15       7.792342368552e-16       7.764335883845e-16       3.392562663459e-18       2.240443692387e-14      -2.561428847761e-16       6.432521264515e-15       6.535926807644e-18      -8.348358314900e-17 
   39       1.627975832132e-10       7.030763852034e-15       2.437557862476e-13       0.000000000000e+00       1.054976416659e-16       1.009786798529e-16       4.523983264237e-18       1.387924286819e-14       1.231245703059e-14       1.566785837600e-15       8.041775336757e-16       8.026383128736e-16       1.959937415864e-18       2.430183060345e-14      -2.891726246861e-16       7.022853640218e-15       6.303094176078e-18      -9.062136372632e-17 
   40       1.652488410199e-10       7.658068715525e-15       2.358519429101e-13       0.000000000000e+00       1.024735530004e-16       9.883747894482e-17       3.639241691299e-18       1.153068916550e-14       1.013919080626e-14       1.391498359240e-15       8.292433965589e-16       8.288141021608e-16       6.273766272612e-19       2.629898843078e-14      -3.276439719421e-16       7.647679810790e-15       6.082093670889e-18      -9.819221352367e-17 
   41       1.677238946338e-10       8.318580468716e-15       2.266926484754e-13       0.000000000000e+00       9.962794737031e-17       9.676872922956e-17       2.861183832196e-18       9.236425582336e-15       8.010481974191e-15       1.225943608145e-15       8.544968750724e-16       8.549458597139e-16      -3.896050251512e-19       2.838525032238e-14      -3.595347011339e-16       8.307674956843e-15       5.833720632531e-18      -1.061798027768e-16 
   42       1.702234434653e-10       9.013701687546e-15       2.159028625062e-13       0.000000000000e+00       9.697780775875e-17       9.476919046215e-17       2.209897385222e-18       6.998775021967e-15       5.924308728327e-15       1.074466293641e-15       8.800476997342e-16       8.810185778977e-16      -9.975716217547e-19       3.056552926108e-14      -3.890235637760e-16       9.003434776193e-15       5.487188959621e-18      -1.145469552453e-16 
   43       1.727468400202e-10       9.746708017529e-15       2.036045675321e-13       0.000000000000e+00       9.452519682465e-17       9.283577364273e-17       1.690257604089e-18       4.819303115920e-15       3.878723465199e-15       9.405796507212e-16       9.059587108450e-16       9.070193142454e-16      -1.226389819919e-18       3.285059788773e-14      -4.265255384311e-16       9.735551470606e-15       5.025419363968e-18      -1.232902348256e-16 
   44       1.752929953960e-10       1.051705444762e-14       1.901322401966e-13       0.000000000000e+00       9.225926331036e-17       9.096553253323e-17       1.294355190911e-18       2.698892352217e-15       1.872163523223e-15       8.267288289932e-16       9.320608703246e-16       9.329372167456e-16      -1.176593516122e-18       3.523464953628e-14      -4.657623857951e-16       1.050465249270e-14       4.527498286595e-18      -1.324671316526e-16 
   45       1.778628130821e-10       1.132308181899e-14       1.752833201922e-13       0.000000000000e+00       9.016095236072e-17       8.915566129817e-17       1.005802046807e-18       6.363419234202e-16      -9.686500485575e-17       7.332069282759e-16       9.581354586517e-16       9.587617510480e-16      -9.669345857546e-19       3.771044009455e-14      -4.986585258341e-16       1.131135101850e-14       4.101071448711e-18      -1.421529243852e-16 
   46       1.804567592918e-10       1.216651494809e-14       1.587010561393e-13       0.000000000000e+00       8.820732224436e-17       8.740349335833e-17       8.042146901203e-19      -1.370574249434e-15      -2.029926770784e-15       6.593525213499e-16       9.841037406259e-16       9.844809742587e-16      -7.100449616154e-19       4.028376795653e-14      -5.305763280638e-16       1.215617692579e-14       3.812936911331e-18      -1.523961693830e-16 
   47       1.830747205665e-10       1.304980319553e-14       1.403905400537e-13       0.000000000000e+00       8.637490920212e-17       8.570649509604e-17       6.687779663042e-19      -3.325275448675e-15      -3.928434257070e-15       6.031588083942e-16       1.009932206573e-15       1.010081036967e-15      -4.947160839114e-19       4.296038382382e-14      -5.675226731083e-16       1.303954970963e-14       3.688830580535e-18      -1.632182315820e-16 
   48       1.857167585293e-10       1.397281355148e-14       1.204772378757e-13       0.000000000000e+00       8.464248339266e-17       8.406225938890e-17       5.805333738407e-19      -5.232424868419e-15      -5.793634221524e-15       5.612093531046e-16       1.035547009026e-15       1.035546904247e-15      -3.661886629941e-19       4.573777606148e-14      -6.070805295362e-16       1.396178314176e-14       3.724270958357e-18      -1.746201636765e-16 
   49       1.883830391816e-10       1.493404068371e-14       9.893167051681e-14       0.000000000000e+00       8.299185746970e-17       8.246849386139e-17       5.235456482538e-19      -7.096387480253e-15      -7.626692360171e-15       5.303048799180e-16       1.060885146047e-15       1.060863355773e-15      -3.237089845899e-19       4.861092962744e-14      -6.441400388984e-16       1.492309806005e-14       3.876294482526e-18      -1.865776652004e-16 
   50       1.910740131596e-10       1.593308984298e-14       7.560738309222e-14       0.000000000000e+00       8.140824745229e-17       8.092301553539e-17       4.853037223192e-19      -8.921765847461e-15      -9.428687582003e-15       5.069217345421e-16       1.085950397029e-15       1.086015830125e-15      -3.388777799682e-19       5.157795336371e-14      -6.771426812285e-16       1.592364935866e-14       4.079508193628e-18      -1.990515131968e-16 
   51       1.937903455142e-10       1.697146292095e-14       5.039753560570e-14       0.000000000000e+00       7.988051750823e-17       7.942374841607e-17       4.566826238875e-19      -1.071298418993e-14      -1.120073603752e-14       4.877518475888e-16       1.110812454084e-15       1.110990780355e-15      -3.748465359243e-19       5.464230976574e-14      -7.101364646423e-16       1.696355617873e-14       4.289737055796e-18      -2.120153902864e-16 
   52       1.965320450510e-10       1.805059112563e-14       2.340194526851e-14       0.000000000000e+00       7.840060203426e-17       7.796871463330e-17       4.316538833062e-19      -1.247326304031e-14      -1.294384944157e-14       4.705864012663e-16       1.135536263689e-15       1.135775517703e-15      -3.954498265278e-19       5.780781094727e-14      -7.473780462018e-16       1.804291022764e-14       4.501913192874e-18      -2.254672402129e-16 
   53       1.992988445980e-10       1.916917901156e-14      -5.176231719655e-15       0.000000000000e+00       7.696318061564e-17       7.655603072742e-17       4.068217398615e-19      -1.420527305459e-14      -1.465885757932e-14       4.535845247294e-16       1.160104113444e-15       1.160358028394e-15      -3.715474307943e-19       6.107001027010e-14      -7.850024777438e-16       1.916176385661e-14       4.725830185056e-18      -2.394138694196e-16 
   54       2.020916998703e-10       2.032472582062e-14      -3.538567947158e-14       0.000000000000e+00       7.556517131719e-17       7.518390401735e-17       3.808388712982e-19      -1.591081788824e-14      -1.634658669947e-14       4.357688112284e-16       1.184454478752e-15       1.184726735732e-15      -2.898533742482e-19       6.442065013150e-14      -8.157224169960e-16       2.032011494468e-14       4.960624108179e-18      -2.538547083000e-16 
   55       2.049108308318e-10       2.151800823849e-14      -6.753250529743e-14       0.000000000000e+00       7.420488833743e-17       7.385062822092e-17       3.537704260612e-19      -1.759076101163e-14      -1.800784251779e-14       4.170815061597e-16       1.208593002279e-15       1.208870362912e-15      -1.581760490680e-19       6.786169213026e-14      -8.424110166384e-16       2.151790431241e-14       5.196581455068e-18      -2.687829165244e-16 
   56       2.077570769101e-10       2.275287595536e-14      -1.017303796753e-13       0.000000000000e+00       7.288156507605e-17       7.255458001376e-17       3.264808665528e-19      -1.924574283006e-14      -1.964343249351e-14       3.976896634529e-16       1.232583971020e-15       1.232777834364e-15      -8.031265334347e-22       7.140418485367e-14      -8.767504140895e-16       2.275501786586e-14       5.427994176090e-18      -2.841934957199e-16 
   57       2.106303487264e-10       2.403063082832e-14      -1.377211652099e-13       0.000000000000e+00       7.159482464319e-17       7.129421236030e-17       3.001116095731e-19      -2.087589423127e-14      -2.125407206473e-14       3.781778334566e-16       1.256419882666e-15       1.256438128738e-15       1.531402436300e-19       7.505106417012e-14      -9.226203063312e-16       2.403128222712e-14       5.653829169193e-18      -3.000836566851e-16 
   58       2.135303745754e-10       2.534773736182e-14      -1.752800177670e-13       0.000000000000e+00       7.034420089515e-17       7.006805178886e-17       2.756945597722e-19      -2.248104250636e-14      -2.284031316067e-14       3.592706543032e-16       1.279985895373e-15       1.279840318793e-15       2.805192463824e-19       7.879145722170e-14      -9.707106695101e-16       2.534646118673e-14       5.869383171900e-18      -3.164475262800e-16 
   59       2.164578977705e-10       2.670062696147e-14      -2.145664358361e-13       0.000000000000e+00       6.912898741862e-17       6.887469724939e-17       2.539197579126e-19      -2.406120322402e-14      -2.440265956313e-14       3.414563391142e-16       1.303185755764e-15       1.302973595736e-15       3.694578283462e-19       8.261544658344e-14      -1.012812892740e-15       2.670025489096e-14       6.065412788741e-18      -3.332755901576e-16 
   60       2.194133605446e-10       2.809021289200e-14      -2.558939581742e-13       0.000000000000e+00       6.794814481346e-17       6.771281485003e-17       2.350574263938e-19      -2.561653604900e-14      -2.594164774263e-14       3.251116936327e-16       1.326038627758e-15       1.325827275445e-15       4.194611877471e-19       8.652598933154e-14      -1.053217573411e-15       2.809230414572e-14       6.238246475631e-18      -3.505611066270e-16 
   61       2.223972067868e-10       2.951976726712e-14      -2.993111317371e-13       0.000000000000e+00       6.680030604395e-17       6.658113275548e-17       2.190016012535e-19      -2.714738875640e-14      -2.745778915105e-14       3.104003946443e-16       1.348619298980e-15       1.348390797804e-15       4.387337063616e-19       9.053142974218e-14      -1.101542738612e-15       2.952219504952e-14       6.398933583674e-18      -3.683059188573e-16 
   62       2.254090283213e-10       3.099010381890e-14      -3.445836628257e-13       0.000000000000e+00       6.568389492536e-17       6.547843927889e-17       2.053707079039e-19      -2.865426903333e-14      -2.895152620208e-14       2.972571687486e-16       1.370951310190e-15       1.370653698306e-15       4.401678552824e-19       9.463232829964e-14      -1.160222595268e-15       3.098945561616e-14       6.570405652455e-18      -3.865186275679e-16 
   63       2.284487246892e-10       3.249881047057e-14      -3.914978880785e-13       0.000000000000e+00       6.459721324359e-17       6.440358069400e-17       1.936181267655e-19      -3.013770312246e-14      -3.042318055885e-14       2.854774363874e-16       1.392994579184e-15       1.392605644646e-15       4.366842534238e-19       9.882101620638e-14      -1.223919578920e-15       3.249355054914e-14       6.773827878889e-18      -4.052059411941e-16 
   64       2.315164470776e-10       3.404320546775e-14      -4.400228732704e-13       0.000000000000e+00       6.353854712774e-17       6.335545751489e-17       1.831442400209e-19      -3.159829679158e-14      -3.187302905371e-14       2.747322621209e-16       1.414705652183e-15       1.414236431466e-15       4.369579431279e-19       1.030900215112e-13      -1.287564442815e-15       3.403387534093e-14       7.014386524408e-18      -4.243636629076e-16 
   65       2.346130215038e-10       3.562217477080e-14      -4.902069340626e-13       0.000000000000e+00       6.250631161505e-17       6.233302307457e-17       1.734030453431e-19      -3.303679906020e-14      -3.330141079482e-14       2.646117346161e-16       1.436069244677e-15       1.435536067387e-15       4.430119904114e-19       1.074361015346e-13      -1.350184058887e-15       3.560975849373e-14       7.276132928658e-18      -4.439734747415e-16 
   66       2.377385942006e-10       3.723527752585e-14      -5.420542822157e-13       0.000000000000e+00       6.149912739260e-17       6.133528007752e-17       1.639777494467e-19      -3.445384217715e-14      -3.470861176271e-14       2.547695855671e-16       1.457078234783e-15       1.456494750731e-15       4.506192121389e-19       1.118571950632e-13      -1.412126646724e-15       3.722046245465e-14       7.528476297340e-18      -4.640070332978e-16 
   67       2.408936855528e-10       3.888146492340e-14      -5.955352603276e-13       0.000000000000e+00       6.051578557860e-17       6.036127670576e-17       1.546087267419e-19      -3.584985484977e-14      -3.609490572006e-14       2.450508702936e-16       1.477711565060e-15       1.477102764083e-15       4.521367818490e-19       1.163494992137e-13      -1.472297083038e-15       3.886518614616e-14       7.739831888071e-18      -4.844345861099e-16 
   68       2.440787616810e-10       4.055915806109e-14      -6.506531156965e-13       0.000000000000e+00       5.955521180935e-17       5.941010690846e-17       1.451865506392e-19      -3.722515007516e-14      -3.746052941871e-14       2.353793435540e-16       1.497940639162e-15       1.497350670890e-15       4.402928109135e-19       1.209083671711e-13      -1.528807687891e-15       4.054307824457e-14       7.890852393791e-18      -5.052334584441e-16 
   69       2.472940481351e-10       4.226707298766e-14      -7.074577929917e-13       0.000000000000e+00       5.861655687995e-17       5.848090636130e-17       1.357297854306e-19      -3.858010324504e-14      -3.880570726895e-14       2.256040239082e-16       1.517748304489e-15       1.517229191784e-15       4.112308807384e-19       1.255302409370e-13      -1.580902817784e-15       4.225323380300e-14       7.981185959384e-18      -5.263922626363e-16 
   70       2.505407672758e-10       4.400473634352e-14      -7.660143786106e-13       0.000000000000e+00       5.769916239308e-17       5.757284933145e-17       1.263514290711e-19      -3.991502096229e-14      -4.013069745245e-14       2.156764901622e-16       1.537136943620e-15       1.536729127297e-15       3.657482284299e-19       1.302136896603e-13      -1.629867124086e-15       4.399469353295e-14       8.027927938712e-18      -5.479099153326e-16 
   71       2.538186189934e-10       4.577239303578e-14      -8.263616524758e-13       0.000000000000e+00       5.680236584121e-17       5.668514975450e-17       1.172142805805e-19      -4.122987958509e-14      -4.143572160509e-14       2.058420200056e-16       1.556123477886e-15       1.555841653834e-15       3.086286243769e-19       1.349590384166e-13      -1.678646406642e-15       4.576645164937e-14       8.058066959092e-18      -5.697909826282e-16 
   72       2.571286696259e-10       4.757043279183e-14      -8.884812897807e-13       0.000000000000e+00       5.592555479143e-17       5.581705742952e-17       1.084863327252e-19      -4.252482839108e-14      -4.272104275214e-14       1.962143610523e-16       1.574728705890e-15       1.574558084213e-15       2.467457355488e-19       1.397669762759e-13      -1.730570962561e-15       4.756744432320e-14       8.099237417287e-18      -5.920397206102e-16 
   73       2.604704933171e-10       4.939866257857e-14      -9.522941770517e-13       0.000000000000e+00       5.506821061027e-17       5.496785678263e-17       1.003083909140e-19      -4.380007310070e-14      -4.398687220655e-14       1.867991058492e-16       1.592964819772e-15       1.592869873335e-15       1.869111105883e-19       1.446367671100e-13      -1.787752853699e-15       4.939654556903e-14       8.172597299388e-18      -6.146555445386e-16 
   74       2.638433531974e-10       5.125588324274e-14      -1.017684252755e-12       0.000000000000e+00       5.422971861967e-17       5.413686704128e-17       9.277653089765e-20      -4.505541318598e-14      -4.523330550894e-14       1.778923229575e-16       1.610826506650e-15       1.610768890203e-15       1.342674585604e-19       1.495652997307e-13      -1.850159244514e-15       5.125258080248e-14       8.289638167891e-18      -6.376311895160e-16 
   75       2.672475411052e-10       5.314003364519e-14      -1.084543494063e-12       0.000000000000e+00       5.340941949820e-17       5.332343711416e-17       8.593625819469e-20      -4.629083729012e-14      -4.646041557463e-14       1.695782845053e-16       1.628294279691e-15       1.628247141223e-15       9.159126400152e-20       1.545473823405e-13      -1.916012942203e-15       5.313431767329e-14       8.452646761148e-18      -6.609528877345e-16 
   76       2.706827045569e-10       5.504875252792e-14      -1.152801163467e-12       0.000000000000e+00       5.260674732672e-17       5.252694447675e-17       7.978523527596e-20      -4.750658523852e-14      -4.766828588465e-14       1.617006461312e-16       1.645345528334e-15       1.645296744441e-15       5.943126889043e-20       1.595771232921e-13      -1.983047565914e-15       5.504046032759e-14       8.657350377735e-18      -6.846019617076e-16 
   77       2.741492829398e-10       5.697991697636e-14      -1.222421400501e-12       0.000000000000e+00       5.182109845170e-17       5.174679688246e-17       7.428215198309e-20      -4.870259650016e-14      -4.885696639552e-14       1.543698953561e-16       1.661961107646e-15       1.661910179957e-15       3.675066819338e-20       1.646492051619e-13      -2.049576700045e-15       5.696966982082e-14       8.896123546331e-18      -7.085570932457e-16 
   78       2.776477947660e-10       5.893183032787e-14      -1.293390216613e-12       0.000000000000e+00       5.105179807718e-17       5.098242847468e-17       6.935957129075e-20      -4.987887413777e-14      -5.002654789580e-14       1.476737580290e-16       1.678127435303e-15       1.678080210447e-15       2.170073822914e-20       1.697592568550e-13      -2.114849808506e-15       5.892056141178e-14       9.160630946517e-18      -7.327959525469e-16 
   79       2.811788512299e-10       6.090313848323e-14      -1.365699040662e-12       0.000000000000e+00       5.029823544952e-17       5.023329658938e-17       6.493803373531e-20      -5.103575425510e-14      -5.117720828707e-14       1.414540319682e-16       1.693836918034e-15       1.693799696480e-15       1.226265062932e-20       1.749036815200e-13      -2.178894881934e-15       6.089169739132e-14       9.443464383829e-18      -7.572961394177e-16 
   80       2.847421487982e-10       6.289267508739e-14      -1.439332354433e-12       0.000000000000e+00       4.955984625901e-17       4.949888527660e-17       6.093791292186e-20      -5.217341963940e-14      -5.230904606155e-14       1.356264221558e-16       1.709085979361e-15       1.709061806215e-15       6.647997587057e-21       1.800793702981e-13      -2.242215507621e-15       6.288159739644e-14       9.738836579763e-18      -7.820357469567e-16 
   81       2.883375600821e-10       6.489930640469e-14      -1.514261053929e-12       0.000000000000e+00       4.883604158338e-17       4.877870401563e-17       5.728697485820e-20      -5.329185348380e-14      -5.342210863555e-14       1.302551517510e-16       1.723871677611e-15       1.723860106314e-15       3.469406806006e-21       1.852834259144e-13      -2.305492585956e-15       6.488874316787e-14       1.004262418562e-17      -8.069934473162e-16 
   82       2.919655580994e-10       6.692178618451e-14      -1.590444703947e-12       0.000000000000e+00       4.812624871720e-17       4.807228070587e-17       5.392426112250e-20      -5.439118089348e-14      -5.451647128640e-14       1.252903929202e-16       1.738190000684e-15       1.738188238567e-15       1.751953540306e-21       1.905127512505e-13      -2.369306364124e-15       6.691157076586e-14       1.035207883583e-17      -8.321482138951e-16 
   83       2.956256245572e-10       6.895866666708e-14      -1.667834182388e-12       0.000000000000e+00       4.742997628131e-17       4.737916327298e-17       5.080165491640e-20      -5.547164903838e-14      -5.559223018055e-14       1.205811421692e-16       1.752036406747e-15       1.752040075544e-15       8.633820855246e-22       1.957638579270e-13      -2.433940417295e-15       6.894847404593e-14       1.066544607611e-17      -8.574791245200e-16 
   84       2.993176273964e-10       7.100830156482e-14      -1.746370329344e-12       0.000000000000e+00       4.674680449489e-17       4.669892326405e-17       4.788383916005e-20      -5.653337286601e-14      -5.664941786105e-14       1.160449950396e-16       1.765405396492e-15       1.765409955757e-15       4.209998282308e-22       2.010329055185e-13      -2.499346480678e-15       7.099782157287e-14       1.098162325030e-17      -8.829653549516e-16 
   85       3.030410445713e-10       7.306889056552e-14      -1.825992530959e-12       0.000000000000e+00       4.607630711533e-17       4.603115074751e-17       4.514688733582e-20      -5.757629776491e-14      -5.768799364523e-14       1.116958803177e-16       1.778289816806e-15       1.778292369942e-15       2.071597937202e-22       2.063157060641e-13      -2.565262368850e-15       7.305793785608e-14       1.129989738994e-17      -9.085857824672e-16 
   86       3.067969441722e-10       7.513857186417e-14      -1.906648586859e-12       0.000000000000e+00       4.541803910452e-17       4.537545083181e-17       4.257547499886e-20      -5.860048867055e-14      -5.870808451503e-14       1.075958444779e-16       1.790681868619e-15       1.790681888334e-15       1.051524112349e-22       2.116079063731e-13      -2.631386847831e-15       7.512710324735e-14       1.161977251049e-17      -9.343188759634e-16 
   87       3.105852424441e-10       7.721551744670e-14      -1.988289851631e-12       0.000000000000e+00       4.477159896367e-17       4.473144770413e-17       4.015924719053e-20      -5.960611173325e-14      -5.970981423808e-14       1.037025048315e-16       1.802575028786e-15       1.802573553887e-15       5.587924492297e-23       2.169054100956e-13      -2.697505654525e-15       7.720358282269e-14       1.194086915411e-17      -9.601429891447e-16 
   88       3.144043527297e-10       7.929793323177e-14      -2.070859833166e-12       0.000000000000e+00       4.413663167535e-17       4.409878407905e-17       3.788996287785e-20      -6.059316475687e-14      -6.069311175088e-14       9.994699401095e-17       1.813964541973e-15       1.813962751592e-15       3.102669963879e-23       2.222040695109e-13      -2.763516565352e-15       7.928560996780e-14       1.226286274834e-17      -9.860361192068e-16 
   89       3.182550671788e-10       8.138402913642e-14      -2.154301349871e-12       0.000000000000e+00       4.351279897986e-17       4.347711586730e-17       3.576037218047e-20      -6.156165276289e-14      -6.165797883471e-14       9.632607181980e-17       1.824846260167e-15       1.824844861302e-15       1.766936072153e-23       2.274998690971e-13      -2.829395717803e-15       8.137137694333e-14       1.258545095548e-17      -1.011975769880e-15 
   90       3.221375270442e-10       8.347201118653e-14      -2.238563230413e-12       0.000000000000e+00       4.289978132445e-17       4.286611367824e-17       3.376386585081e-20      -6.251173206922e-14      -6.260453318684e-14       9.280111762199e-17       1.835216668409e-15       1.835215664880e-15       1.006367696939e-23       2.327887597953e-13      -2.895143502605e-15       8.345905765823e-14       1.290834165696e-17      -1.037939224879e-15 
   91       3.260509235423e-10       8.556006792246e-14      -2.323589762088e-12       0.000000000000e+00       4.229726745475e-17       4.226546394218e-17       3.189392035780e-20      -6.344346952441e-14      -6.353285221194e-14       8.938268752961e-17       1.845072416511e-15       1.845071381245e-15       5.605499713578e-24       2.380667401107e-13      -2.960750085726e-15       8.554681552934e-14       1.323124682210e-17      -1.063903641023e-15 
   92       3.299951217951e-10       8.764634274090e-14      -2.409318459427e-12       0.000000000000e+00       4.170493366135e-17       4.167486550282e-17       3.014351921446e-20      -6.435680417652e-14      -6.444292869117e-14       8.612451465516e-17       1.854409503378e-15       1.854408288478e-15       3.004707175131e-24       2.433297672960e-13      -3.026182946125e-15       8.763278288762e-14       1.355387601101e-17      -1.089845790041e-15 
   93       3.339695725941e-10       8.972894354480e-14      -2.495686575824e-12       0.000000000000e+00       4.112246787687e-17       4.109402969987e-17       2.850487805112e-20      -6.525173680865e-14      -6.533476042784e-14       8.302361919159e-17       1.863224281628e-15       1.863222946880e-15       1.533611794025e-24       2.485736481706e-13      -3.091390525072e-15       8.971506758630e-14       1.387593596796e-17      -1.115742139857e-15 
   94       3.379745482518e-10       9.180597417898e-14      -2.582632656252e-12       0.000000000000e+00       4.054959710325e-17       4.052268122647e-17       2.696968464818e-20      -6.612835861253e-14      -6.620840092316e-14       8.004231062582e-17       1.871513774118e-15       1.871512303453e-15       7.399492654029e-25       2.537944196313e-13      -3.156317199751e-15       9.179177801605e-14       1.419713389902e-17      -1.141569165314e-15 
   95       3.420096786702e-10       9.387551844149e-14      -2.670095507213e-12       0.000000000000e+00       3.998605842242e-17       3.996055680588e-17       2.552972964846e-20      -6.698674768176e-14      -6.706391198751e-14       7.716430575304e-17       1.879275322281e-15       1.879273545263e-15       3.354555270386e-25       2.589880197839e-13      -3.220906971072e-15       9.386100212449e-14       1.451717399144e-17      -1.167303087107e-15 
   96       3.460745220619e-10       9.593563776010e-14      -2.758011191371e-12       0.000000000000e+00       3.943157794693e-17       3.940740343521e-17       2.417724142050e-20      -6.782689854470e-14      -6.790134007293e-14       7.444152822572e-17       1.886506103010e-15       1.886503999680e-15       1.419155583755e-25       2.641503323064e-13      -3.285106755525e-15       9.592080320463e-14       1.483575667174e-17      -1.192919819345e-15 
   97       3.501683219955e-10       9.798439040351e-14      -2.846312336443e-12       0.000000000000e+00       3.888589309543e-17       3.886297827838e-17       2.290482420966e-20      -6.864880164671e-14      -6.872067622602e-14       7.187457930731e-17       1.893203261680e-15       1.893201222187e-15       5.545260451232e-26       2.692773290052e-13      -3.348867135055e-15       9.796923962145e-14       1.515258162308e-17      -1.218395214863e-15 
   98       3.542904917026e-10       1.000198420247e-13      -2.934932649619e-12       0.000000000000e+00       3.834876943303e-17       3.832704993448e-17       2.170555362643e-20      -6.945253982792e-14      -6.952193958156e-14       6.939975364171e-17       1.899365050378e-15       1.899363271407e-15       1.964438614712e-26       2.743650105198e-13      -3.412139499727e-15       1.000043766671e-13       1.546734960669e-17      -1.243705212648e-15 
   99       3.584411467362e-10       1.020400609635e-13      -3.023804291034e-12       0.000000000000e+00       3.781999009441e-17       3.779939661258e-17       2.057327477422e-20      -7.023817692529e-14      -7.030519008919e-14       6.701316390184e-17       1.904990041467e-15       1.904988469054e-15       6.061676559270e-27       2.794094601474e-13      -3.474875436668e-15       1.020242827392e-13       1.577976186652e-17      -1.268825790313e-15 
  100       3.626194411887e-10       1.040430879647e-13      -3.112860678013e-12       0.000000000000e+00       3.729933223826e-17       3.727980385014e-17       1.950281757083e-20      -7.100573274149e-14      -7.107046386090e-14       6.473111940662e-17       1.910076375097e-15       1.910075118463e-15       1.454080086276e-27       2.844067704074e-13      -3.537025800122e-15       1.040269991614e-13       1.608951545990e-17      -1.293732588762e-15 
  101       3.668253613568e-10       1.060269663571e-13      -3.202034582510e-12       0.000000000000e+00       3.678657737113e-17       3.676806634850e-17       1.849006459479e-20      -7.175529036974e-14      -7.181784387562e-14       6.255350588551e-17       1.914622652648e-15       1.914621840574e-15       1.333337742011e-28       2.893529189046e-13      -3.598539798394e-15       1.060105700091e-13       1.639630787015e-17      -1.318401283126e-15 
  102       3.710585541570e-10       1.079897751411e-13      -3.291258200957e-12       0.000000000000e+00       3.628153561513e-17       3.626398952257e-17       1.753186755620e-20      -7.248693247110e-14      -7.254737927779e-14       6.044680668935e-17       1.918628093858e-15       1.918627809744e-15      -1.300632332388e-28       2.942442711925e-13      -3.659371781537e-15       1.079730748557e-13       1.669984207104e-17      -1.342807990001e-15 
  103       3.753176300403e-10       1.099295874939e-13      -3.380460148140e-12       0.000000000000e+00       3.578402520144e-17       3.576738636236e-17       1.662580911520e-20      -7.320069121171e-14      -7.325907222134e-14       5.838100963200e-17       1.922092196269e-15       1.922092388425e-15      -1.190719106203e-28       2.990770035754e-13      -3.719474183399e-15       1.099125871872e-13       1.699982009492e-17      -1.366928750282e-15 
  104       3.796024895890e-10       1.118444667593e-13      -3.469566446158e-12       0.000000000000e+00       3.529385737697e-17       3.527807508524e-17       1.576987629651e-20      -7.389657869256e-14      -7.395296782765e-14       5.638913509255e-17       1.925014347349e-15       1.925014892633e-15      -6.931247148133e-29       3.038473562435e-13      -3.778800486148e-15       1.118271704931e-13       1.729594242803e-17      -1.390739480541e-15 
  105       3.839122457412e-10       1.137324906182e-13      -3.558506810569e-12       0.000000000000e+00       3.481085325921e-17       3.479588152400e-17       1.496216581116e-20      -7.457461527637e-14      -7.462909319292e-14       5.447791655582e-17       1.927394042979e-15       1.927394984304e-15      -3.368107180714e-29       3.085516475592e-13      -3.837305160972e-15       1.137149025815e-13       1.758791177123e-17      -1.414216275425e-15 
  106       3.882460742192e-10       1.155917622460e-13      -3.647209602494e-12       0.000000000000e+00       3.433484750122e-17       3.432063969541e-17       1.420072341156e-20      -7.523488262152e-14      -7.528750613515e-14       5.262351362494e-17       1.929231448667e-15       1.929232735455e-15      -1.467865934914e-29       3.131863838351e-13      -3.894944903940e-15       1.155738868221e-13       1.787543477890e-17      -1.437335547474e-15 
  107       3.926041482385e-10       1.174204155970e-13      -3.735603213677e-12       0.000000000000e+00       3.386568250769e-17       3.385219032488e-17       1.348349051890e-20      -7.587745646639e-14      -7.592828942275e-14       5.083295635715e-17       1.930526997746e-15       1.930528451684e-15      -5.912899770322e-30       3.177480327338e-13      -3.951675811244e-15       1.174022574384e-13       1.815822287750e-17      -1.460074092945e-15 
  108       3.969853921702e-10       1.192165985473e-13      -3.823617574113e-12       0.000000000000e+00       3.340320140138e-17       3.339038054552e-17       1.280823070307e-20      -7.650238736020e-14      -7.655149941685e-14       4.911205664891e-17       1.931281142827e-15       1.931282772460e-15      -2.236569407476e-30       3.222332867866e-13      -4.007456711164e-15       1.191981626192e-13       1.843598965347e-17      -1.482408881773e-15 
  109       4.013888131608e-10       1.209784636388e-13      -3.911175470692e-12       0.000000000000e+00       3.294724659005e-17       3.293506232876e-17       1.217240793163e-20      -7.710971618032e-14      -7.715717613534e-14       4.745995501497e-17       1.931494508157e-15       1.931496354039e-15      -8.019382429972e-31       3.266387576597e-13      -4.062245416224e-15       1.209597552265e-13       1.870844941601e-17      -1.504316942013e-15 
  110       4.058138572323e-10       1.227041876124e-13      -3.998202498666e-12       0.000000000000e+00       3.249767599680e-17       3.248609296037e-17       1.157319450231e-20      -7.769947277984e-14      -7.774534006501e-14       4.586728517424e-17       1.931168055609e-15       1.931169976583e-15      -2.742716734313e-31       3.309611573985e-13      -4.116001004646e-15       1.226852123060e-13       1.897532021473e-17      -1.525775602479e-15 
  111       4.102595638899e-10       1.243919906894e-13      -4.084624792427e-12       0.000000000000e+00       3.205435987854e-17       3.204333680430e-17       1.100772499477e-20      -7.827173816652e-14      -7.831605829254e-14       4.432012602948e-17       1.930303191952e-15       1.930305050819e-15      -8.986927167745e-32       3.351973359444e-13      -4.168684289815e-15       1.243727543628e-13       1.923632682100e-17      -1.546762732467e-15 
  112       4.147256797888e-10       1.260401273135e-13      -4.170369229003e-12       0.000000000000e+00       3.161715838405e-17       3.160666327465e-17       1.047339945350e-20      -7.882657333172e-14      -7.886941101253e-14       4.283768080181e-17       1.928901325457e-15       1.928903095450e-15      -2.830437357420e-32       3.393444265579e-13      -4.220259620822e-15       1.260206361096e-13       1.949119929694e-17      -1.567256626701e-15 
  113       4.192110625995e-10       1.276468669368e-13      -4.255364621332e-12       0.000000000000e+00       3.118593273092e-17       3.117594588560e-17       9.967992093194e-21      -7.936404600992e-14      -7.940549049032e-14       4.144448040558e-17       1.926963969724e-15       1.926965629963e-15      -8.590548560764e-33       3.433993344555e-13      -4.270688514493e-15       1.276271272622e-13       1.973967002515e-17      -1.587235766486e-15 
  114       4.237149354809e-10       1.292105189592e-13      -4.339535527494e-12       0.000000000000e+00       3.076056602404e-17       3.075106338117e-17       9.489579756958e-21      -7.988427992021e-14      -7.992439206558e-14       4.011214537012e-17       1.924493102476e-15       1.924494694078e-15      -2.517897790906e-33       3.473593330870e-13      -4.319937066336e-15       1.291905374788e-13       1.998147756601e-17      -1.606679129874e-15 
  115       4.282361466505e-10       1.307294550665e-13      -4.422805461433e-12       0.000000000000e+00       3.034094690344e-17       3.033189903952e-17       9.036449667069e-21      -8.038730299520e-14      -8.042610216454e-14       3.879916933790e-17       1.921490941024e-15       1.921492508139e-15      -7.140855214280e-34       3.512217627368e-13      -4.367972200966e-15       1.307092386952e-13       2.021637011214e-17      -1.625566469431e-15 
  116       4.327732186289e-10       1.322020783486e-13      -4.505096627181e-12       0.000000000000e+00       2.992695620174e-17       2.991834013667e-17       8.607077246683e-21      -8.087314788935e-14      -8.091067376989e-14       3.752588053525e-17       1.917960065003e-15       1.917961433044e-15      -1.963961983723e-34       3.549840692011e-13      -4.414762153619e-15       1.321816342476e-13       2.044410071279e-17      -1.643877928235e-15 
  117       4.373270218046e-10       1.336268066515e-13      -4.586337080877e-12       0.000000000000e+00       2.951848195194e-17       2.951027776752e-17       8.200142788013e-21      -8.134193320416e-14      -8.137825606046e-14       3.632285629848e-17       1.913902992729e-15       1.913904083345e-15      -5.252477576825e-35       3.586437515281e-13      -4.460275821054e-15       1.336061422269e-13       2.066442469926e-17      -1.661593832863e-15 
  118       4.418956949368e-10       1.350021050672e-13      -4.666455594463e-12       0.000000000000e+00       2.911542084398e-17       2.910760668478e-17       7.814504698382e-21      -8.179375192914e-14      -8.182891772263e-14       3.516579348484e-17       1.909321975022e-15       1.909322997253e-15      -1.370368150684e-35       3.621983776543e-13      -4.504482956590e-15       1.349812279627e-13       2.087710470909e-17      -1.678695097371e-15 
  119       4.464778618586e-10       1.363265113071e-13      -4.745375411965e-12       0.000000000000e+00       2.871767088611e-17       2.871022656437e-17       7.449103564354e-21      -8.222870287370e-14      -8.226273773710e-14       3.403486339694e-17       1.904220346329e-15       1.904221222923e-15      -3.489526400396e-36       3.656458420338e-13      -4.547357374361e-15       1.363054293926e-13       2.108191460989e-17      -1.695163538813e-15 
  120       4.510735403532e-10       1.375986400197e-13      -4.823025722049e-12       0.000000000000e+00       2.832513908339e-17       2.831804155007e-17       7.102873077341e-21      -8.264687047571e-14      -8.267980692255e-14       3.293644684005e-17       1.898602008397e-15       1.898602449869e-15      -8.573308620253e-37       3.689842827499e-13      -4.588875918506e-15       1.375773613796e-13       2.127864016704e-17      -1.710981930918e-15 
  121       4.556804478432e-10       1.388171339515e-13      -4.899330075872e-12       0.000000000000e+00       2.793773239230e-17       2.793095754191e-17       6.774731260748e-21      -8.304831399219e-14      -8.308018372863e-14       3.186973644392e-17       1.892469931536e-15       1.892470007844e-15      -1.963129249842e-37       3.722118003057e-13      -4.629014965881e-15       1.387956668800e-13       2.146707149104e-17      -1.726133396803e-15 
  122       4.602979966550e-10       1.399806369652e-13      -4.974208487143e-12       0.000000000000e+00       2.755534669313e-17       2.754888240802e-17       6.463606160118e-21      -8.343308551920e-14      -8.346394261866e-14       3.085709945659e-17       1.885827343881e-15       1.885827130435e-15      -3.924530969565e-38       3.753264508089e-13      -4.667750341250e-15       1.399589899664e-13       2.164699886501e-17      -1.740601073466e-15 
  123       4.649258172927e-10       1.410878917986e-13      -5.047596124079e-12       0.000000000000e+00       2.717789159695e-17       2.717172854106e-17       6.168448626657e-21      -8.380128443966e-14      -8.383119719747e-14       2.991275781296e-17       1.878678318308e-15       1.878677748128e-15      -6.383610108807e-39       3.783266194575e-13      -4.705061962126e-15       1.410660735707e-13       2.181822786240e-17      -1.754369327371e-15 
  124       4.695623744485e-10       1.421377462269e-13      -5.119419202807e-12       0.000000000000e+00       2.680529486226e-17       2.679941260754e-17       5.888265272100e-21      -8.415310668485e-14      -8.418209689296e-14       2.899020811240e-17       1.871026894396e-15       1.871026134965e-15      -8.086933244218e-40       3.812110104799e-13      -4.740933713639e-15       1.421157656466e-13       2.198058029993e-17      -1.767423831083e-15 
  125       4.742070830917e-10       1.431290661304e-13      -5.189603856097e-12       0.000000000000e+00       2.643747237555e-17       2.643185337211e-17       5.622139550110e-21      -8.448862686549e-14      -8.451671079318e-14       2.808392769153e-17       1.862877383045e-15       1.862876494973e-15      -8.166550396584e-41       3.839782489155e-13      -4.775348496089e-15       1.431069322496e-13       2.213388079414e-17      -1.779750482294e-15 
  126       4.788580029170e-10       1.440607831826e-13      -5.258079983684e-12       0.000000000000e+00       2.607433537907e-17       2.606897168756e-17       5.369212361946e-21      -8.480786125510e-14      -8.483509849696e-14       2.723724185962e-17       1.854234265826e-15       1.854233166382e-15      -7.151927134389e-42       3.866273664847e-13      -4.808294267459e-15       1.440385052185e-13       2.227796413601e-17      -1.791335996808e-15 
  127       4.835150631928e-10       1.449319194852e-13      -5.324775327903e-12       0.000000000000e+00       2.571581139232e-17       2.571069152948e-17       5.128708764887e-21      -8.511101624009e-14      -8.513743346568e-14       2.641722558729e-17       1.845102039910e-15       1.845100868242e-15      -6.397225114956e-43       3.891573669331e-13      -4.839758637825e-15       1.449095068061e-13       2.241267910061e-17      -1.802168214866e-15 
  128       4.881774947788e-10       1.457415470931e-13      -5.389625754901e-12       0.000000000000e+00       2.536182975392e-17       2.535693910586e-17       4.899985896997e-21      -8.539824436938e-14      -8.542384229116e-14       2.559792178173e-17       1.835485694524e-15       1.835484443495e-15      -4.202445631256e-44       3.915674867007e-13      -4.869732111166e-15       1.457190092109e-13       2.253788218790e-17      -1.812235597855e-15 
  129       4.928422839305e-10       1.464887951856e-13      -5.452557902659e-12       0.000000000000e+00       2.501231506497e-17       2.500764205358e-17       4.682490871253e-21      -8.566956665870e-14      -8.569439325917e-14       2.482660047166e-17       1.825390010903e-15       1.825388600069e-15      -2.062478797970e-45       3.938571037230e-13      -4.898206951173e-15       1.464661417468e-13       2.265343873172e-17      -1.821527317482e-15 
  130       4.975090483849e-10       1.471728583974e-13      -5.513494917869e-12       0.000000000000e+00       2.466719741408e-17       2.466273061075e-17       4.475696487581e-21      -8.592506884460e-14      -8.594916244570e-14       2.409360110614e-17       1.814819715632e-15       1.814818322111e-15       5.008342690313e-46       3.960256152755e-13      -4.925175662058e-15       1.471500991732e-13       2.275922418814e-17      -1.830033359365e-15 
  131       5.021766902624e-10       1.477930308527e-13      -5.572374430190e-12       0.000000000000e+00       2.432640952616e-17       2.432213810204e-17       4.279087383578e-21      -8.616487323893e-14      -8.618824535188e-14       2.337211295359e-17       1.803780423403e-15       1.803779038471e-15       8.570370226671e-47       3.980727619852e-13      -4.950635018126e-15       1.477701757233e-13       2.285512939851e-17      -1.837744946231e-15 
  132       5.068442407446e-10       1.483487092749e-13      -5.629125465491e-12       0.000000000000e+00       2.398988564145e-17       2.398579996535e-17       4.092138142073e-21      -8.638910016353e-14      -8.641179067341e-14       2.269050988318e-17       1.792277687230e-15       1.792276270835e-15      -7.450257715279e-48       3.999988321756e-13      -4.974588605114e-15       1.483257682139e-13       2.294106107046e-17      -1.844654576585e-15 
  133       5.115106025123e-10       1.488393446629e-13      -5.683679153903e-12       0.000000000000e+00       2.365756318810e-17       2.365365317536e-17       3.914308310498e-21      -8.659785093927e-14      -8.661988477322e-14       2.203383394703e-17       1.780316862332e-15       1.780315647985e-15       2.526186727074e-49       4.018036432073e-13      -4.997034151627e-15       1.488163277286e-13       2.301693430491e-17      -1.850755423828e-15 
  134       5.161736921224e-10       1.492644672009e-13      -5.735973810988e-12       0.000000000000e+00       2.332937875599e-17       2.332563625925e-17       3.745083898272e-21      -8.679123960251e-14      -8.681262042977e-14       2.138082726006e-17       1.767903986647e-15       1.767902977143e-15      -1.051691398000e-48       4.034876777736e-13      -5.017977660683e-15       1.492413845244e-13       2.308267644822e-17      -1.856041645993e-15 
  135       5.208333577953e-10       1.496236956434e-13      -5.785939302522e-12       0.000000000000e+00       2.300527146675e-17       2.300168961521e-17       3.583981410303e-21      -8.696942203148e-14      -8.699018442771e-14       2.076239623052e-17       1.755044958851e-15       1.755044111995e-15      -3.023206202169e-49       4.050514011972e-13      -5.037424919273e-15       1.496005574148e-13       2.313822854354e-17      -1.860508502454e-15 
  136       5.254883015034e-10       1.499167164144e-13      -5.833517163885e-12       0.000000000000e+00       2.268518431020e-17       2.268175561878e-17       3.430532476526e-21      -8.713251993553e-14      -8.715269226777e-14       2.017233224271e-17       1.741745541057e-15       1.741745054733e-15      -4.014377861961e-50       4.064953809326e-13      -5.055382984546e-15       1.498935328723e-13       2.318354209857e-17      -1.864152094022e-15 
  137       5.301358787367e-10       1.501433076014e-13      -5.878644004681e-12       0.000000000000e+00       2.236906024528e-17       2.236577815036e-17       3.284314899718e-21      -8.728066040166e-14      -8.730025080948e-14       1.959040781834e-17       1.728012199364e-15       1.728012018479e-15      -8.122497004327e-51       4.078204297654e-13      -5.071861964719e-15       1.501200890186e-13       2.321858279616e-17      -1.866969661308e-15 
  138       5.347761139680e-10       1.503033486908e-13      -5.921250705142e-12       0.000000000000e+00       2.205684583119e-17       2.205370244910e-17       3.144956663643e-21      -8.741398288744e-14      -8.743300737740e-14       1.902448995975e-17       1.713851332089e-15       1.713851319056e-15       2.714667435946e-51       4.090279372861e-13      -5.086879141445e-15       1.502801053588e-13       2.324333199973e-17      -1.868959705775e-15 
  139       5.394073245721e-10       1.503967781130e-13      -5.961282570643e-12       0.000000000000e+00       2.174848926596e-17       2.174547527038e-17       3.012100106983e-21      -8.753259326792e-14      -8.755105677992e-14       1.846351200521e-17       1.699269161515e-15       1.699269339070e-15       1.343959185338e-53       4.101188468735e-13      -5.100446247062e-15       1.503735203328e-13       2.325778018800e-17      -1.870121461830e-15 
  140       5.440279929562e-10       1.504236198088e-13      -5.998679125484e-12       0.000000000000e+00       2.144393527373e-17       2.144104495102e-17       2.885415265103e-21      -8.763665643758e-14      -8.765457566329e-14       1.791922571254e-17       1.684272286157e-15       1.684272528170e-15       1.761558032932e-52       4.110947193914e-13      -5.112582693265e-15       1.504003578778e-13       2.326193106323e-17      -1.870455227167e-15 
  141       5.486386628741e-10       1.503840621883e-13      -6.033381741244e-12       0.000000000000e+00       2.114313194290e-17       2.114036174076e-17       2.764618773051e-21      -8.772634016769e-14      -8.774375752582e-14       1.741735813016e-17       1.668867429665e-15       1.668867732892e-15       1.686406751132e-53       4.119572896027e-13      -5.123310054444e-15       1.503608063746e-13       2.325581376170e-17      -1.869963344589e-15 
  142       5.532364307578e-10       1.502783905853e-13      -6.065341722366e-12       0.000000000000e+00       2.084603200058e-17       2.084337737554e-17       2.649439724462e-21      -8.780174916793e-14      -8.781868083759e-14       1.693166966070e-17       1.653061763621e-15       1.653062268936e-15      -1.203027203354e-53       4.127086418327e-13      -5.132654252329e-15       1.502551511129e-13       2.323947240821e-17      -1.868649362101e-15 
  143       5.578193494808e-10       1.501068886406e-13      -6.094493218569e-12       0.000000000000e+00       2.055258673930e-17       2.055004359853e-17       2.539608600622e-21      -8.786301236997e-14      -8.787946986886e-14       1.645749889095e-17       1.636862334141e-15       1.636862915123e-15       1.971214499800e-55       4.133504725511e-13      -5.140636385080e-15       1.500836756898e-13       2.321295086578e-17      -1.866516806660e-15 
  144       5.623879704658e-10       1.498699287864e-13      -6.120778066863e-12       0.000000000000e+00       2.026274926402e-17       2.026031251797e-17       2.434873102525e-21      -8.791026964984e-14      -8.792628376536e-14       1.601411551775e-17       1.620275283113e-15       1.620275923871e-15       3.700291458496e-55       4.138852554020e-13      -5.147287216188e-15       1.498467524796e-13       2.317630672836e-17      -1.863570309303e-15 
  145       5.669396913515e-10       1.495680131406e-13      -6.144152539551e-12       0.000000000000e+00       1.997647569134e-17       1.997413884340e-17       2.334970911761e-21      -8.794370008871e-14      -8.795926981555e-14       1.556972683432e-17       1.603307750942e-15       1.603308577587e-15       1.241158217807e-56       4.143151451778e-13      -5.152633543747e-15       1.495448835230e-13       2.312961764492e-17      -1.859816113663e-15 
  146       5.714733810855e-10       1.492017807499e-13      -6.164562766581e-12       0.000000000000e+00       1.969372076564e-17       1.969147943344e-17       2.239617653967e-21      -8.796348110415e-14      -8.797860208777e-14       1.512098362121e-17       1.585967988677e-15       1.585968786740e-15       1.093055909274e-56       4.146430422755e-13      -5.156711438568e-15       1.491787077675e-13       2.307298243938e-17      -1.855262166015e-15 
  147       5.759880611700e-10       1.487720201517e-13      -6.181955019463e-12       0.000000000000e+00       1.941444055373e-17       1.941229106706e-17       2.148555858462e-21      -8.796967403666e-14      -8.798437866946e-14       1.470463279941e-17       1.568263035860e-15       1.568263704687e-15       6.037104883322e-58       4.148721657120e-13      -5.159560933978e-15       1.487490136286e-13       2.300652305339e-17      -1.849918271496e-15 
  148       5.804812451708e-10       1.482795410258e-13      -6.196282085784e-12       0.000000000000e+00       1.913859399213e-17       1.913653123804e-17       2.061571116054e-21      -8.796242070447e-14      -8.797671984526e-14       1.429914079088e-17       1.550199898920e-15       1.550200658366e-15       1.355649433018e-57       4.150055087254e-13      -5.161219255406e-15       1.482566106611e-13       2.293036469813e-17      -1.843794498139e-15 
  149       5.849531811441e-10       1.477251976407e-13      -6.207493540662e-12       0.000000000000e+00       1.886613867962e-17       1.886415902368e-17       1.978461866575e-21      -8.794196318642e-14      -8.795584824285e-14       1.388505643124e-17       1.531786784877e-15       1.531787551592e-15       1.611725006541e-58       4.150459039415e-13      -5.161721630828e-15       1.477023530012e-13       2.284463948008e-17      -1.836901468417e-15 
  150       5.894023885935e-10       1.471100203562e-13      -6.215546206206e-12       0.000000000000e+00       1.859703244929e-17       1.859513349082e-17       1.899044580707e-21      -8.790837578682e-14      -8.792187123847e-14       1.349545164117e-17       1.513031027696e-15       1.513031597350e-15       7.045943800998e-59       4.149973714348e-13      -5.161118055929e-15       1.470872708494e-13       2.274950673695e-17      -1.829251994425e-15 
  151       5.938256988317e-10       1.464351008560e-13      -6.220391050116e-12       0.000000000000e+00       1.833123717834e-17       1.832941438209e-17       1.823159923904e-21      -8.786175352196e-14      -8.787488178818e-14       1.312826621866e-17       1.493939513116e-15       1.493940008265e-15       9.588655136677e-60       4.148631788242e-13      -5.159449168477e-15       1.464124557207e-13       2.264513528979e-17      -1.820859650798e-15 
  152       5.982238775299e-10       1.457016288231e-13      -6.221987175292e-12       0.000000000000e+00       1.806871570774e-17       1.806696382116e-17       1.750636416943e-21      -8.780237634774e-14      -8.781513038061e-14       1.275403286873e-17       1.474520615461e-15       1.474521124786e-15      -1.178906550348e-60       4.146472422900e-13      -5.156763672081e-15       1.456790971140e-13       2.253170911451e-17      -1.811739230749e-15 
  153       6.025957016392e-10       1.449110083759e-13      -6.220300416935e-12       0.000000000000e+00       1.780942845136e-17       1.780774463303e-17       1.681292451454e-21      -8.773039007059e-14      -8.774277359053e-14       1.238351993325e-17       1.454782769610e-15       1.454783180520e-15       1.526791388487e-61       4.143542685727e-13      -5.153120102154e-15       1.448885989305e-13       2.240944534793e-17      -1.801908193908e-15 
  154       6.069373057763e-10       1.440646684785e-13      -6.215287197179e-12       0.000000000000e+00       1.755333600595e-17       1.755171912447e-17       1.614979421230e-21      -8.764584960453e-14      -8.765788563652e-14       1.203603198794e-17       1.434733350872e-15       1.434733613137e-15      -4.017853467730e-62       4.139884669296e-13      -5.148570807158e-15       1.440423899136e-13       2.227856496908e-17      -1.791384308849e-15 
  155       6.112489078112e-10       1.431640321763e-13      -6.206901850763e-12       0.000000000000e+00       1.730040253987e-17       1.729885036137e-17       1.551568562305e-21      -8.754897574849e-14      -8.756067967490e-14       1.170392641533e-17       1.414379987062e-15       1.414380129156e-15       4.079466795553e-62       4.135538419151e-13      -5.143165589766e-15       1.431418928883e-13       2.213928804169e-17      -1.780185270551e-15 
  156       6.155304185609e-10       1.422107159334e-13      -6.195115413478e-12       0.000000000000e+00       1.705059435058e-17       1.704910256883e-17       1.490917244674e-21      -8.743997866518e-14      -8.745135247010e-14       1.137380491910e-17       1.393730859677e-15       1.393730917086e-15       2.414709414552e-63       4.130551278773e-13      -5.136963328734e-15       1.421887240689e-13       2.199186454030e-17      -1.768331179073e-15 
  157       6.197787529834e-10       1.412064838402e-13      -6.179899240408e-12       0.000000000000e+00       1.680387594653e-17       1.680244086716e-17       1.432893844461e-21      -8.731896104565e-14      -8.733001001676e-14       1.104897110610e-17       1.372794102022e-15       1.372794052173e-15       2.284412076080e-64       4.124977991004e-13      -5.130032105040e-15       1.411846472729e-13       2.183656726881e-17      -1.755843970146e-15 
  158       6.239930955913e-10       1.401531509046e-13      -6.161211020626e-12       0.000000000000e+00       1.656021048119e-17       1.655883122236e-17       1.377392500984e-21      -8.718607418970e-14      -8.719682455413e-14       1.075036443349e-17       1.351577843443e-15       1.351577604979e-15      -1.117802557636e-65       4.118863202204e-13      -5.122427443166e-15       1.401314772277e-13       2.167367690514e-17      -1.742746212640e-15 
  159       6.281729990310e-10       1.390526652206e-13      -6.139022723972e-12       0.000000000000e+00       1.631956417468e-17       1.631823997572e-17       1.324296027356e-21      -8.704148435131e-14      -8.705196533986e-14       1.048098854442e-17       1.330090242833e-15       1.330089916969e-15       6.794060631852e-65       4.112265266357e-13      -5.114221915089e-15       1.390311617259e-13       2.150349470802e-17      -1.729062130296e-15 
  160       6.323157977414e-10       1.379070914195e-13      -6.113313316537e-12       0.000000000000e+00       1.608190624041e-17       1.608063396965e-17       1.273472899352e-21      -8.688535924067e-14      -8.689556577365e-14       1.020653298706e-17       1.308339612823e-15       1.308339389102e-15      -9.617006339102e-66       4.105240242523e-13      -5.105485238703e-15       1.378857650795e-13       2.132633995784e-17      -1.714817395944e-15 
  161       6.364209200367e-10       1.367185445438e-13      -6.084048695358e-12       0.000000000000e+00       1.584720450822e-17       1.584598077169e-17       1.224809639514e-21      -8.671792016031e-14      -8.672783359213e-14       9.913431819290e-18       1.286334423563e-15       1.286334189522e-15      -1.065160314452e-66       4.097843239904e-13      -5.096285950610e-15       1.366974020041e-13       2.114253973070e-17      -1.700038309261e-15 
  162       6.404874307175e-10       1.354892242223e-13      -6.051198654390e-12       0.000000000000e+00       1.561542528753e-17       1.561424803495e-17       1.178199299181e-21      -8.653930055205e-14      -8.654893501439e-14       9.634462338380e-18       1.264082694046e-15       1.264082283818e-15       5.860802098621e-67       4.090131057972e-13      -5.086694689518e-15       1.354682717881e-13       2.095243418338e-17      -1.684752221716e-15 
  163       6.445125085107e-10       1.342214476118e-13      -6.014749993174e-12       0.000000000000e+00       1.538653619525e-17       1.538540372865e-17       1.133524031562e-21      -8.634958714251e-14      -8.635896845066e-14       9.381308150690e-18       1.241592279752e-15       1.241591826726e-15      -3.525171879839e-67       4.082167391895e-13      -5.076790669973e-15       1.342006912301e-13       2.075638164752e-17      -1.668987946192e-15 
  164       6.484955401483e-10       1.329176355269e-13      -5.974676400184e-12       0.000000000000e+00       1.516050614731e-17       1.515941703306e-17       1.090689615683e-21      -8.614902864681e-14      -8.615816143938e-14       9.132792572598e-18       1.218871814199e-15       1.218871359834e-15      -2.060829988754e-68       4.074009571684e-13      -5.066645190486e-15       1.328970807705e-13       2.055475648469e-17      -1.652775584513e-15 
  165       6.524370488653e-10       1.315803529031e-13      -5.930956170693e-12       0.000000000000e+00       1.493730494492e-17       1.493625786885e-17       1.049641806980e-21      -8.593784360836e-14      -8.594673658136e-14       8.892972996661e-18       1.195930032073e-15       1.195929394950e-15      -6.403192757130e-70       4.065726439795e-13      -5.056343867033e-15       1.315600049477e-13       2.034795534370e-17      -1.636147030585e-15 
  166       6.563339714346e-10       1.302122549718e-13      -5.883583436018e-12       0.000000000000e+00       1.471690354122e-17       1.471589605454e-17       1.010326937965e-21      -8.571609513433e-14      -8.572477027390e-14       8.675139578335e-18       1.172774853784e-15       1.172774148248e-15       2.578411053323e-69       4.057388378471e-13      -5.045974230545e-15       1.301921185830e-13       2.013638883702e-17      -1.619135301110e-15 
  167       6.601842869944e-10       1.288160011666e-13      -5.832534926473e-12       0.000000000000e+00       1.449927215421e-17       1.449830152338e-17       9.726737907206e-22      -8.548396926733e-14      -8.549242951426e-14       8.460246936160e-18       1.149414283625e-15       1.149413812224e-15      -3.233030836045e-70       4.049057371200e-13      -5.035613366836e-15       1.287960806984e-13       1.992046822692e-17      -1.601773465039e-15 
  168       6.639889467469e-10       1.273943890285e-13      -5.777784429537e-12       0.000000000000e+00       1.428437989776e-17       1.428344483818e-17       9.366084146699e-22      -8.524170825884e-14      -8.524994277204e-14       8.234513203428e-18       1.125857027577e-15       1.125856712852e-15       9.059987024813e-71       4.040802603983e-13      -5.025347319130e-15       1.273746884024e-13       1.970062613298e-17      -1.584096308632e-15 
  169       6.677459590841e-10       1.259504132362e-13      -5.719339801570e-12       0.000000000000e+00       1.407219810378e-17       1.407129742209e-17       9.020418467963e-22      -8.498939856600e-14      -8.499741446605e-14       8.015900045520e-18       1.102111710726e-15       1.102111371425e-15      -7.141955148131e-72       4.032697396250e-13      -5.015267271193e-15       1.259309359105e-13       1.947732566076e-17      -1.566141069474e-15 
  170       6.714523581161e-10       1.244870852594e-13      -5.657194126617e-12       0.000000000000e+00       1.386270000563e-17       1.386183129663e-17       8.688622488346e-22      -8.472721474382e-14      -8.473502730339e-14       7.812559571622e-18       1.078186638736e-15       1.078186457974e-15      -1.727353408821e-72       4.024818954200e-13      -5.005469240576e-15       1.244678342269e-13       1.925103251237e-17      -1.547945193942e-15 
  171       6.751094382000e-10       1.230074431488e-13      -5.591318490656e-12       0.000000000000e+00       1.365585644976e-17       1.365501833651e-17       8.369810188006e-22      -8.445542277827e-14      -8.446303562966e-14       7.612851390219e-18       1.054090142249e-15       1.054090221272e-15      -1.970969989240e-73       4.017232185106e-13      -4.996033949257e-15       1.229884209323e-13       1.902221650050e-17      -1.529546458932e-15 
  172       6.787153374721e-10       1.215147084731e-13      -5.521723880559e-12       0.000000000000e+00       1.345163740887e-17       1.345083037920e-17       8.063649414887e-22      -8.417410769474e-14      -8.418152921851e-14       7.421523773693e-18       1.029830439196e-15       1.029830503848e-15      -5.679989953291e-73       4.010021278942e-13      -4.987066100167e-15       1.214959170973e-13       1.879137581759e-17      -1.510984923313e-15 
  173       6.822663396824e-10       1.200121782271e-13      -5.448409864205e-12       0.000000000000e+00       1.325001682781e-17       1.324924027062e-17       7.770009016532e-22      -8.388339861968e-14      -8.389064679249e-14       7.248172818314e-18       1.005415815040e-15       1.005415796979e-15      -1.499536231961e-73       4.003264980673e-13      -4.978663624539e-15       1.199936192068e-13       1.855902032019e-17      -1.492301583847e-15 
  174       6.857640746433e-10       1.185031998087e-13      -5.371357127051e-12       0.000000000000e+00       1.305097006902e-17       1.305022165241e-17       7.488590468076e-22      -8.358358331911e-14      -8.359065854774e-14       7.075228628798e-18       9.808550262326e-16       9.808551567702e-16       1.025766999741e-74       3.997037993587e-13      -4.970919427179e-15       1.184848741411e-13       1.832566765929e-17      -1.473538064036e-15 
  175       6.892079136964e-10       1.169912836835e-13      -5.290582671970e-12       0.000000000000e+00       1.285446938425e-17       1.285374771592e-17       7.218929252794e-22      -8.327478668292e-14      -8.328167794872e-14       6.891265804346e-18       9.561566230299e-16       9.561568474497e-16      -7.703815579915e-78       3.991423245185e-13      -4.963936640937e-15       1.169731918228e-13       1.809186070315e-17      -1.454738015060e-15 
  176       6.925935758270e-10       1.154800000630e-13      -5.206095499206e-12       0.000000000000e+00       1.266048698375e-17       1.265979150610e-17       6.960328671003e-22      -8.295710148867e-14      -8.296381847539e-14       6.716986719315e-18       9.313283439442e-16       9.313284731668e-16       6.790694200456e-76       3.986506040405e-13      -4.957821355366e-15       1.154621419114e-13       1.785815155932e-17      -1.435945831018e-15 
  177       6.959224804453e-10       1.139728944481e-13      -5.117871697571e-12       0.000000000000e+00       1.246899816030e-17       1.246832714919e-17       6.711808233947e-22      -8.263081297725e-14      -8.263737114750e-14       6.558170253914e-18       9.063781227098e-16       9.063783335571e-16       3.303889408411e-77       3.982361982874e-13      -4.952667594976e-15       1.139552693596e-13       1.762508851402e-17      -1.417205598741e-15 
  178       6.991950632931e-10       1.124736601616e-13      -5.025940530216e-12       0.000000000000e+00       1.227997792178e-17       1.227932950920e-17       6.472523654454e-22      -8.229610219732e-14      -8.230249636038e-14       6.394163061111e-18       8.813147671977e-16       8.813152485213e-16      -2.448045337810e-77       3.979077998346e-13      -4.948583465049e-15       1.124562669189e-13       1.739324271304e-17      -1.398563243161e-15 
  179       7.024060235428e-10       1.109861887376e-13      -4.930330969399e-12       0.000000000000e+00       1.209339926868e-17       1.209277308518e-17       6.242209374296e-22      -8.195303963661e-14      -8.195926600112e-14       6.226364515475e-18       8.561468696071e-16       8.561474384727e-16       8.658698440782e-78       3.976746873896e-13      -4.945684360304e-15       1.109690255216e-13       1.716321595416e-17      -1.380067153892e-15 
  180       7.055554206547e-10       1.095143751475e-13      -4.831017975878e-12       0.000000000000e+00       1.190923620990e-17       1.190863221449e-17       6.020971212668e-22      -8.160186188563e-14      -8.160793235863e-14       6.070473003098e-18       8.308822605775e-16       8.308827481012e-16      -2.546962567676e-78       3.975456498946e-13      -4.944079584488e-15       1.094974395369e-13       1.693561056669e-17      -1.361765763282e-15 
  181       7.086453126516e-10       1.080620304458e-13      -4.728016508470e-12       0.000000000000e+00       1.172746437262e-17       1.172688182391e-17       5.808811881091e-22      -8.124277632396e-14      -8.124869436841e-14       5.918044448909e-18       8.055288476630e-16       8.055292839182e-16       5.003753117434e-79       3.975289591828e-13      -4.943872010320e-15       1.080453194299e-13       1.671101590282e-17      -1.343706460213e-15 
  182       7.116711581070e-10       1.066330947599e-13      -4.621369662613e-12       0.000000000000e+00       1.154805887030e-17       1.154749723454e-17       5.605501382952e-22      -8.087585157906e-14      -8.088161187510e-14       5.760296035869e-18       7.800946578877e-16       7.800949412342e-16      -1.641389720986e-79       3.976331011304e-13      -4.945167172465e-15       1.066166047186e-13       1.649004127488e-17      -1.325938238531e-15 
  183       7.146315361266e-10       1.052317734336e-13      -4.511072508831e-12       0.000000000000e+00       1.137099492557e-17       1.137045387478e-17       5.410583192550e-22      -8.050128493019e-14      -8.050689755688e-14       5.612626690192e-18       7.545874228633e-16       7.545873943770e-16       8.855077228953e-80       3.978679983928e-13      -4.948088474107e-15       1.052155000966e-13       1.627333700908e-17      -1.308513389939e-15 
  184       7.175295234585e-10       1.038622756172e-13      -4.397132597491e-12       0.000000000000e+00       1.119624963647e-17       1.119572789711e-17       5.223295618967e-22      -8.011932425818e-14      -8.012480704834e-14       5.482790158650e-18       7.290153642467e-16       7.290151763913e-16      -2.028519869301e-80       3.982424547962e-13      -4.952745404097e-15       1.038462140632e-13       1.606155402023e-17      -1.291484253474e-15 
  185       7.203620898812e-10       1.025287238702e-13      -4.279611765359e-12       0.000000000000e+00       1.102380026542e-17       1.102329614426e-17       5.042774470585e-22      -7.973007372203e-14      -7.973542953400e-14       5.355811967021e-18       7.033873193139e-16       7.033872424788e-16       2.785723502055e-81       3.987655809508e-13      -4.959251266611e-15       1.025128685404e-13       1.585532983252e-17      -1.274902091451e-15 
  186       7.231256209414e-10       1.012354557015e-13      -4.158524061192e-12       0.000000000000e+00       1.085362190176e-17       1.085313475718e-17       4.868544540888e-22      -7.933367158636e-14      -7.933889648246e-14       5.224896105537e-18       6.777111462805e-16       6.777111587494e-16      -1.141084757349e-81       3.994472451750e-13      -4.967728789066e-15       1.012198003663e-13       1.565533521049e-17      -1.258820838989e-15 
  187       7.258221748137e-10       9.998696815255e-14      -4.033860537158e-12       0.000000000000e+00       1.068568939394e-17       1.068521919437e-17       4.700663328949e-22      -7.893034069867e-14      -7.893544084790e-14       5.100149235182e-18       6.519936305809e-16       6.519935876547e-16       2.191262553693e-82       4.002970932059e-13      -4.978297930750e-15       9.997150588696e-14       1.546226558929e-17      -1.243296414933e-15 
  188       7.284511210525e-10       9.878754298580e-14      -3.905668853258e-12       0.000000000000e+00       1.051998013273e-17       1.051952618299e-17       4.539344319168e-22      -7.852023183260e-14      -7.852521301324e-14       4.981180636907e-18       6.262425521880e-16       6.262425083285e-16      -2.061921184627e-83       4.013244373811e-13      -4.991074504621e-15       9.877226620269e-14       1.527678311267e-17      -1.228382061219e-15 
  189       7.310090393868e-10       9.764147150723e-14      -3.774000403492e-12       0.000000000000e+00       1.035647238758e-17       1.035603376137e-17       4.384605474299e-22      -7.810350209337e-14      -7.810835730283e-14       4.855209457187e-18       6.004668546003e-16       6.004668708631e-16       8.337406615175e-84       4.025376477072e-13      -5.006162604331e-15       9.762637195583e-14       1.509955140024e-17      -1.214131138455e-15 
  190       7.334964883110e-10       9.655347203181e-14      -3.638869021885e-12       0.000000000000e+00       1.019514281700e-17       1.019471921392e-17       4.236207616182e-22      -7.768037238460e-14      -7.768509736729e-14       4.724982690827e-18       5.746744268929e-16       5.746743639027e-16      -1.094219773039e-84       4.039477542197e-13      -5.023699405004e-15       9.653854073170e-14       1.493130010549e-17      -1.200602316927e-15 
  191       7.359136702696e-10       9.552827321373e-14      -3.500297014528e-12       0.000000000000e+00       1.003596793985e-17       1.003555901863e-17       4.093661040237e-22      -7.725098099992e-14      -7.725558724808e-14       4.606248154912e-18       5.488717621504e-16       5.488715635433e-16       1.095618899842e-85       4.055643879868e-13      -5.043804683494e-15       9.551350045325e-14       1.477276048078e-17      -1.187854395487e-15 
  192       7.382576155214e-10       9.457026703022e-14      -3.358338344332e-12       0.000000000000e+00       9.878925778983e-18       9.878530534007e-18       3.956304999680e-22      -7.681543584106e-14      -7.681993449918e-14       4.498658113041e-18       5.230659641042e-16       5.230658190405e-16       3.868561571687e-86       4.073968459283e-13      -5.066594061016e-15       9.455564241851e-14       1.462461171380e-17      -1.175941986545e-15 
  193       7.405280350306e-10       9.368397804231e-14      -3.213027237420e-12       0.000000000000e+00       9.723994349133e-18       9.723611986669e-18       3.823622613398e-22      -7.637396387998e-14      -7.637835293239e-14       4.389052404146e-18       4.972652344085e-16       4.972652272206e-16      -2.639262599741e-86       4.094547943845e-13      -5.092187753088e-15       9.366949048882e-14       1.448755349539e-17      -1.164921351140e-15 
  194       7.427263107048e-10       9.287429388743e-14      -3.064393795359e-12       0.000000000000e+00       9.571150850153e-18       9.570781401251e-18       3.695514309085e-22      -7.592677513459e-14      -7.593105252948e-14       4.277394885348e-18       4.714773470693e-16       4.714772745082e-16       8.557806355714e-87       4.117484518615e-13      -5.120712842243e-15       9.285993154576e-14       1.436234166351e-17      -1.154853265013e-15 
  195       7.448502434725e-10       9.214602136330e-14      -2.912491422959e-12       0.000000000000e+00       9.420373172933e-18       9.420016622721e-18       3.572152179829e-22      -7.547395093468e-14      -7.547812506039e-14       4.174125712307e-18       4.457091464027e-16       4.457088577187e-16      -2.568178487536e-87       4.142880461839e-13      -5.152296526897e-15       9.213177164375e-14       1.424971955487e-17      -1.145797498696e-15 
  196       7.468978341119e-10       9.150380978659e-14      -2.757368283950e-12       0.000000000000e+00       9.271640208820e-18       9.271295805618e-18       3.453624487814e-22      -7.501563498789e-14      -7.501971574040e-14       4.080752510292e-18       4.199675386890e-16       4.199671588718e-16       7.474067103053e-88       4.170824001171e-13      -5.187048531445e-15       9.148965938044e-14       1.415040615287e-17      -1.137811864510e-15 
  197       7.488701799459e-10       9.095249698829e-14      -2.599058186199e-12       0.000000000000e+00       9.124930697873e-18       9.124597536900e-18       3.339808801307e-22      -7.455209600060e-14      -7.455608744425e-14       3.991443652241e-18       3.942599887344e-16       3.942596817618e-16      -2.894169964815e-88       4.201423238552e-13      -5.225103296949e-15       9.093843183870e-14       1.406514959326e-17      -1.130956518876e-15 
  198       7.507677423232e-10       9.049699668383e-14      -2.437607565098e-12       0.000000000000e+00       8.980223190038e-18       8.979900759989e-18       3.230443214832e-22      -7.408349852893e-14      -7.408740346078e-14       3.904931846367e-18       3.685940132619e-16       3.685937958707e-16       2.741526346495e-89       4.234771636487e-13      -5.266577058125e-15       9.048300197408e-14       1.399470974681e-17      -1.125292561802e-15 
  199       7.525867978095e-10       9.014213818194e-14      -2.273090803491e-12       0.000000000000e+00       8.837496536968e-18       8.837184390725e-18       3.125152356407e-22      -7.360988646243e-14      -7.361370909906e-14       3.822636635307e-18       3.429765906332e-16       3.429764778378e-16      -1.088449821918e-89       4.270971762420e-13      -5.311597373057e-15       9.012819834851e-14       1.393983343139e-17      -1.120880043738e-15 
  200       7.543257859529e-10       8.989281882755e-14      -2.105546977690e-12       0.000000000000e+00       8.696729491423e-18       8.696427055862e-18       3.023502167710e-22      -7.313142077809e-14      -7.313516226669e-14       3.741488598380e-18       3.174141630189e-16       3.174142449480e-16       2.579524420206e-90       4.310126568126e-13      -5.360292277799e-15       8.987891754956e-14       1.390127798616e-17      -1.117779861132e-15 
  201       7.559871960888e-10       8.975398529118e-14      -1.935001316665e-12       0.000000000000e+00       8.557900521639e-18       8.557607512534e-18       2.925201714419e-22      -7.264836267211e-14      -7.265201939977e-14       3.656727664628e-18       2.919132539611e-16       2.919135223615e-16      -6.844162517821e-91       4.352332753075e-13      -5.412782032725e-15       8.974010548280e-14       1.387980837815e-17      -1.116053523777e-15 
  202       7.575709787203e-10       8.973046150172e-14      -1.761523559399e-12       0.000000000000e+00       8.420988559047e-18       8.420705029271e-18       2.830230676745e-22      -7.216085067706e-14      -7.216441940590e-14       3.568728846508e-18       2.664808544185e-16       2.664811504593e-16       1.487850641779e-91       4.397687503646e-13      -5.469187503750e-15       8.971658533112e-14       1.387617059328e-17      -1.115761015227e-15 
  203       7.590738700575e-10       8.982711422428e-14      -1.585197433379e-12       0.000000000000e+00       8.285973394622e-18       8.285699196383e-18       2.738696559851e-22      -7.166895929940e-14      -7.167244125747e-14       3.481958068361e-18       2.411238961406e-16       2.411241033562e-16      -4.547335219110e-92       4.446282085682e-13      -5.529622193709e-15       8.981322310704e-14       1.389111724176e-17      -1.116962851683e-15 
  204       7.604958471216e-10       9.004902471639e-14      -1.406066459309e-12       0.000000000000e+00       8.152835054488e-18       8.152569705377e-18       2.650624456264e-22      -7.117289289162e-14      -7.117629244840e-14       3.399556774434e-18       2.158487389926e-16       2.158488746311e-16       2.547150902116e-93       4.498227882264e-13      -5.594224624259e-15       9.003509928229e-14       1.392543410354e-17      -1.119722216472e-15 
  205       7.618391115420e-10       9.040120481783e-14      -1.224164798303e-12       0.000000000000e+00       8.021553186006e-18       8.021296282188e-18       2.565922665547e-22      -7.067287580909e-14      -7.067619841615e-14       3.322607056158e-18       1.906615896531e-16       1.906616914681e-16      -1.843440544465e-93       4.553614565758e-13      -5.663106316509e-15       9.038722492161e-14       1.397989622360e-17      -1.124101429740e-15 
  206       7.631019118201e-10       9.088851005257e-14      -1.039583416740e-12       0.000000000000e+00       7.892107345924e-18       7.891858678856e-18       2.484436948400e-22      -7.016898650985e-14      -7.017223710629e-14       3.250596441046e-18       1.655689640895e-16       1.655690327856e-16       4.862849526063e-94       4.612542111349e-13      -5.736391604676e-15       9.087445479810e-14       1.405525447380e-17      -1.130160867910e-15 
  207       7.642812555799e-10       9.151587669277e-14      -8.524056108798e-13       0.000000000000e+00       7.764477629642e-18       7.764236921592e-18       2.405945847969e-22      -6.966131958733e-14      -6.966449924015e-14       3.179652820454e-18       1.405773924914e-16       1.405774417835e-16      -1.165695540413e-94       4.675111028502e-13      -5.814205487435e-15       9.150172442056e-14       1.415227221313e-17      -1.137961911476e-15 
  208       7.653779477719e-10       9.228833553504e-14      -6.626651897804e-13       0.000000000000e+00       7.638644572214e-18       7.638411429650e-18       2.330176561572e-22      -6.915012330617e-14      -6.915322938026e-14       3.106074090932e-18       1.156930581350e-16       1.156931140057e-16       2.753771231519e-95       4.741415236643e-13      -5.896664767752e-15       9.227406380762e-14       1.427172741811e-17      -1.147567116305e-15 
  209       7.663943424141e-10       9.321082152587e-14      -4.704150619640e-13       0.000000000000e+00       7.514588446828e-18       7.514362569101e-18       2.256918260870e-22      -6.863558887365e-14      -6.863862132611e-14       3.032452461183e-18       9.092186878387e-17       9.092192439721e-17      -3.313949085441e-96       4.811552128607e-13      -5.983890568304e-15       9.319640714262e-14       1.441438324272e-17      -1.159037846405e-15 
  210       7.673277307904e-10       9.428822396913e-14      -2.757605152790e-13       0.000000000000e+00       7.392289183794e-18       7.392070440668e-18       2.186099555028e-22      -6.811774648749e-14      -6.812071061831e-14       2.964130818873e-18       6.626957310335e-17       6.626959195780e-17       1.590814181345e-97       4.885609919634e-13      -6.075992598042e-15       9.427364297335e-14       1.458099578266e-17      -1.172434898240e-15 
  211       7.681754886093e-10       9.552551073741e-14      -7.877673765111e-14       0.000000000000e+00       7.271727207874e-18       7.271515470995e-18       2.117722487154e-22      -6.759671599446e-14      -6.759961786539e-14       2.901870934092e-18       4.174187797704e-17       4.174184086596e-17      -2.224443764492e-97       4.963693188843e-13      -6.173100916870e-15       9.551073840413e-14       1.477233328368e-17      -1.187820045241e-15 
  212       7.689404205236e-10       9.692756034250e-14       1.205112087118e-13       0.000000000000e+00       7.152883842991e-18       7.152678769482e-18       2.051764434101e-22      -6.707277040834e-14      -6.707561284412e-14       2.842435777399e-18       1.734468531528e-17       1.734464281034e-17      -5.337821730084e-98       5.045884093082e-13      -6.275317699215e-15       9.691257119232e-14       1.498915017256e-17      -1.205253949677e-15 
  213       7.696244763921e-10       9.849915768082e-14       3.220095027340e-13       0.000000000000e+00       7.035740471782e-18       7.035541569266e-18       1.988169615641e-22      -6.654607239087e-14      -6.654885370129e-14       2.781310418722e-18      -6.915990550333e-18      -6.915939296233e-18       2.921496795731e-98       5.132278754435e-13      -6.382762487385e-15       9.848392549442e-14       1.523218639912e-17      -1.224796109746e-15 
  214       7.702237553067e-10       1.002451523757e-13       5.255988657688e-13       0.000000000000e+00       6.920277683868e-18       6.920084702185e-18       1.926874183204e-22      -6.601666004295e-14      -6.601937412058e-14       2.714077628267e-18      -3.103453609659e-17      -3.103438846025e-17      -7.447807650500e-99       5.222971993111e-13      -6.495553204604e-15       1.002296501838e-13       1.550219192272e-17      -1.246506828500e-15 
  215       7.707371248184e-10       1.021704460010e-13       7.312381605593e-13       0.000000000000e+00       6.806475717627e-18       6.806288817298e-18       1.867785305875e-22      -6.548468005530e-14      -6.548732198100e-14       2.641925697274e-18      -5.500599236553e-17      -5.500592102733e-17       2.415804519845e-99       5.318054266891e-13      -6.613802348763e-15       1.021546460763e-13       1.579992473653e-17      -1.270447054974e-15 
  216       7.711673247879e-10       1.042798547699e-13       9.388862526902e-13       0.000000000000e+00       6.694315556103e-18       6.694134865762e-18       1.810764652347e-22      -6.495034390220e-14      -6.495291727631e-14       2.573374113839e-18      -7.882562269621e-17      -7.882578735343e-17     -7.464488815524e-100       5.417613473147e-13      -6.737619233498e-15       1.042637286403e-13       1.612612963326e-17      -1.296676676778e-15 
  217       7.715149703721e-10       1.065780758350e-13       1.148426172555e-12       0.000000000000e+00       6.583779256648e-18       6.583604400430e-18       1.755673389018e-22      -6.441376118092e-14      -6.441627611747e-14       2.514936547036e-18      -1.024882604789e-16      -1.024885845141e-16      1.506087485513e-100       5.521733601992e-13      -6.867108313178e-15       1.065615943020e-13       1.648153299379e-17      -1.325254101053e-15 
  218       7.717767392535e-10       1.090696894680e-13       1.359752923283e-12       0.000000000000e+00       6.474849189022e-18       6.474679515505e-18       1.702419444812e-22      -6.387504093640e-14      -6.387750578995e-14       2.464853552427e-18      -1.259882169616e-16      -1.259884878867e-16     -4.932379927326e-101       5.630505379278e-13      -7.002382419079e-15       1.090528226249e-13       1.686684312423e-17      -1.356236281578e-15 
  219       7.719530236815e-10       1.117592546779e-13       1.572827215299e-12       0.000000000000e+00       6.367507087329e-18       6.367342249245e-18       1.650942168470e-22      -6.333435881194e-14      -6.333677790705e-14       2.419095108308e-18      -1.493199873104e-16      -1.493201258423e-16      1.162522557953e-101       5.743997977541e-13      -7.143527577683e-15       1.117419719129e-13       1.728276504249e-17      -1.389679907732e-15 
  220       7.720457793427e-10       1.146515599181e-13       1.787552236528e-12       0.000000000000e+00       6.261734079707e-18       6.261574077996e-18       1.601178512078e-22      -6.279182922923e-14      -6.279420545873e-14       2.376229504119e-18      -1.724789347331e-16      -1.724790095102e-16     -3.406901630471e-102       5.862306823901e-13      -7.290662466998e-15       1.146338298788e-13       1.773003924847e-17      -1.425644521946e-15 
  221       7.720531887226e-10       1.177513778710e-13       2.003815101323e-12       0.000000000000e+00       6.157511678644e-18       6.157356422065e-18       1.553073160452e-22      -6.224754724111e-14      -6.224988107386e-14       2.333832741158e-18      -1.954608963947e-16      -1.954609295058e-16      7.313214530860e-103       5.985526999887e-13      -7.443905335245e-15       1.177331684672e-13       1.820940380319e-17      -1.464189470543e-15 
  222       7.719745733871e-10       1.210630260466e-13       2.221574052655e-12       0.000000000000e+00       6.054822253381e-18       6.054671468434e-18       1.506602832349e-22      -6.170171175787e-14      -6.170399891854e-14       2.287160670774e-18      -2.182612346803e-16      -2.182611869259e-16     -2.320532971199e-103       6.113730143405e-13      -7.603345274961e-15       1.210443045202e-13       1.872152637851e-17      -1.505368439965e-15 
  223       7.718134164644e-10       1.245906728937e-13       2.440750397167e-12       0.000000000000e+00       5.953648338893e-18       5.953501917650e-18       1.461757425137e-22      -6.115448518883e-14      -6.115672100205e-14       2.235813216924e-18      -2.408748688243e-16      -2.408747966906e-16      5.664307359770e-104       6.246981696548e-13      -7.769063673256e-15       1.245714058421e-13       1.926705159508e-17      -1.549233263144e-15 
  224       7.715682414839e-10       1.283388455309e-13       2.661197889191e-12       0.000000000000e+00       5.853972151423e-18       5.853830161355e-18       1.418495847833e-22      -6.060589475014e-14      -6.060808242138e-14       2.187671236038e-18      -2.632971730151e-16      -2.632971883771e-16     -1.306807272315e-104       6.385363635727e-13      -7.941162480158e-15       1.283189988514e-13       1.984667953922e-17      -1.595840232917e-15 
  225       7.712360033268e-10       1.323120387131e-13       2.882831320356e-12       0.000000000000e+00       5.755776070758e-18       5.755638321142e-18       1.376732005096e-22      -6.005605227763e-14      -6.005820232590e-14       2.150048269230e-18      -2.855241911525e-16      -2.855242357858e-16      3.406810172854e-105       6.528957503029e-13      -8.119743105545e-15       1.322915776078e-13       2.046110529246e-17      -1.645245239695e-15 
  226       7.708195748864e-10       1.365142916381e-13       3.105627088663e-12       0.000000000000e+00       5.659042881724e-18       5.658908854924e-18       1.336356593108e-22      -5.950519959571e-14      -5.950731807770e-14       2.118481993530e-18      -3.075520516641e-16      -3.075518982335e-16     -1.036275272536e-105       6.677838438322e-13      -8.304898997176e-15       1.364931806846e-13       2.111095348767e-17      -1.697498509224e-15 
  227       7.703221052890e-10       1.409496518850e-13       3.329479058866e-12       0.000000000000e+00       5.563755233055e-18       5.563624583143e-18       1.297264294551e-22      -5.895346048337e-14      -5.895554119542e-14       2.080712054501e-18      -3.293767632901e-16      -3.293762930713e-16      2.615040264535e-106       6.832055645539e-13      -8.496691347560e-15       1.409278550350e-13       2.179685005389e-17      -1.752650371470e-15 
  228       7.697392484720e-10       1.456224818685e-13       3.554228180933e-12       0.000000000000e+00       5.469895449555e-18       5.469768323318e-18       1.259378306573e-22      -5.840084770142e-14      -5.840287798303e-14       2.030281605948e-18      -3.509943823906e-16      -3.509937382827e-16     -5.664520458374e-107       6.991703420348e-13      -8.695237427576e-15       1.455999623989e-13       2.251946960716e-17      -1.810755071247e-15 
  229       7.690692690725e-10       1.505367795890e-13       3.779820662246e-12       0.000000000000e+00       5.377446095308e-18       5.377322916013e-18       1.222674047391e-22      -5.784750751234e-14      -5.784947707349e-14       1.969561154194e-18      -3.724008699468e-16      -3.724003295681e-16      1.313604472865e-107       7.156849143092e-13      -8.900621034842e-15       1.505135001586e-13       2.327943040948e-17      -1.871862322029e-15 
  230       7.683169190483e-10       1.556960696518e-13       4.006216507547e-12       0.000000000000e+00       5.286390357493e-18       5.286271477228e-18       1.187177506091e-22      -5.729366138400e-14      -5.729556505475e-14       1.903670753075e-18      -3.935921252710e-16      -3.935919322733e-16     -3.466436196236e-108       7.327538330480e-13      -9.112898776249e-15       1.556719923743e-13       2.407727751573e-17      -1.936015950818e-15 
  231       7.674839375848e-10       1.611041486882e-13       4.233275807871e-12       0.000000000000e+00       5.196711863770e-18       5.196597364683e-18       1.152919650418e-22      -5.673938396550e-14      -5.674122379081e-14       1.839825309994e-18      -4.145645785122e-16      -4.145648611512e-16      1.170258663935e-108       7.503831826432e-13      -9.332146320385e-15       1.610792350901e-13       2.491359804762e-17      -2.003263167148e-15 
  232       7.665659937286e-10       1.667651444154e-13       4.460864962101e-12       0.000000000000e+00       5.108394380213e-18       5.108283978609e-18       1.119881543037e-22      -5.618468910495e-14      -5.618647721824e-14       1.788113288700e-18      -4.353153385641e-16      -4.353160518877e-16     -2.489274155656e-109       7.685801661448e-13      -9.558453248039e-15       1.667393553851e-13       2.578903032697e-17      -2.073655297470e-15 
  233       7.655633178635e-10       1.726827733061e-13       4.688927662346e-12       0.000000000000e+00       5.021421630975e-18       5.021314728605e-18       1.087983439894e-22      -5.562972569654e-14      -5.563148031187e-14       1.754615326799e-18      -4.558414409082e-16      -4.558423602928e-16      5.508604760209e-110       7.873519440670e-13      -9.791908611000e-15       1.726560691570e-13       2.670414907951e-17      -2.147238554574e-15 
  234       7.644798628526e-10       1.788601817423e-13       4.917406771613e-12       0.000000000000e+00       4.935777236003e-18       4.935673136370e-18       1.057119851673e-22      -5.507468563754e-14      -5.507642199133e-14       1.736353796864e-18      -4.761393962337e-16      -4.761402187890e-16     -9.970745615720e-111       8.067009568926e-13      -1.003254276035e-14       1.788325223014e-13       2.765944087062e-17      -2.224052062417e-15 
  235       7.633162503144e-10       1.853006502432e-13       5.146157881567e-12       0.000000000000e+00       4.851444784464e-18       4.851342917142e-18       1.027197479081e-22      -5.451965473035e-14      -5.452138079814e-14       1.726067788812e-18      -4.962056956852e-16      -4.962061727019e-16      4.593065968098e-111       8.266332791932e-13      -1.028043124255e-14       1.852719948302e-13       2.865541300900e-17      -2.304136612890e-15 
  236       7.620696675992e-10       1.920077455538e-13       5.375060128467e-12       0.000000000000e+00       4.768407934822e-18       4.768308010962e-18       9.981531090283e-23      -5.396468762594e-14      -5.396640428759e-14       1.716661645462e-18      -5.160372574310e-16      -5.160372781381e-16     -7.442196741945e-112       8.471550926079e-13      -1.053565093560e-14       1.919780529367e-13       2.969261706610e-17      -2.387536556986e-15 
  237       7.607407286943e-10       1.989848135872e-13       5.604048589776e-12       0.000000000000e+00       4.686650456202e-18       4.686552535506e-18       9.699641769477e-23      -5.340992029004e-14      -5.341162160776e-14       1.701317728443e-18      -5.356311567900e-16      -5.356307755545e-16      2.711048374732e-112       8.682711961337e-13      -1.079826152227e-14       1.989540420167e-13       3.077157046333e-17      -2.474293499745e-15 
  238       7.593316823428e-10       2.062347396014e-13       5.833041681683e-12       0.000000000000e+00       4.606156270052e-18       4.606060636313e-18       9.426543473642e-23      -5.285550889760e-14      -5.285718489357e-14       1.675995969468e-18      -5.549843761204e-16      -5.549837596500e-16     -4.091627464724e-113       8.899852516218e-13      -1.106830854320e-14       2.062028468820e-13       3.189271938509e-17      -2.564443318152e-15 
  239       7.578433234236e-10       2.137603164273e-13       6.061921263361e-12       0.000000000000e+00       4.526909467676e-18       4.526816392033e-18       9.162716537832e-23      -5.230154735969e-14      -5.230318893267e-14       1.641572981352e-18      -5.740941321904e-16      -5.740934526259e-16      2.027534966807e-113       9.123004575650e-13      -1.134583177646e-14       2.137272599316e-13       3.305649572259e-17      -2.658020739898e-15 
  240       7.562744256520e-10       2.215645586482e-13       6.290580211694e-12       0.000000000000e+00       4.448894288819e-18       4.448803943496e-18       8.908368901201e-23      -5.174810231816e-14      -5.174970262046e-14       1.600302299732e-18      -5.929582010018e-16      -5.929575879821e-16     -4.657596340925e-114       9.352212977890e-13      -1.163088698519e-14       2.215302952825e-13       3.426336565946e-17      -2.755063250075e-15 
  241       7.546250325846e-10       2.296504865661e-13       6.518934211928e-12       0.000000000000e+00       4.372095179351e-18       4.372007688086e-18       8.663035662071e-23      -5.119526645157e-14      -5.119682051341e-14       1.554061845392e-18      -6.115746408866e-16      -6.115742034824e-16      9.592325519957e-115       9.587536322673e-13      -1.192354704699e-14       2.296149727699e-13       3.551379626371e-17      -2.855608404884e-15 
  242       7.528972376630e-10       2.380207176357e-13       6.746888684062e-12       0.000000000000e+00       4.296496885375e-18       4.296412293017e-18       8.425695299278e-23      -5.064315333450e-14      -5.064466037899e-14       1.507044492359e-18      -6.299412188166e-16      -6.299410311153e-16     -4.287859412679e-115       9.828988895122e-13      -1.222382972758e-14       2.379839094434e-13       3.680819230584e-17      -2.959688751286e-15 
  243       7.510922926425e-10       2.466774637611e-13       6.974332517174e-12       0.000000000000e+00       4.222084419375e-18       4.222002629179e-18       8.195296060784e-23      -5.009188003154e-14      -5.009334407125e-14       1.464039708906e-18      -6.480552261437e-16      -6.480552827484e-16      1.131001052756e-115       1.007660881089e-12      -1.253178242952e-14       2.466393168652e-13       3.814689584093e-17      -3.067331793389e-15 
  244       7.492105024085e-10       2.556227041099e-13       7.201172009749e-12       0.000000000000e+00       4.148842931204e-18       4.148763762310e-18       7.971224295932e-23      -4.954155753785e-14      -4.954298343564e-14       1.425897785574e-18      -6.659139287100e-16      -6.659141665104e-16     -2.695891116002e-116       1.033041202694e-12      -1.284742499768e-14       2.555831738969e-13       3.953021293304e-17      -3.178562141322e-15 
  245       7.472524929944e-10       2.648585785728e-13       7.427304406469e-12       0.000000000000e+00       4.076757557873e-18       4.076680820997e-18       7.753407139988e-23      -4.899225380405e-14      -4.899364545432e-14       1.391650265370e-18      -6.835152197274e-16      -6.835155767704e-16      1.054404936777e-116       1.059041689820e-12      -1.317078025919e-14       2.648176200983e-13       4.095847450086e-17      -3.293406403737e-15 
  246       7.452177295284e-10       2.743875741700e-13       7.652603124618e-12       0.000000000000e+00       4.005813292890e-18       4.005738781467e-18       7.542111313187e-23      -4.844400573287e-14      -4.844536819652e-14       1.362463654012e-18      -7.008577230048e-16      -7.008581468485e-16     -1.480421506267e-117       1.085665454813e-12      -1.350188692078e-14       2.743451421049e-13       4.243206514418e-17      -3.411895505695e-15 
  247       7.431062279908e-10       2.842120283582e-13       7.876971958265e-12       0.000000000000e+00       3.935995103916e-18       3.935922601097e-18       7.337650004941e-23      -4.789690801208e-14      -4.789824731876e-14       1.339306679176e-18      -7.179401742811e-16      -7.179406046141e-16      4.209117045558e-118       1.112915440187e-12      -1.384078157703e-14       2.841680770118e-13       4.395134633386e-17      -3.534058512500e-15 
  248       7.409201206041e-10       2.943334811715e-13       8.100360025156e-12       0.000000000000e+00       3.867288286686e-18       3.867217604727e-18       7.140135651767e-23      -4.735113205444e-14      -4.735245258482e-14       1.320530379164e-18      -7.347608728754e-16      -7.347612466081e-16     -1.229707964245e-118       1.140792780163e-12      -1.418747833369e-14       2.942879646153e-13       4.551655622512e-17      -3.659914573837e-15 
  249       7.386622442682e-10       3.047530372180e-13       8.322681083584e-12       0.000000000000e+00       3.799678485641e-18       3.799609448935e-18       6.949341543410e-23      -4.680679504229e-14      -4.680809984877e-14       1.304806479555e-18      -7.513179239605e-16      -7.513181787672e-16      3.929621571850e-119       1.169297863170e-12      -1.454198202148e-14       3.047059093524e-13       4.712786563764e-17      -3.789477425049e-15 
  250       7.363319393480e-10       3.154722431413e-13       8.543776627526e-12       0.000000000000e+00       3.733151267308e-18       3.733083711808e-18       6.764719437006e-23      -4.626389447742e-14      -4.626518609835e-14       1.291620924459e-18      -7.676097947612e-16      -7.676098729894e-16     -1.776474439376e-119       1.198430110632e-12      -1.490428544491e-14       3.154234576276e-13       4.878551374874e-17      -3.922766298005e-15 
