# dimensionless total [l(l+1)/2pi] C_l's
# for l=2 to 250, i.e. number of multipoles equal to 249
#
# -> if you prefer output in CAMB/HealPix/LensPix units/order, set 'format' to 'camb' in input file
# -> if you don't want to see such a header, set 'headers' to 'no' in input file
#
# 1:l     2:TT                     3:EE                     4:TE                     5:BB                     6:aa                     7:aa_reco                8:aa_reio                9:aT                    10:aT_reco               11:aT_reio               12:aE                    13:aE_reco               14:aE_reio               15:TE_rot                16:TB_rot                17:EE_rot                18:BB_rot                19:EB_rot             
    2       1.381341183691e-10       4.175861427873e-15       3.515813396654e-13       0.000000000000e+00       4.811321676776e-17       2.073423846904e-26       4.811209726767e-17      -7.902173382897e-15       1.006659242970e-18      -7.903180042140e-15       3.324076600444e-16       4.654932273024e-23       3.314188951461e-16       7.646197033350e-15      -1.634605641715e-15       3.957640535544e-15       1.809123351627e-16      -8.461595070450e-16 
    3       1.306185761810e-10       5.350815456621e-15       3.951577702176e-13       0.000000000000e+00       2.506801072751e-17       1.896906866216e-26       2.506736016424e-17      -6.152890283693e-15       9.081791187577e-19      -6.153798462812e-15       2.421049298510e-16       9.029670262532e-23       2.410278251993e-16       9.155875677095e-15      -1.957120616042e-15       5.035280574185e-15       2.301711901263e-16      -1.076557491250e-15 
    4       1.235480968877e-10       4.626470979148e-15       3.695299742646e-13       0.000000000000e+00       1.408455812448e-17       1.728446891905e-26       1.408415142277e-17      -4.768787745434e-15       7.792713307724e-19      -4.769567016765e-15       1.434674674855e-16       1.353609448330e-22       1.424918287446e-16       7.385096944022e-15      -1.578206437996e-15       4.299012255730e-15       1.965083912490e-16      -9.191249986952e-16 
    5       1.182673714679e-10       3.084818417237e-15       3.146960484176e-13       0.000000000000e+00       8.354239024461e-18       1.569125241159e-26       8.353971913588e-18      -3.642145670464e-15       6.566849301235e-19      -3.642802355394e-15       6.875092540314e-17       1.789396168132e-22       6.793270750254e-17       4.612053683181e-15      -9.849704621474e-16       2.794202265036e-15       1.277079167690e-16      -5.973608236798e-16 
    6       1.146375308405e-10       1.723978545543e-15       2.534546029020e-13       0.000000000000e+00       5.164849543830e-18       1.419939264436e-26       5.164668028564e-18      -2.763616033053e-15       5.498628907348e-19      -2.764165895944e-15       2.209458712350e-17       2.193703336597e-22       2.143790412544e-17       2.524775091422e-15      -5.383143465566e-16       1.480124522076e-15       6.761784943553e-17      -3.163557965754e-16 
    7       1.122963729043e-10       9.313323695280e-16       1.990029056381e-13       0.000000000000e+00       3.301544031509e-18       1.281411451271e-26       3.301417611784e-18      -2.099174027297e-15       4.597598679970e-19      -2.099633787165e-15      -1.740886759198e-18       2.559131553885e-22      -2.252961761768e-18       1.523746840998e-15      -3.238356978123e-16       7.263535884655e-16       3.312937748866e-17      -1.551195450811e-16 
    8       1.109224699591e-10       6.010318162560e-16       1.571284034128e-13       0.000000000000e+00       2.170358370218e-18       1.153656886319e-26       2.170268706682e-18      -1.605478235471e-15       3.847697814474e-19      -1.605863005253e-15      -1.022199033155e-17       2.884415026908e-22      -1.061296787450e-17       1.223531061828e-15      -2.590843269315e-16       4.277120309786e-16       1.943133529996e-17      -9.115681795124e-17 
    9       1.102693225808e-10       4.824193853333e-16       1.291242534066e-13       0.000000000000e+00       1.461630284761e-18       1.036504555787e-26       1.461565810173e-18      -1.240963049088e-15       3.226531314019e-19      -1.241285702219e-15      -1.010588515868e-17       3.171866572426e-22      -1.039943697273e-17       1.150056836231e-15      -2.426538080185e-16       3.394736788162e-16       1.533315717883e-17      -7.213549955682e-17 
   10       1.101546931724e-10       4.107731018010e-16       1.136220419567e-13       0.000000000000e+00       1.005580204816e-18       9.295988932073e-27       1.005533347391e-18      -9.708748293696e-16       2.712315519535e-19      -9.711460609216e-16      -6.400049936446e-18       3.425804149927e-22      -6.617413865847e-18       1.083457231501e-15      -2.274865178245e-16       2.994206654158e-16       1.341566090210e-17      -6.336348008723e-17 
   11       1.104471357050e-10       3.446787885199e-16       1.079486807621e-13       0.000000000000e+00       7.052508005307e-19       8.324665292282e-27       7.052164582534e-19      -7.684890439896e-16       2.286178691739e-19      -7.687176618587e-16      -2.232586391017e-18       3.651616566908e-22      -2.391679660048e-18       1.025673630857e-15      -2.139507427036e-16       2.643066003603e-16       1.169788498307e-17      -5.558469274870e-17 
   12       1.110527882433e-10       2.997863453161e-16       1.090981257721e-13       0.000000000000e+00       5.033704953356e-19       7.445572562921e-27       5.033451517266e-19      -6.144306828712e-16       1.932536261230e-19      -6.146239364973e-16       8.474349840734e-19       3.854986143911e-22       7.321113618759e-19       1.033529197522e-15      -2.141507964121e-16       2.467016476811e-16       1.075013147931e-17      -5.147631585012e-17 
   13       1.119041430166e-10       2.871113094020e-16       1.143925500040e-13       0.000000000000e+00       3.651306918771e-19       6.652734230692e-27       3.651118800443e-19      -4.952135088822e-16       1.638711108188e-19      -4.953773799930e-16       2.408043522874e-18       4.041275244578e-22       2.325110631662e-18       1.117862301767e-15      -2.303618247794e-16       2.558514504191e-16       1.099050335888e-17      -5.300418256369e-17 
   14       1.129531226816e-10       2.986918049212e-16       1.217983520756e-13       0.000000000000e+00       2.688500946765e-19       5.939934715475e-27       2.688360599700e-19      -4.016740130767e-16       1.394358896927e-19      -4.018134489664e-16       2.669112738312e-18       4.215201302350e-22       2.609856920502e-18       1.249765062722e-15      -2.563621447673e-16       2.837020892798e-16       1.204610444758e-17      -5.843493154558e-17 
   15       1.141638155951e-10       3.227681367545e-16       1.300133991677e-13       0.000000000000e+00       2.007314055737e-19       5.300902141799e-27       2.007208863720e-19      -3.276110356769e-16       1.190946459826e-19      -3.277301303229e-16       2.121577392181e-18       4.380743464654e-22       2.079451099809e-18       1.406235979883e-15      -2.871945486028e-16       3.191685962531e-16       1.340531881504e-17      -6.538675619120e-17 
   16       1.155099589628e-10       3.568282193330e-16       1.383635699607e-13       0.000000000000e+00       1.518256505485e-19       4.729444048071e-27       1.518177319620e-19      -2.687072822135e-16       1.021352144369e-19      -2.688094174279e-16       1.267104330915e-18       4.541162152992e-22       1.237259909325e-18       1.591345176270e-15      -3.236913663909e-16       3.603839737303e-16       1.497776372679e-17      -7.344835142947e-17 
   17       1.169705398905e-10       4.063831789968e-16       1.466846429012e-13       0.000000000000e+00       1.162279076990e-19       4.219547345023e-27       1.162219217531e-19      -2.218158839143e-16       8.795865206023e-20      -2.219038425663e-16       4.774277223720e-19       4.699059669995e-22       4.563213735715e-19       1.824627857226e-15      -3.699906268135e-16       4.132486900063e-16       1.702800071312e-17      -8.386883041357e-17 
   18       1.185291441872e-10       4.767751193017e-16       1.551734980227e-13       0.000000000000e+00       8.998005811778e-20       3.765452267391e-27       8.997551440239e-20      -1.844985395052e-16       7.606077969903e-20      -1.845746002849e-16      -4.979955521325e-20       4.856454542425e-22      -6.472820847428e-20       2.118949163128e-15      -4.288051652487e-16       4.835258632973e-16       1.981420771143e-17      -9.786768737170e-17 
   19       1.201723985609e-10       5.687024972539e-16       1.640977884725e-13       0.000000000000e+00       7.038989924994e-20       3.361706163095e-27       7.038643603644e-20      -1.547787333656e-16       6.601957022921e-20      -1.548447529358e-16      -2.714833483720e-19       5.014869132803e-22      -2.820639468859e-19       2.473330131761e-15      -4.998895309847e-16       5.726146653406e-16       2.339498407439e-17      -1.157311629085e-16 
   20       1.218897271267e-10       6.800512975818e-16       1.735813331748e-13       0.000000000000e+00       5.560099936309e-20       3.003200496273e-27       5.559834874526e-20      -1.310226711755e-16       5.748575376233e-20      -1.310801569292e-16      -2.481295068996e-19       5.175414730712e-22      -2.556634612173e-19       2.882274203177e-15      -5.820331369691e-16       6.791565195581e-16       2.770279398723e-17      -1.371557052955e-16 
   21       1.236727588786e-10       8.093880633755e-16       1.835664932950e-13       0.000000000000e+00       4.431652184148e-20       2.685193438088e-27       4.431448466291e-20      -1.118736827513e-16       5.017433729858e-20      -1.119238570886e-16      -8.677490821710e-20       5.338868616251e-22      -9.218528536315e-20       3.345220596393e-15      -6.750788874162e-16       8.022229696292e-16       3.268971282619e-17      -1.619296025376e-16 
   22       1.255146518910e-10       9.569584562261e-16       1.938497116137e-13       0.000000000000e+00       3.561927479873e-20       2.403320171655e-27       3.561770248530e-20      -9.625732401894e-17       4.385618786447e-20      -9.630118020680e-17       1.059323354348e-19       5.505752232540e-22       1.019927683715e-19       3.866028201197e-15      -7.798151649670e-16       9.422913786046e-16       3.837203630979e-17      -1.901416096301e-16 
   23       1.274103678406e-10       1.123321620347e-15       2.041383041406e-13       0.000000000000e+00       2.885286349815e-20       2.153592962682e-27       2.885164482780e-20      -8.333577862405e-17       3.834919699218e-20      -8.337412782104e-17       2.528899220142e-19       5.676394551256e-22       2.499647982855e-19       4.448076129932e-15      -8.969265463157e-16       1.100108036995e-15       4.477833673875e-17      -2.219379391847e-16 
   24       1.293552084203e-10       1.308214352590e-15       2.140693552363e-13       0.000000000000e+00       2.354219997924e-20       1.932392982166e-27       2.354125139973e-20      -7.249745310291e-17       3.350965095849e-20      -7.253096275386e-17       3.173245027133e-19       5.850980230568e-22       3.151004735292e-19       5.089815999664e-15      -1.026049916212e-15       1.275755773391e-15       5.190685888474e-17      -2.573229547967e-16 
   25       1.313462003833e-10       1.511416265812e-15       2.232364797267e-13       0.000000000000e+00       1.933970060407e-20       1.736455774152e-27       1.933895912641e-20      -6.330447282208e-17       2.922391939672e-20      -6.333369674147e-17       2.991805307953e-19       6.029591851645e-22       2.974484374698e-19       5.791397073719e-15      -1.167182649983e-15       1.469142830589e-15       5.974787022876e-17      -2.962637011139e-16 
   26       1.333802483616e-10       1.733779921137e-15       2.314247290102e-13       0.000000000000e+00       1.598844600867e-20       1.562852087147e-27       1.598786397598e-20      -5.545106043965e-17       2.540115341422e-20      -5.547646159307e-17       2.230227848957e-19       6.212236013221e-22       2.216400688826e-19       6.557423319682e-15      -1.321269951864e-15       1.680995757120e-15       6.832908056017e-17      -3.389022660136e-16 
   27       1.354543581621e-10       1.977014282134e-15       2.385571656139e-13       0.000000000000e+00       1.329667219841e-20       1.408965625093e-27       1.329621341574e-20      -4.873124158385e-17       2.196769271784e-20      -4.875320927657e-17       1.232498066366e-19       6.398859193249e-22       1.221042770458e-19       7.390634463843e-15      -1.488870595540e-15       1.913097414945e-15       7.772653011916e-17      -3.856066875824e-16 
   28       1.375666759638e-10       2.243467505064e-15       2.445720410457e-13       0.000000000000e+00       1.111991686694e-20       1.272468985318e-27       1.111955374574e-20      -4.297669684413e-17       1.886237497063e-20      -4.299555921910e-17       3.133249589657e-20       6.589364257347e-22       3.034056099785e-20       8.297786811894e-15      -1.671392584976e-15       2.167640626425e-15       8.803503769855e-17      -4.368327475078e-16 
   29       1.397141172349e-10       2.535119832023e-15       2.495873556615e-13       0.000000000000e+00       9.348395767230e-21       1.151298877424e-27       9.348107193677e-21      -3.806736703035e-17       1.603358000829e-20      -3.808340061036e-17      -3.213311799042e-20       6.783624369581e-22      -3.303311533253e-20       9.283899197912e-15      -1.869875480192e-15       2.446393296070e-15       9.933008899000e-17      -4.929455970365e-16 
   30       1.418948376421e-10       2.852972038700e-15       2.537215436138e-13       0.000000000000e+00       7.897990505549e-21       1.043631447266e-27       7.897760257707e-21      -3.387575676544e-17       1.343732852729e-20      -3.388919409397e-17      -6.014750374816e-20       6.981492365875e-22      -6.099487563379e-20       1.034879452987e-14      -2.084258612371e-15       2.750429889086e-15       1.116555770125e-16      -5.541623824344e-16 
   31       1.441071290353e-10       3.197839318754e-15       2.570387750117e-13       0.000000000000e+00       6.703748070899e-21       9.478583609683e-28       6.703563640589e-21      -3.028561165223e-17       1.103582906569e-20      -3.029664748129e-17      -5.755295083648e-20       7.182801044521e-22      -5.836399586532e-20       1.149578230139e-14      -2.315213744953e-15       3.080511511014e-15       1.250411353626e-16      -6.206334087712e-16 
   32       1.463486436418e-10       3.570251837031e-15       2.595630846791e-13       0.000000000000e+00       5.715147421912e-21       8.625640826884e-28       5.714999122170e-21      -2.719945142121e-17       8.797142162391e-21      -2.720824856337e-17      -3.632623784429e-20       7.387358019457e-22      -3.711918959100e-20       1.272392301243e-14      -2.562520401221e-15       3.437468446684e-15       1.395196717076e-16      -6.925240410177e-16 
   33       1.486189926908e-10       3.971106277759e-15       2.610717525314e-13       0.000000000000e+00       4.892622834183e-21       7.865046331240e-28       4.892503138850e-21      -2.451239973378e-17       6.694377335085e-21      -2.451909411111e-17      -1.021540174779e-20       7.594957402489e-22      -1.100349980756e-20       1.403466304936e-14      -2.826465635655e-15       3.822182772550e-15       1.551266354025e-16      -7.700111368782e-16 
   34       1.509170858528e-10       4.402216080896e-15       2.614293468492e-13       0.000000000000e+00       4.204985407263e-21       7.185880131064e-28       4.204888444996e-21      -2.215667996736e-17       4.705154345771e-21      -2.216138512171e-17       9.558323526717e-21       7.805402807241e-22       8.765875033036e-21       1.543757236545e-14      -3.109051850705e-15       4.235424157754e-15       1.718924545444e-16      -8.532478029871e-16 
   35       1.532414815807e-10       4.864516953403e-15       2.607047685124e-13       0.000000000000e+00       3.627495603565e-21       6.578563522416e-28       3.627416774297e-21      -2.006944937603e-17       2.811452282206e-21      -2.007226082831e-17       1.678653086105e-20       8.018503940350e-22       1.597598425357e-20       1.693380484390e-14      -3.410505181112e-15       4.677857973646e-15       1.898428796844e-16      -9.423650637553e-16 
   36       1.555921740993e-10       5.357749944037e-15       2.587920339729e-13       0.000000000000e+00       3.140413115567e-21       6.034698159654e-28       3.140348804082e-21      -1.820347897770e-17       9.986783503499e-22      -1.820447765605e-17       1.081639375209e-20       8.234048325231e-22       9.981486672908e-21       1.851894412515e-14      -3.729871325272e-15       5.150198268414e-15       2.090060918097e-16      -1.037504845346e-15 
   37       1.579684675943e-10       5.881955957269e-15       2.554403503461e-13       0.000000000000e+00       2.727897523989e-21       5.546921714050e-28       2.727844877252e-21      -1.653446491120e-17      -7.449247273204e-22      -1.653371998648e-17      -4.612116311799e-21       8.451789575267e-22      -5.473558707493e-21       2.019066613057e-14      -4.066642374951e-15       5.653274590358e-15       2.294158116056e-16      -1.138834394316e-15 
   38       1.603702344116e-10       6.438741569669e-15       2.504121549151e-13       0.000000000000e+00       2.377169135533e-21       5.108779313786e-28       2.377125895283e-21      -1.503730066556e-17      -2.428872275085e-21      -1.503487179329e-17      -2.358738488097e-20       8.671469049491e-22      -2.447255466537e-20       2.195283817058e-14      -4.421627397804e-15       6.187949521957e-15       2.511074092935e-16      -1.246528355950e-15 
   39       1.627975681750e-10       7.030763299640e-15       2.437558703091e-13       0.000000000000e+00       2.077864154983e-21       4.714609691218e-28       2.077828526449e-21      -1.370127782121e-17      -4.061170594943e-21      -1.369721665062e-17      -4.028144295232e-20       8.892843005947e-22      -4.118443688023e-20       2.381811444996e-14      -4.797485552222e-15       6.755042135650e-15       2.741143345011e-16      -1.360752237502e-15 
   40       1.652488819094e-10       7.658068167829e-15       2.358519905628e-13       0.000000000000e+00       1.821536510354e-21       4.359444943164e-28       1.821507061173e-21      -1.251119387487e-17      -5.648482939637e-21      -1.250554539193e-17      -5.058743470871e-20       9.115693115710e-22      -5.150926057587e-20       2.578347041705e-14      -5.193563389541e-15       7.355294913049e-15       2.984667415629e-16      -1.481655666520e-15 
   41       1.677238632847e-10       8.318579536243e-15       2.266927432656e-13       0.000000000000e+00       1.601271100900e-21       4.038922587609e-28       1.601246684272e-21      -1.145021692625e-17      -7.196403256397e-21      -1.144302052299e-17      -5.294548884749e-20       9.339824641999e-22      -5.388809508217e-20       2.783202371880e-14      -5.606288577955e-15       7.989319296248e-15       3.241891683462e-16      -1.609361153589e-15 
   42       1.702234769645e-10       9.013700380425e-15       2.159029276745e-13       0.000000000000e+00       1.411381151165e-21       3.749208480375e-28       1.411360846577e-21      -1.050380399406e-17      -8.710093395492e-21      -1.049509390066e-17      -4.825325388325e-20       9.565063330773e-22      -4.921420549899e-20       2.997082011926e-14      -6.037139829415e-15       8.657620152672e-15       3.513016109906e-16      -1.743969218006e-15 
   43       1.727468211597e-10       9.746706894549e-15       2.036045806157e-13       0.000000000000e+00       1.247170327426e-21       3.486929699004e-28       1.247153393939e-21      -9.654866484965e-18      -1.019413281715e-20      -9.644672352147e-18      -3.903269483364e-20       9.791250316984e-22      -4.000757547727e-20       3.221598127845e-14      -6.489513025268e-15       9.360750332889e-15       3.798263824129e-16      -1.885590935154e-15 
   44       1.752930141107e-10       1.051705371850e-14       1.901322518043e-13       0.000000000000e+00       1.104745067794e-21       3.249115872282e-28       1.104730904855e-21      -8.892173607522e-18      -1.165226058691e-20      -8.880521346936e-18      -2.832625231600e-20       1.001822719979e-21      -2.931928509662e-20       3.455845596328e-14      -6.961495333896e-15       1.009938827163e-14       4.097915534774e-16      -2.034364272294e-15 
   45       1.778628303105e-10       1.132308139454e-14       1.752832189770e-13       0.000000000000e+00       9.808648287692e-22       3.033148272981e-28       9.808529488878e-22      -8.198590179956e-18      -1.308769662412e-20      -8.185502483332e-18      -1.878499899145e-20       1.024581904056e-21      -1.980451385891e-20       3.698682667109e-14      -7.450671583528e-15       1.087422603075e-14       4.412259448144e-16      -2.190430415687e-15 
   46       1.804567404320e-10       1.216651506200e-14       1.587010342608e-13       0.000000000000e+00       8.728220537940e-22       2.836715486122e-28       8.728120617353e-22      -7.562352420827e-18      -1.450321538195e-20      -7.547849205445e-18      -1.207625617825e-20       1.047382578666e-21      -1.311998226098e-20       3.950963564376e-14      -7.958838861355e-15       1.168583645281e-14       4.741532585672e-16      -2.353905859859e-15 
   47       1.830747528923e-10       1.304980431601e-14       1.403905025461e-13       0.000000000000e+00       7.783463053640e-22       2.657774817667e-28       7.783378788127e-22      -6.978454958222e-18      -1.590101600829e-20      -6.962553942214e-18      -8.614870851834e-21       1.070202796327e-21      -9.681198121163e-21       4.213573556033e-14      -8.487866089878e-15       1.253464736892e-14       5.085910303903e-16      -2.524877208648e-15 
   48       1.857167485416e-10       1.397281501318e-14       1.204773114085e-13       0.000000000000e+00       6.955270361045e-22       2.494518900579e-28       6.955199106032e-22      -6.441804496727e-18      -1.728273713157e-20      -6.424521759596e-18      -7.732041523468e-21       1.093019978273e-21      -8.823356769103e-21       4.486136489631e-14      -9.036961087221e-15       1.342095596209e-14       5.445512869454e-16      -2.703404248353e-15 
   49       1.883830293895e-10       1.493404126639e-14       9.893196487676e-14       0.000000000000e+00       6.227508247350e-22       2.345346361810e-28       6.227447834394e-22      -5.949391538746e-18      -1.864959214191e-20      -5.930741946604e-18      -8.162343819679e-21       1.115812098718e-21      -9.280703304572e-21       4.767887909364e-14      -9.604511094349e-15       1.434493346041e-14       5.820406793874e-16      -2.889520755965e-15 
   50       1.910740690007e-10       1.593308935504e-14       7.560760799578e-14       0.000000000000e+00       5.586508802895e-22       2.208836677508e-28       5.586457453392e-22      -5.497246949730e-18      -2.000253096670e-20      -5.477244418763e-18      -8.589324476456e-21       1.138558485689e-21      -9.731871492635e-21       5.058559756881e-14      -1.018995403003e-14       1.530666641989e-14       6.210622689271e-16      -3.083243081010e-15 
   51       1.937903686333e-10       1.697146196413e-14       5.039770588048e-14       0.000000000000e+00       5.020664824440e-22       2.083728074466e-28       5.020621070342e-22      -5.086676536578e-18      -2.134233287819e-20      -5.065334203700e-18      -8.031039041392e-21       1.161239988177e-21      -9.193130951855e-21       5.358708262276e-14      -1.079446817601e-14       1.630622702973e-14       6.616186800740e-16      -3.284585031240e-15 
   52       1.965320396106e-10       1.805059040990e-14       2.340215357767e-14       0.000000000000e+00       4.520095085929e-22       1.968898331424e-28       4.520057709524e-22      -4.713795965389e-18      -2.266963408912e-20      -4.691126331300e-18      -6.024387129839e-21       1.183838710021e-21      -7.209074927772e-21       5.668934705821e-14      -1.141932547334e-14       1.734369870574e-14       7.037132623281e-16      -3.493563324770e-15 
   53       1.992989103992e-10       1.916917886167e-14      -5.176139075113e-15       0.000000000000e+00       4.076361855495e-22       1.863348154322e-28       4.076329844929e-22      -4.374473396460e-18      -2.398492550997e-20      -4.350488470950e-18      -2.670251181680e-21       1.206337724009e-21      -3.877384872146e-21       5.988597079815e-14      -1.206317769916e-14       1.841914108635e-14       7.473485028994e-16      -3.710190136978e-15 
   54       2.020916742051e-10       2.032472604718e-14      -3.538558900696e-14       0.000000000000e+00       3.682233824283e-22       1.766186405222e-28       3.682206342236e-22      -4.067037157257e-18      -2.528861654623e-20      -4.041748540711e-18       1.496013363744e-21       1.228720749761e-21       2.680358730603e-22       6.316497303997e-14      -1.272350779610e-14       1.953255113082e-14       7.925242724787e-16      -3.934464841075e-15 
   55       2.049109121033e-10       2.151800842072e-14      -6.753230197076e-14       0.000000000000e+00       3.331492706747e-22       1.676617557050e-28       3.331469055315e-22      -3.786603898896e-18      -2.658119027808e-20      -3.760022708618e-18       5.733546057444e-21       1.250972008405e-21       4.486578124436e-21       6.652981545767e-14      -1.340105417648e-14       2.068386285153e-14       8.392378268268e-16      -4.166373984173e-15 
   56       2.077571300752e-10       2.275287580130e-14      -1.017302536573e-13       0.000000000000e+00       3.018779145895e-22       1.593930400130e-28       3.018758739342e-22      -3.531405977364e-18      -2.786307604407e-20      -3.503542901320e-18       9.361147570733e-21       1.273076157504e-21       8.094756150831e-21       6.999757209110e-14      -1.409942278636e-14       2.187296134291e-14       8.874844645638e-16      -4.405894326447e-15 
   57       2.106303943453e-10       2.403063018489e-14      -1.377211046517e-13       0.000000000000e+00       2.739466185411e-22       1.517488297475e-28       2.739448530943e-22      -3.297445213679e-18      -2.913461815883e-20      -3.268310595520e-18       1.195427745334e-20       1.295018020719e-21       1.066288363684e-20       7.357319839182e-14      -1.481966732331e-14       2.309967861941e-14       9.372573629305e-16      -4.652992013939e-15 
   58       2.135303975837e-10       2.534773657107e-14      -1.752799315867e-13       0.000000000000e+00       2.489550410805e-22       1.446720678128e-28       2.489535096107e-22      -3.081829822297e-18      -3.039599669268e-20      -3.051433825605e-18       1.340087543929e-20       1.316782748058e-21       1.208458164078e-20       7.724107680023e-14      -1.555850945921e-14       2.436378317320e-14       9.885470966022e-16      -4.907620336686e-15 
   59       2.164579082296e-10       2.670062681944e-14      -2.145662385112e-13       0.000000000000e+00       2.265560040840e-22       1.381115476302e-28       2.265546725799e-22      -2.882447478791e-18      -3.164728005801e-20      -2.850800198733e-18       1.386586568876e-20       1.338355766681e-21       1.252719550856e-20       8.098711603069e-14      -1.631299401524e-14       2.566497859049e-14       1.041341575543e-15      -5.169719435546e-15 
   60       2.194134976120e-10       2.809021307685e-14      -2.558939583538e-13       0.000000000000e+00       2.064478859397e-22       1.320212652260e-28       2.064467253168e-22      -2.699517959069e-18      -3.288860551669e-20      -2.666629353552e-18       1.367263010281e-20       1.359722747881e-21       1.231390696203e-20       8.481651139909e-14      -1.708422890079e-14       2.700291559574e-14       1.095626603357e-15      -5.439218896049e-15 
   61       2.223971947622e-10       2.951976728465e-14      -2.993110568831e-13       0.000000000000e+00       1.883680397608e-22       1.263598270150e-28       1.883670252407e-22      -2.531831459900e-18      -3.411996200023e-20      -2.497711497900e-18       1.317483949974e-20       1.380869697107e-21       1.179279031862e-20       8.874258043035e-14      -1.787503406195e-14       2.837720705910e-14       1.151386549245e-15      -5.716040923162e-15 
   62       2.254090715369e-10       3.099010394730e-14      -3.445833545006e-13       0.000000000000e+00       1.720871144913e-22       1.210899522820e-28       1.720862252909e-22      -2.375357783003e-18      -3.534132674255e-20      -2.340016456260e-18       1.263965643703e-20       1.401782846570e-21       1.123265373180e-20       9.276719968441e-14      -1.868582255209e-14       2.978742194630e-14       1.208604082976e-15      -6.000099075548e-15 
   63       2.284487998660e-10       3.249880983129e-14      -3.914978475933e-13       0.000000000000e+00       1.574044242080e-22       1.161780181082e-28       1.574036426272e-22      -2.231875624077e-18      -3.655255530734e-20      -2.195323068770e-18       1.219595078823e-20       1.422448677786e-21       1.076769991170e-20       9.687999843605e-14      -1.951442969469e-14       3.123306474054e-14       1.267259245908e-15      -6.291293894024e-15 
   64       2.315164536280e-10       3.404320454838e-14      -4.400227979232e-13       0.000000000000e+00       1.441441074796e-22       1.115936603754e-28       1.441434188650e-22      -2.098224405675e-18      -3.775339121227e-20      -2.060471014463e-18       1.184664816195e-20       1.442853892769e-21       1.039664573160e-20       1.010709745783e-13      -2.035876890503e-14       3.271356054679e-14       1.327328748683e-15      -6.589509665294e-15 
   65       2.346130231783e-10       3.562217449010e-14      -4.902065913115e-13       0.000000000000e+00       1.321518032392e-22       1.073094422500e-28       1.321511949007e-22      -1.973504820350e-18      -3.894373606264e-20      -1.934561084287e-18       1.149407262172e-20       1.462985641146e-21       1.002591357609e-20       1.053364498743e-13      -2.121808581361e-14       3.422824899998e-14       1.388785688534e-15      -6.894613109325e-15 
   66       2.377387110887e-10       3.723527706928e-14      -5.420541107232e-13       0.000000000000e+00       1.212917848757e-22       1.033005260126e-28       1.212912459975e-22      -1.858827274353e-18      -4.012342787975e-20      -1.818703846473e-18       1.101917832070e-20       1.482831254301e-21       9.533996103174e-21       1.096745836486e-13      -2.209201505432e-14       3.577639043242e-14       1.451599844272e-15      -7.206454729410e-15 
   67       2.408936887114e-10       3.888146501376e-14      -5.955352618063e-13       0.000000000000e+00       1.114444575644e-22       9.954440470791e-29       1.114439791989e-22      -1.750631861378e-18      -4.129227810882e-20      -1.709339583269e-18       1.033220746733e-20       1.502378321097e-21       8.830599505617e-21       1.140811077202e-13      -2.297968174262e-14       3.735718673615e-14       1.515738616788e-15      -7.524873240939e-15 
   68       2.440786955840e-10       4.055915811115e-14      -6.506525409529e-13       0.000000000000e+00       1.025041628367e-22       9.602067729290e-29       1.025037369570e-22      -1.651086033547e-18      -4.245010547349e-20      -1.608635928073e-18       9.406584400538e-21       1.521614939762e-21       7.891179126395e-21       1.185504571225e-13      -2.387993848515e-14       3.896980055153e-14       1.581167898758e-15      -7.849699656061e-15 
   69       2.472941643506e-10       4.226707171103e-14      -7.074570809199e-13       0.000000000000e+00       9.437733634833e-23       9.271080860340e-29       9.437695586051e-23      -1.559314029837e-18      -4.359673626763e-20      -1.515717293569e-18       8.295261924469e-21       1.540529305713e-21       6.760622478102e-21       1.230787591979e-13      -2.479199493917e-14       4.061336124854e-14       1.647852363883e-15      -8.180758600610e-15 
   70       2.505408307085e-10       4.400473525364e-14      -7.660142779383e-13       0.000000000000e+00       8.698099684003e-23       8.959794848465e-29       8.698065554425e-23      -1.473569019806e-18      -4.473202059954e-20      -1.428836999206e-18       7.088092953749e-21       1.559109963843e-21       5.532355156941e-21       1.276653320728e-13      -2.571573258235e-14       4.228696545259e-14       1.715755477549e-15      -8.517868394305e-15 
   71       2.538187213558e-10       4.577239237984e-14      -8.263617034614e-13       0.000000000000e+00       8.024147830699e-23       8.666677921296e-29       8.024117114675e-23      -1.394121639148e-18      -4.585576030725e-20      -1.348265878841e-18       5.893148292929e-21       1.577345916399e-21       4.316153378330e-21       1.323120735118e-13      -2.665157618295e-14       4.398967061284e-14       1.784839183806e-15      -8.860839629855e-15 
   72       2.571286569280e-10       4.757043188454e-14      -8.884810348337e-13       0.000000000000e+00       7.409335944512e-23       8.390333303819e-29       7.409308231434e-23      -1.318846495175e-18      -4.696777487727e-20      -1.271878720298e-18       4.805665756621e-21       1.595226349428e-21       3.208206587899e-21       1.370214504367e-13      -2.760007062607e-14       4.572047980255e-14       1.855063224969e-15      -9.209471957896e-15 
   73       2.604705980682e-10       4.939866296029e-14      -9.522939761159e-13       0.000000000000e+00       6.847852441929e-23       8.129487541021e-29       6.847827356736e-23      -1.249341515976e-18      -4.806792532676e-20      -1.201273590650e-18       3.885454383158e-21       1.612740725364e-21       2.272299346519e-21       1.417939023545e-13      -2.856133506427e-14       4.747833364614e-14       1.926384765000e-15      -9.563552342717e-15 
   74       2.638435462985e-10       5.125588469905e-14      -1.017684663188e-12       0.000000000000e+00       6.334527225465e-23       7.882979460662e-29       6.334504455100e-23      -1.184774575879e-18      -4.915597837736e-20      -1.135618597501e-18       3.165921001770e-21       1.629879038217e-21       1.534577153307e-21       1.466263738093e-13      -2.953475411124e-14       4.926211302081e-14       1.998758477141e-15      -9.922855553476e-15 
   75       2.672475016695e-10       5.314003421283e-14      -1.084543807312e-12       0.000000000000e+00       5.864747634927e-23       7.649746945303e-29       5.864726898281e-23      -1.123386796096e-18      -5.023159501714e-20      -1.073155201079e-18       2.640347776141e-21       1.646631505941e-21       9.891444259818e-22       1.515128346267e-13      -3.051908837512e-14       5.107063421104e-14       2.072136350499e-15      -1.028714319588e-14 
   76       2.706827089138e-10       5.504875228979e-14      -1.152800783413e-12       0.000000000000e+00       5.434384403695e-23       7.428818758612e-29       5.434365443391e-23      -1.066509287136e-18      -5.129457577337e-20      -1.015214711363e-18       2.277314085281e-21       1.662988445599e-21       6.092590994952e-22       1.564463482887e-13      -3.151290896765e-14       5.290264960561e-14       2.146467736568e-15      -1.065616389649e-14 
   77       2.741493204640e-10       5.697991605432e-14      -1.222421055052e-12       0.000000000000e+00       5.039732609513e-23       7.219306221705e-29       5.039715231454e-23      -1.012858542038e-18      -5.234472225021e-20      -9.605138197881e-19       2.043193157319e-21       1.678940800548e-21       3.590927420668e-22       1.614208060628e-13      -3.251496201411e-14       5.475686502773e-14       2.221700074440e-15      -1.102965684664e-14 
   78       2.776478873552e-10       5.893182977445e-14      -1.293390264462e-12       0.000000000000e+00       4.677468339393e-23       7.020394973073e-29       4.677452371255e-23      -9.622138881649e-19      -5.338182190803e-20      -9.088320662568e-19       1.900655281951e-21       1.694479786497e-21       2.028298410922e-22       1.664315606943e-13      -3.352430136720e-14       5.663194259263e-14       2.297779024964e-15      -1.140735242197e-14 
   79       2.811788385592e-10       6.090313830745e-14      -1.365698574006e-12       0.000000000000e+00       4.344613137622e-23       6.831337527332e-29       4.344598414546e-23      -9.153455548109e-19      -5.440575212528e-20      -8.609398026856e-19       1.819846598927e-21       1.709596698412e-21       1.099905950385e-22       1.714751248087e-13      -3.454022561535e-14       5.852649261350e-14       2.374648153624e-15      -1.178897057914e-14 
   80       2.847421754135e-10       6.289267314879e-14      -1.439331537067e-12       0.000000000000e+00       4.038498203046e-23       6.651447985896e-29       4.038484582897e-23      -8.712445690567e-19      -5.541635080267e-20      -8.158282182541e-19       1.781047895592e-21       1.724283324496e-21       5.740194832057e-23       1.765487196056e-13      -3.556218285534e-14       6.043908492636e-14       2.452249394799e-15      -1.217422314851e-14 
   81       2.883377780765e-10       6.489930417189e-14      -1.514261112869e-12       0.000000000000e+00       3.756727699622e-23       6.480097313464e-29       3.756715052619e-23      -8.297627974293e-19      -5.641346476638e-20      -7.733493326629e-19       1.766949327787e-21       1.738531936153e-21       2.893937660129e-23       1.816499256746e-13      -3.658969609934e-14       6.236826004257e-14       2.530523504555e-15      -1.256281608131e-14 
   82       2.919655415137e-10       6.692178495029e-14      -1.590444680320e-12       0.000000000000e+00       3.497144916226e-23       6.316705544160e-29       3.497133134943e-23      -7.909031200364e-19      -5.739684429628e-20      -7.335062757402e-19       1.766480780967e-21       1.752334894352e-21       1.418597470954e-23       1.867760270351e-13      -3.762222720466e-14       6.431251221501e-14       2.609409371595e-15      -1.295444603385e-14 
   83       2.956255746645e-10       6.895866488910e-14      -1.667833206108e-12       0.000000000000e+00       3.257804187912e-23       6.160738946661e-29       3.257793182377e-23      -7.540770417588e-19      -5.836635111720e-20      -6.957106906416e-19       1.774165692017e-21       1.765684731356e-21       6.836689385734e-24       1.919237711850e-13      -3.865912574327e-14       6.627029351471e-14       2.688844180029e-15      -1.334880118238e-14 
   84       2.993178690250e-10       7.100829997552e-14      -1.746370209412e-12       0.000000000000e+00       3.036947815261e-23       6.011707682951e-29       3.036937503557e-23      -7.193609607263e-19      -5.932190811594e-20      -6.600390526104e-19       1.782917365790e-21       1.778574839015e-21       3.295761571464e-24       1.970894046365e-13      -3.969963564445e-14       6.824003724038e-14       2.768764356819e-15      -1.374556593271e-14 
   85       3.030411464466e-10       7.306889042242e-14      -1.825993215409e-12       0.000000000000e+00       2.832985825550e-23       5.869158836686e-29       2.832976147003e-23      -6.871079137060e-19      -6.026317028193e-20      -6.268447434240e-19       1.790638221569e-21       1.790998688187e-21       1.625169390049e-24       2.022687121389e-13      -4.074290479762e-14       7.022013304807e-14       2.849104560909e-15      -1.414441590632e-14 
   86       3.067968013602e-10       7.513857040632e-14      -1.906647926983e-12       0.000000000000e+00       2.644477354532e-23       5.732673557975e-29       2.644468248437e-23      -6.568567647980e-19      -6.119003268442e-20      -5.956667321136e-19       1.801624478786e-21       1.802949527728e-21       8.365765028974e-25       2.074572746039e-13      -4.178803949885e-14       7.220892400270e-14       2.929797562396e-15      -1.454501734357e-14 
   87       3.105853189643e-10       7.721551306614e-14      -1.988288924304e-12       0.000000000000e+00       2.470113735513e-23       5.601866815191e-29       2.470105123787e-23      -6.282669309044e-19      -6.210253781276e-20      -5.661643930916e-19       1.813982245381e-21       1.814421667824e-21       4.526960364970e-25       2.126509873451e-13      -4.283421058395e-14       7.420474357244e-14       3.010775742822e-15      -1.494703455370e-14 
   88       3.144044579991e-10       7.929792865017e-14      -2.070859497998e-12       0.000000000000e+00       2.308705256806e-23       5.476383202986e-29       2.308697080941e-23      -6.016894897075e-19      -6.300041959994e-20      -5.386890701076e-19       1.824681764257e-21       1.825409773146e-21       2.544590093860e-25       2.178457868515e-13      -4.388059880999e-14       7.620589787715e-14       3.091970374512e-15      -1.535012633821e-14 
   89       3.182550179252e-10       8.138402520844e-14      -2.154300345696e-12       0.000000000000e+00       2.159172243403e-23       5.355891902535e-29       2.159164476646e-23      -5.763893821821e-19      -6.388344319526e-20      -5.125059389868e-19       1.835985984787e-21       1.835908110334e-21       1.450226240281e-25       2.230377229190e-13      -4.492640886535e-14       7.821064758153e-14       3.173310885694e-15      -1.575394234303e-14 
   90       3.221375780172e-10       8.347200825321e-14      -2.238561877561e-12       0.000000000000e+00       2.020537438181e-23       5.240086967260e-29       2.020530051642e-23      -5.517969731703e-19      -6.475158962735e-20      -4.870453835430e-19       1.845566331709e-21       1.845911600450e-21       8.173049848041e-26       2.282228622354e-13      -4.597084919726e-14       8.021723702399e-14       3.254726042269e-15      -1.615812892574e-14 
   91       3.260510595244e-10       8.556006655678e-14      -2.323588793366e-12       0.000000000000e+00       1.891916589280e-23       5.128686931866e-29       1.891909546442e-23      -5.290720322328e-19      -6.560482232787e-20      -4.634672099050e-19       1.852159974774e-21       1.855415770757e-21       4.467494873193e-26       2.333973108453e-13      -4.701313602438e-14       8.222390117952e-14       3.336144230260e-15      -1.656233055791e-14 
   92       3.299952091690e-10       8.764634202958e-14      -2.409317916134e-12       0.000000000000e+00       1.772507334123e-23       5.021429495347e-29       1.772500604696e-23      -5.079921697669e-19      -6.644292915590e-20      -4.415492406110e-19       1.861742779541e-21       1.864416157790e-21       2.338114266306e-26       2.385570912281e-13      -4.805246841262e-14       8.422884349525e-14       3.417492556506e-15      -1.696618536054e-14 
   93       3.339696118963e-10       8.972894370527e-14      -2.495685712940e-12       0.000000000000e+00       1.661578611035e-23       4.918070554483e-29       1.661572159624e-23      -4.877002710930e-19      -6.726572926162e-20      -4.204345418314e-19       1.872172967971e-21       1.872908491754e-21       1.161849208124e-26       2.436981220094e-13      -4.908802426076e-14       8.623024640717e-14       3.498697275342e-15      -1.736932722234e-14 
   94       3.379747127409e-10       9.180597151796e-14      -2.582632012649e-12       0.000000000000e+00       1.558461985174e-23       4.818384590249e-29       1.558455781674e-23      -4.690129711917e-19      -6.807318750826e-20      -4.009397836835e-19       1.879505133392e-21       1.880888850741e-21       5.448515968755e-27       2.488164884192e-13      -5.011901492662e-14       8.822628802342e-14       3.579684465512e-15      -1.777138916031e-14 
   95       3.420099377695e-10       9.387550959959e-14      -2.670096062886e-12       0.000000000000e+00       1.462544637905e-23       4.722161498671e-29       1.462538680113e-23      -4.510569904592e-19      -6.886523138228e-20      -3.821917590769e-19       1.888143512052e-21       1.888353807158e-21       2.397490175818e-27       2.539081955528e-13      -5.114463563876e-14       9.021513088263e-14       3.660379574044e-15      -1.817200105526e-14 
   96       3.460746006195e-10       9.593562904536e-14      -2.758011575398e-12       0.000000000000e+00       1.373264081189e-23       4.629206452480e-29       1.373258362421e-23      -4.332267093983e-19      -6.964174005251e-20      -3.635849693458e-19       1.894269907372e-21       1.895300210641e-21       9.825700457668e-28       2.589692588268e-13      -5.216408375672e-14       9.219492279621e-14       3.740707450426e-15      -1.857078982153e-14 
   97       3.501682272846e-10       9.798438740246e-14      -2.846311445496e-12       0.000000000000e+00       1.290104955366e-23       4.539338553108e-29       1.290099448438e-23      -4.175321682355e-19      -7.040261781207e-20      -3.471295504234e-19       1.897663757783e-21       1.901724990466e-21       3.705659447727e-28       2.639957103566e-13      -5.317656004072e-14       9.416379685518e-14       3.820592346882e-15      -1.896737940830e-14 
   98       3.542906250897e-10       1.000198402498e-13      -2.934931077957e-12       0.000000000000e+00       1.212596928572e-23       4.452387956586e-29       1.212591611526e-23      -4.029839494354e-19      -7.114780486981e-20      -3.318361445656e-19       1.906974770687e-21       1.907625531745e-21       1.256771135886e-28       2.689836062207e-13      -5.418127008441e-14       9.611988382070e-14       3.899958421105e-15      -1.936139329548e-14 
   99       3.584413476240e-10       1.020400520653e-13      -3.023803017067e-12       0.000000000000e+00       1.140311984740e-23       4.368197814366e-29       1.140306835630e-23      -3.881737822518e-19      -7.187725378495e-20      -3.162965284669e-19       1.914310530469e-21       1.912999625254e-21       3.634662180047e-29       2.739290943150e-13      -5.517743796413e-14       9.806132340868e-14       3.978730194117e-15      -1.975245676672e-14 
  100       3.626194464916e-10       1.040430732150e-13      -3.112859179352e-12       0.000000000000e+00       1.072860321000e-23       4.286622945829e-29       1.072855325363e-23      -3.746516990360e-19      -7.259092082670e-20      -3.020607782093e-19       1.916580618387e-21       1.917845423612e-21       7.533901272234e-30       2.788283641492e-13      -5.616429612626e-14       9.998624227032e-14       4.056831656852e-15      -2.014019247405e-14 
  101       3.668255277778e-10       1.060269548509e-13      -3.202033445422e-12       0.000000000000e+00       1.009885385683e-23       4.207526299732e-29       1.009880547147e-23      -3.616245526401e-19      -7.328876574523e-20      -2.883357868949e-19       1.923033338800e-21       1.922161336200e-21      -6.092753954134e-32       2.836775213840e-13      -5.714106012437e-14       1.018927679734e-13       4.134186837436e-15      -2.052422325413e-14 
  102       3.710587021498e-10       1.079897660488e-13      -3.291258071159e-12       0.000000000000e+00       9.510590691183e-24       4.130779970615e-29       9.510543749244e-24      -3.485998943407e-19      -7.397072614952e-20      -2.746291681912e-19       1.926946141042e-21       1.925945696174e-21      -1.228653130607e-30       2.884729400522e-13      -5.810699957468e-14       1.037790451492e-13       4.210720456329e-15      -2.090417538072e-14 
  103       3.753175743714e-10       1.099295760254e-13      -3.380458622187e-12       0.000000000000e+00       8.960779136693e-24       4.056263980882e-29       8.960733418233e-24      -3.373019606123e-19      -7.463668793093e-20      -2.626652726814e-19       1.926110934648e-21       1.929197087459e-21      -9.132413794384e-31       2.932108663911e-13      -5.906135835799e-14       1.056432183097e-13       4.286357229145e-15      -2.127967510353e-14 
  104       3.796022648083e-10       1.118444545689e-13      -3.469562584004e-12       0.000000000000e+00       8.446610569281e-24       3.983865632855e-29       8.446566079730e-24      -3.268381389750e-19      -7.528656870079e-20      -2.515515702742e-19       1.928994095014e-21       1.931914353160e-21      -4.950184090384e-31       2.978876611482e-13      -6.000340342444e-14       1.074834323578e-13       4.361021887364e-15      -2.165034875103e-14 
  105       3.839121408416e-10       1.137324792312e-13      -3.558501679667e-12       0.000000000000e+00       7.965497288151e-24       3.913481893537e-29       7.965454024504e-24      -3.164162434024e-19      -7.592043850148e-20      -2.404958049009e-19       1.932898885988e-21       1.934096873990e-21      -2.310122927297e-31       3.024996759295e-13      -6.093239988309e-14       1.092978396418e-13       4.434639464553e-15      -2.201582415141e-14 
  106       3.882464894720e-10       1.155917548275e-13      -3.647206670513e-12       0.000000000000e+00       7.515069204458e-24       3.845016720028e-29       7.515027010857e-24      -3.067530695517e-19      -7.653832658669e-20      -2.302147429650e-19       1.935349141416e-21       1.935744827504e-21      -9.788395071576e-32       3.070435152311e-13      -6.184766378091e-14       1.110846187783e-13       4.507136060086e-15      -2.237573442407e-14 
  107       3.926044748873e-10       1.174204140013e-13      -3.735603532172e-12       0.000000000000e+00       7.093160310774e-24       3.778378087052e-29       7.093119092775e-24      -2.975040823289e-19      -7.714012376416e-20      -2.203639585648e-19       1.937572413908e-21       1.936858098146e-21      -3.858073588425e-32       3.115157101195e-13      -6.274849637229e-14       1.128419752041e-13       4.578438861539e-15      -2.272971809080e-14 
  108       3.969854618703e-10       1.192165984551e-13      -3.823617075014e-12       0.000000000000e+00       6.697783336786e-24       3.713479524502e-29       6.697743102395e-24      -2.887142492613e-19      -7.772579535966e-20      -2.109884539017e-19       1.939989196827e-21       1.937436556366e-21      -1.433466725590e-32       3.159129871590e-13      -6.363423828969e-14       1.145681231051e-13       4.648475411472e-15      -2.307741543572e-14 
  109       4.013887005186e-10       1.209784590607e-13      -3.911172833428e-12       0.000000000000e+00       6.327099464834e-24       3.650241008861e-29       6.327060182102e-24      -2.801749293890e-19      -7.829534728519e-20      -2.018795821038e-19       1.942200008794e-21       1.937480756533e-21      -5.062184241000e-33       3.202320447424e-13      -6.450422449085e-14       1.162612854875e-13       4.717173610315e-15      -2.341846851959e-14 
  110       4.058135699072e-10       1.227041746984e-13      -3.998197411581e-12       0.000000000000e+00       5.979395186836e-24       3.588587955860e-29       5.979356770108e-24      -2.716048442774e-19      -7.884878506802e-20      -1.927560592094e-19       1.938974273067e-21       1.936991351078e-21      -1.708569560939e-33       3.244696373105e-13      -6.535780122355e-14       1.179197122621e-13       4.784462450130e-15      -2.375252482260e-14 
  111       4.102595112126e-10       1.243919744339e-13      -4.084618982859e-12       0.000000000000e+00       5.653074459289e-24       3.528449814172e-29       5.653036901930e-24      -2.640620712118e-19      -7.938613565251e-20      -1.846759355593e-19       1.933658911684e-21       1.935969484100e-21      -5.533630184790e-34       3.286227183941e-13      -6.619435483843e-14       1.195417015549e-13       4.850272879249e-15      -2.407924153687e-14 
  112       4.147254811156e-10       1.260401162790e-13      -4.170363964504e-12       0.000000000000e+00       5.346663374007e-24       3.469759817625e-29       5.346626703395e-24      -2.572211530053e-19      -7.990737371060e-20      -1.773137792948e-19       1.933467454694e-21       1.934416455673e-21      -1.724979211847e-34       3.326884865321e-13      -6.701332103822e-14       1.211255793000e-13       4.914536974302e-15      -2.439828145595e-14 
  113       4.192106469222e-10       1.276468606966e-13      -4.255356463487e-12       0.000000000000e+00       5.058814574389e-24       3.412455147450e-29       5.058778690113e-24      -2.502083329503e-19      -8.041250410767e-20      -1.697958288426e-19       1.932903925288e-21       1.932333132488e-21      -5.188592084396e-35       3.366638720941e-13      -6.781408150845e-14       1.226696737846e-13       4.977186907373e-15      -2.470930784730e-14 
  114       4.237144121986e-10       1.292105074577e-13      -4.339524812742e-12       0.000000000000e+00       4.788297554334e-24       3.356476913116e-29       4.788262317205e-24      -2.438460625127e-19      -8.090158531454e-20      -1.629444771982e-19       1.929118879766e-21       1.929721194376e-21      -1.509059986023e-35       3.405461925563e-13      -6.859609590940e-14       1.241723510716e-13       5.038156383265e-15      -2.501199158756e-14 
  115       4.282358113992e-10       1.307294316403e-13      -4.422794390962e-12       0.000000000000e+00       4.533975577310e-24       3.301770799787e-29       4.533940970252e-24      -2.382278128274e-19      -8.137463590970e-20      -1.568531769177e-19       1.926864294430e-21       1.926582961554e-21      -4.251681503811e-36       3.443328203653e-13      -6.935883497396e-14       1.256320495958e-13       5.097382043198e-15      -2.530601813127e-14 
  116       4.327734137461e-10       1.322020496213e-13      -4.505087854988e-12       0.000000000000e+00       4.294783626168e-24       3.248285273045e-29       4.294749704750e-24      -2.323214677479e-19      -8.183164201558e-20      -1.504898257323e-19       1.925992747856e-21       1.922920549651e-21      -1.162390494060e-36       3.480213315285e-13      -7.010181043819e-14       1.270472474822e-13       5.154802138762e-15      -2.559108092764e-14 
  117       4.373269100953e-10       1.336267744278e-13      -4.586330907513e-12       0.000000000000e+00       4.069717221435e-24       3.195970357285e-29       4.069683978564e-24      -2.260668066449e-19      -8.227261497280e-20      -1.437941916721e-19       1.921625729238e-21       1.918736242076e-21      -3.087083595007e-37       3.516092375108e-13      -7.082452103738e-14       1.284164196370e-13       5.210354790957e-15      -2.586687277761e-14 
  118       4.418956924953e-10       1.350020695111e-13      -4.666449330750e-12       0.000000000000e+00       3.857833241022e-24       3.144780444813e-29       3.857800608678e-24      -2.205269992172e-19      -8.269763269081e-20      -1.378293665264e-19       1.912320561667e-21       1.914032472860e-21      -7.957378426827e-38       3.550941039730e-13      -7.152647642346e-14       1.297380894243e-13       5.263980086913e-15      -2.613309624296e-14 
  119       4.464781552526e-10       1.363264843908e-13      -4.745371577523e-12       0.000000000000e+00       3.658259373188e-24       3.094673283803e-29       3.658227335880e-24      -2.159855706842e-19      -8.310676233506e-20      -1.328788083491e-19       1.906504818121e-21       1.908812247228e-21      -1.983313796403e-38       3.584739966656e-13      -7.220728698123e-14       1.310108629212e-13       5.315621469735e-15      -2.638947054627e-14 
  120       4.510733697253e-10       1.375986094003e-13      -4.823021884234e-12       0.000000000000e+00       3.470200944834e-24       3.045606976991e-29       3.470169499899e-24      -2.112077059397e-19      -8.349999391622e-20      -1.277077120235e-19       1.905581537875e-21       1.903078956007e-21      -4.694988578786e-39       3.617469698177e-13      -7.286656077480e-14       1.322333854264e-13       5.365223973917e-15      -2.663572281058e-14 
  121       4.556804793991e-10       1.388170746897e-13      -4.899323441922e-12       0.000000000000e+00       3.292933700021e-24       2.997542378776e-29       3.292902795682e-24      -2.061163239119e-19      -8.387735403297e-20      -1.222389698790e-19       1.898106422907e-21       1.896835488440e-21      -1.027230163018e-39       3.649110730177e-13      -7.350390493344e-14       1.334043405033e-13       5.412734186489e-15      -2.687158786652e-14 
  122       4.602978771730e-10       1.399805643671e-13      -4.974202425003e-12       0.000000000000e+00       3.125786396504e-24       2.950443942203e-29       3.125756060133e-24      -2.017647945109e-19      -8.423893641028e-20      -1.175258581007e-19       1.888444407664e-21       1.890085301845e-21      -1.982370971193e-40       3.679646120557e-13      -7.411897819309e-14       1.345224635687e-13       5.458100798386e-15      -2.709681098958e-14 
  123       4.649253784116e-10       1.410878265871e-13      -5.047587549292e-12       0.000000000000e+00       2.968126655970e-24       2.904276894743e-29       2.968096941763e-24      -1.975735233650e-19      -8.458480465254e-20      -1.129887187124e-19       1.885601554191e-21       1.882832420340e-21      -3.251033888675e-41       3.709059874972e-13      -7.471145838021e-14       1.355865515893e-13       5.501274997852e-15      -2.731114985318e-14 
  124       4.695622164997e-10       1.421376741793e-13      -5.119408463999e-12       0.000000000000e+00       2.819356104778e-24       2.859007594518e-29       2.819326921885e-24      -1.930970110727e-19      -8.491503022833e-20      -1.081819808444e-19       1.878873366291e-21       1.875080231010e-21      -4.544120328961e-42       3.737337779396e-13      -7.528105918221e-14       1.365954636844e-13       5.542210494910e-15      -2.751437465015e-14 
  125       4.742070403598e-10       1.431289795763e-13      -5.189595547721e-12       0.000000000000e+00       2.678912178432e-24       2.814605176142e-29       2.678883443603e-24      -1.891822797283e-19      -8.522973584943e-20      -1.039525438789e-19       1.865977439575e-21       1.866832759361e-21      -5.701665638349e-43       3.764466818475e-13      -7.582751843128e-14       1.375481162527e-13       5.580863323633e-15      -2.770626711106e-14 
  126       4.788587339087e-10       1.440607083439e-13      -5.258076625619e-12       0.000000000000e+00       2.546272262960e-24       2.771041005788e-29       2.546244006663e-24      -1.856515985651e-19      -8.552897809218e-20      -1.001226204729e-19       1.857115230443e-21       1.858094887307e-21      -7.111684555257e-44       3.790438700010e-13      -7.635066909798e-14       1.384435151944e-13       5.617193149513e-15      -2.788662699475e-14 
  127       4.835157333640e-10       1.449318719141e-13      -5.324777608495e-12       0.000000000000e+00       2.420955221365e-24       2.728287535994e-29       2.420927432416e-24      -1.821692456852e-19      -8.581278596409e-20      -9.635645972114e-20       1.849160311768e-21       1.848870842453e-21      -9.495452460879e-45       3.815243417146e-13      -7.685030961454e-14       1.392807104876e-13       5.651161426463e-15      -2.805526293867e-14 
  128       4.881773059826e-10       1.457414993391e-13      -5.389624703331e-12       0.000000000000e+00       2.302516955244e-24       2.686318156983e-29       2.302489613548e-24      -1.789315557396e-19      -8.608125953257e-20      -9.285029620705e-20       1.839291524726e-21       1.839164992991e-21      -1.199580241408e-45       3.838871810922e-13      -7.732625549238e-14       1.400587690437e-13       5.682730295434e-15      -2.821198699109e-14 
  129       4.928423635811e-10       1.464887238247e-13      -5.452552133220e-12       0.000000000000e+00       2.190542847268e-24       2.645108368432e-29       2.190515997661e-24      -1.753842307664e-19      -8.633448859589e-20      -8.904974217051e-20       1.830749162997e-21       1.828982521287e-21      -1.301717000902e-46       3.861318017243e-13      -7.777838861126e-14       1.407768578662e-13       5.711865958517e-15      -2.835663136187e-14 
  130       4.975089251798e-10       1.471727810026e-13      -5.513490008342e-12       0.000000000000e+00       2.084643084464e-24       2.604635502942e-29       2.084616704040e-24      -1.718697656618e-19      -8.657255165010e-20      -8.529721401167e-20       1.819114652213e-21       1.818328480740e-21      -1.055227373170e-48       3.882577779338e-13      -7.820662322716e-14       1.414342423910e-13       5.738538611579e-15      -2.848904808800e-14 
  131       5.021766142887e-10       1.477929681717e-13      -5.572367673565e-12       0.000000000000e+00       1.984452677691e-24       2.564876482537e-29       1.984426704986e-24      -1.692478947669e-19      -8.679553544348e-20      -8.245235932345e-20       1.805921958275e-21       1.807207849378e-21       6.592473459987e-49       3.902648211633e-13      -7.861090121610e-14       1.420302473167e-13       5.762720855006e-15      -2.860910114375e-14 
  132       5.068447969663e-10       1.483486599615e-13      -5.629121438719e-12       0.000000000000e+00       1.889632881447e-24       2.525808406642e-29       1.889607334181e-24      -1.663963521522e-19      -8.700348435007e-20      -7.939286780209e-20       1.796508621014e-21       1.795625847464e-21      -6.267915659062e-50       3.921531325421e-13      -7.899126309146e-14       1.425642716571e-13       5.784388304451e-15      -2.871666947272e-14 
  133       5.115108719731e-10       1.488393014869e-13      -5.683679028244e-12       0.000000000000e+00       1.799870084658e-24       2.487411217335e-29       1.799844943360e-24      -1.630699439971e-19      -8.719647515029e-20      -7.587346884678e-20       1.782926597234e-21       1.783587862896e-21       3.163782300959e-52       3.939225586092e-13      -7.934767794165e-14       1.430357821629e-13       5.803519323913e-15      -2.881164566271e-14 
  134       5.161741523070e-10       1.492644194043e-13      -5.735971488999e-12       0.000000000000e+00       1.714871120327e-24       2.449667139922e-29       1.714846306694e-24      -1.610069174843e-19      -8.737464453002e-20      -7.363227295425e-20       1.764659971804e-21       1.771099751840e-21      -4.776101267926e-51       3.955735594432e-13      -7.968023844015e-14       1.434443239474e-13       5.820095456858e-15      -2.889393808602e-14 
  135       5.208338600352e-10       1.496236340821e-13      -5.785938602458e-12       0.000000000000e+00       1.634357521292e-24       2.412558093566e-29       1.634333064985e-24      -1.594618253543e-19      -8.753811618115e-20      -7.192370917317e-20       1.753607813272e-21       1.758167633006e-21      -2.090129991212e-51       3.971065629755e-13      -7.998903078500e-14       1.437895321814e-13       5.834101900743e-15      -2.896347325523e-14 
  136       5.254886458003e-10       1.499166567175e-13      -5.833517749907e-12       0.000000000000e+00       1.558062910805e-24       2.376065469170e-29       1.558038881566e-24      -1.566211096953e-19      -8.768698622952e-20      -6.893412346575e-20       1.744803671616e-21       1.744797402165e-21      -7.532813932814e-53       3.985222117285e-13      -8.027418439927e-14       1.440711293228e-13       5.845527394611e-15      -2.902019526518e-14 
  137       5.301369931432e-10       1.501432687561e-13      -5.878645925967e-12       0.000000000000e+00       1.485735573797e-24       2.340172152658e-29       1.485711928474e-24      -1.538613130122e-19      -8.782134341976e-20      -6.603996959244e-20       1.727932004112e-21       1.730994862625e-21      -8.985570191528e-53       3.998213551642e-13      -8.053587038977e-14       1.442889053395e-13       5.854363416630e-15      -2.906406180913e-14 
  138       5.347770401507e-10       1.503033047235e-13      -5.921256847525e-12       0.000000000000e+00       1.417143479868e-24       2.304863152494e-29       1.417120182608e-24      -1.523096778690e-19      -8.794131580907e-20      -6.436836205992e-20       1.712129246250e-21       1.716766134025e-21       2.548280378387e-53       4.010051809391e-13      -8.077432798576e-14       1.444427012088e-13       5.860603514642e-15      -2.909504085525e-14 
  139       5.394079593369e-10       1.503966977379e-13      -5.961285398235e-12       0.000000000000e+00       1.352076276291e-24       2.270123929061e-29       1.352053390124e-24      -1.503154399995e-19      -8.804701654742e-20      -6.226842345210e-20       1.703987824883e-21       1.702117807645e-21      -3.636239422034e-54       4.020745546432e-13      -8.098973154268e-14       1.445324526571e-13       5.864245080802e-15      -2.911311945688e-14 
  140       5.440288949659e-10       1.504235308238e-13      -5.998680341481e-12       0.000000000000e+00       1.290341566517e-24       2.235939695152e-29       1.290319104859e-24      -1.474551335606e-19      -8.813855430475e-20      -5.931657925586e-20       1.693069620016e-21       1.687056499788e-21       1.496399565293e-54       4.030312741113e-13      -8.118244319773e-14       1.445582394714e-13       5.865291352394e-15      -2.911831368553e-14 
  141       5.486391977955e-10       1.503839905599e-13      -6.033386217922e-12       0.000000000000e+00       1.231758173585e-24       2.202296287048e-29       1.231736057968e-24      -1.451503331452e-19      -8.821612958350e-20      -5.693420356172e-20       1.674823818274e-21       1.671588880862e-21      -8.852245903964e-56       4.038770291925e-13      -8.135280333663e-14       1.445202409555e-13       5.863749604460e-15      -2.911065965826e-14 
  142       5.532374408249e-10       1.502783068070e-13      -6.065343798106e-12       0.000000000000e+00       1.176151052189e-24       2.169180573479e-29       1.176129248801e-24      -1.434760649013e-19      -8.827985407829e-20      -5.519621082299e-20       1.656836579420e-21       1.655722004023e-21      -1.743716949035e-56       4.046135840987e-13      -8.150116732394e-14       1.444186780073e-13       5.859628799698e-15      -2.909020187049e-14 
  143       5.578204318694e-10       1.501067826830e-13      -6.094495014711e-12       0.000000000000e+00       1.123350302416e-24       2.136580382697e-29       1.123328834303e-24      -1.415950294334e-19      -8.832974927505e-20      -5.326528015840e-20       1.641175806506e-21       1.639462451624e-21      -1.034683552597e-56       4.052427412212e-13      -8.162789821467e-14       1.442538419257e-13       5.852940757236e-15      -2.905699899844e-14 
  144       5.623882399820e-10       1.498698376839e-13      -6.120781019672e-12       0.000000000000e+00       1.073193732216e-24       2.104483664998e-29       1.073172589887e-24      -1.396281936881e-19      -8.836600119131e-20      -5.126219249678e-20       1.622961546045e-21       1.622816749203e-21       3.799135276799e-57       4.057670945917e-13      -8.173351852368e-14       1.440261358499e-13       5.843701834002e-15      -2.901113224627e-14 
  145       5.669406783928e-10       1.495679670509e-13      -6.144155120582e-12       0.000000000000e+00       1.025530480652e-24       2.072877978434e-29       1.025509637665e-24      -1.380605965525e-19      -8.838877909537e-20      -4.967181745709e-20       1.602895832638e-21       1.605792476323e-21      -1.489205290139e-58       4.061886399765e-13      -8.181843025747e-14       1.437360357106e-13       5.831931340360e-15      -2.895269748054e-14 
  146       5.714742912606e-10       1.492017708268e-13      -6.164567395242e-12       0.000000000000e+00       9.802229028217e-25       2.041752166638e-29       9.802023608863e-25      -1.368098942367e-19      -8.839813379862e-20      -4.841176043812e-20       1.585601701665e-21       1.588396588457e-21       9.898484642804e-59       4.065102245222e-13      -8.188320691574e-14       1.433841181537e-13       5.817652673087e-15      -2.888181085485e-14 
  147       5.759879908365e-10       1.487719795394e-13      -6.181953681801e-12       0.000000000000e+00       9.371455084295e-25       2.011096704126e-29       9.371252769239e-25      -1.354331845511e-19      -8.839423893183e-20      -4.703894561925e-20       1.570116022908e-21       1.570635668936e-21      -9.379095371644e-60       4.067348047641e-13      -8.192844403232e-14       1.429710852226e-13       5.800894316813e-15      -2.879861378150e-14 
  148       5.804817158791e-10       1.482794283261e-13      -6.196274398065e-12       0.000000000000e+00       8.961818170974e-25       1.980901638139e-29       8.961619053432e-25      -1.337023235066e-19      -8.837726556414e-20      -4.532505794243e-20       1.553230217621e-21       1.552518285608e-21       6.715850732531e-60       4.068652554726e-13      -8.195472067116e-14       1.424977394910e-13       5.781688835091e-15      -2.870326792267e-14 
  149       5.849531595539e-10       1.477250825225e-13      -6.207488852570e-12       0.000000000000e+00       8.572208786506e-25       1.951156856632e-29       8.572012942807e-25      -1.319054167197e-19      -8.834730436563e-20      -4.355811235403e-20       1.535331303717e-21       1.534052603375e-21       8.581435629763e-61       4.069048976674e-13      -8.196270578407e-14       1.419650086544e-13       5.760073868137e-15      -2.859596014370e-14 
  150       5.894015874542e-10       1.471099440995e-13      -6.215536727405e-12       0.000000000000e+00       8.201549925577e-25       1.921853266273e-29       8.201357141006e-25      -1.304269393201e-19      -8.830453025221e-20      -4.212240906785e-20       1.517030331386e-21       1.515244853317e-21       1.329279377336e-61       4.068575116566e-13      -8.195316083712e-14       1.413738556149e-13       5.736088484646e-15      -2.847688440161e-14 
  151       5.938258985047e-10       1.464350209489e-13      -6.220377210090e-12       0.000000000000e+00       7.848795605178e-25       1.892981735152e-29       7.848605609901e-25      -1.291001598536e-19      -8.824908067196e-20      -4.085107918168e-20       1.498046124868e-21       1.496102542744e-21       1.211663453435e-61       4.067258224194e-13      -8.192663472189e-14       1.407252489647e-13       5.709771984179e-15      -2.834623579958e-14 
  152       5.982238808628e-10       1.457015570547e-13      -6.221980244226e-12       0.000000000000e+00       7.512949310050e-25       1.864533009020e-29       7.512762194126e-25      -1.275144518493e-19      -8.818106629801e-20      -3.933338555130e-20       1.478526229006e-21       1.476634198479e-21      -2.469421388573e-62       4.065141494187e-13      -8.188399750622e-14       1.400203841828e-13       5.681172871979e-15      -2.820425514250e-14 
  153       6.025953096753e-10       1.449109491889e-13      -6.220291764081e-12       0.000000000000e+00       7.193087996924e-25       1.836498910791e-29       7.192903881678e-25      -1.258639303505e-19      -8.810068249203e-20      -3.776324785844e-20       1.457839959259e-21       1.456847326694e-21       5.958030513097e-63       4.062270652945e-13      -8.182617025533e-14       1.392606035782e-13       5.650345610758e-15      -2.805121281120e-14 
  154       6.069380253197e-10       1.440645587353e-13      -6.215275441607e-12       0.000000000000e+00       6.888375686469e-25       1.808871893184e-29       6.888194409058e-25      -1.245633953071e-19      -8.800804738708e-20      -3.655534792005e-20       1.436645380326e-21       1.436749585531e-21      -1.571236439198e-63       4.058682136302e-13      -8.175388689488e-14       1.384472154519e-13       5.617343283388e-15      -2.788737233629e-14 
  155       6.112493300549e-10       1.431638805262e-13      -6.206897161011e-12       0.000000000000e+00       6.598059960130e-25       1.781644102320e-29       6.597881336779e-25      -1.234052292130e-19      -8.790327133741e-20      -3.550195787562e-20       1.415923097189e-21       1.416348968263e-21       5.433212912278e-64       4.054420156028e-13      -8.166803798099e-14       1.375816563500e-13       5.582224176142e-15      -2.771302308069e-14 
  156       6.155303315122e-10       1.422105745177e-13      -6.195109860063e-12       0.000000000000e+00       6.321450519155e-25       1.754807641948e-29       6.321274481930e-25      -1.221587938310e-19      -8.778657325598e-20      -3.437222057502e-20       1.393497346024e-21       1.395653372220e-21      -5.226715343925e-65       4.049531862748e-13      -8.156957326694e-14       1.366655215039e-13       5.545053013777e-15      -2.752848637130e-14 
  157       6.197795224086e-10       1.412063787155e-13      -6.179891880987e-12       0.000000000000e+00       6.057883874546e-25       1.728355501025e-29       6.057710436253e-25      -1.211390461970e-19      -8.765808676188e-20      -3.348095943510e-20       1.370407992422e-21       1.374671195844e-21       1.887828760345e-65       4.044067658109e-13      -8.145950799132e-14       1.357004811511e-13       5.505897564343e-15      -2.733409864345e-14 
  158       6.239935328066e-10       1.401531321446e-13      -6.161211817152e-12       0.000000000000e+00       5.806689552873e-25       1.702281609579e-29       5.806518824674e-25      -1.202897815821e-19      -8.751794650244e-20      -3.277183507964e-20       1.351299297970e-21       1.353410509008e-21      -3.262723581668e-66       4.038075134026e-13      -8.133880079631e-14       1.346883026098e-13       5.464829534827e-15      -2.713021588741e-14 
  159       6.281730812932e-10       1.390527177603e-13      -6.139023207359e-12       0.000000000000e+00       5.567179237652e-25       1.676579398464e-29       5.567011233078e-25      -1.190986488140e-19      -8.736637422043e-20      -3.173227459354e-20       1.333076066410e-21       1.331879051038e-21       9.593159128304e-67       4.031609014514e-13      -8.120855398578e-14       1.336307954152e-13       5.421922345127e-15      -2.691720259720e-14 
  160       6.323166645736e-10       1.379071147206e-13      -6.113307691663e-12       0.000000000000e+00       5.338670019330e-25       1.651241692802e-29       5.338504593901e-25      -1.177156927388e-19      -8.720346306296e-20      -3.051222967587e-20       1.310504997410e-21       1.310085191299e-21      -1.910365697496e-67       4.024720063557e-13      -8.106979009681e-14       1.325298615544e-13       5.377253166275e-15      -2.669544188938e-14 
  161       6.364212842432e-10       1.367184922056e-13      -6.084043453625e-12       0.000000000000e+00       5.120532182081e-25       1.626262366280e-29       5.120369312487e-25      -1.165929994850e-19      -8.702933914423e-20      -2.956366034075e-20       1.288126089338e-21       1.288037063492e-21       1.698633651175e-68       4.017466705449e-13      -8.092368596780e-14       1.313875856270e-13       5.330906578608e-15      -2.646535366411e-14 
  162       6.404874396805e-10       1.354891005325e-13      -6.051191518393e-12       0.000000000000e+00       4.912232529556e-25       1.601635770373e-29       4.912072249192e-25      -1.155339640317e-19      -8.684426935536e-20      -2.868969467637e-20       1.268965266241e-21       1.265742779618e-21       1.481847869874e-69       4.009904424472e-13      -8.077135921668e-14       1.302061302063e-13       5.282970326150e-15      -2.622737352773e-14 
  163       6.445136808024e-10       1.342212911506e-13      -6.014742495416e-12       0.000000000000e+00       4.713340965187e-25       1.577355407419e-29       4.713183081608e-25      -1.143194540258e-19      -8.664834761456e-20      -2.767110641126e-20       1.246673113916e-21       1.243211232694e-21      -2.886427575206e-69       4.002095529222e-13      -8.061406492322e-14       1.289877550543e-13       5.233536096256e-15      -2.598195666327e-14 
  164       6.484965900619e-10       1.329175010429e-13      -5.974675015076e-12       0.000000000000e+00       4.523490278598e-25       1.553415366539e-29       4.523334585494e-25      -1.132515521498e-19      -8.644166448767e-20      -2.680988766208e-20       1.219727293579e-21       1.220450543931e-21       7.361605349568e-71       3.994099474549e-13      -8.045300068429e-14       1.277348021315e-13       5.182698911397e-15      -2.572957481100e-14 
  165       6.524374309213e-10       1.315802006845e-13      -5.930953656572e-12       0.000000000000e+00       4.342312655175e-25       1.529810914055e-29       4.342159229696e-25      -1.124117830791e-19      -8.622451938159e-20      -2.618726369749e-20       1.194629842182e-21       1.197468261543e-21      -1.068193692674e-70       3.985978497988e-13      -8.028942014830e-14       1.264496455845e-13       5.130555099951e-15      -2.547070619438e-14 
  166       6.563350881501e-10       1.302120462906e-13      -5.883575510853e-12       0.000000000000e+00       4.169392815828e-25       1.506536696521e-29       4.169241843235e-25      -1.114614227051e-19      -8.599704924041e-20      -2.546437346471e-20       1.173242670398e-21       1.174273263100e-21       5.995828772204e-71       3.977801353027e-13      -8.012470821429e-14       1.251348380579e-13       5.077208232667e-15      -2.520586499172e-14 
  167       6.601851753144e-10       1.288157930812e-13      -5.832528522313e-12       0.000000000000e+00       4.004265094668e-25       1.483586867899e-29       4.004116610011e-25      -1.103029343046e-19      -8.575927115278e-20      -2.454366315179e-20       1.151749712980e-21       1.150874411107e-21      -1.369958362743e-71       3.969634965291e-13      -7.996021296264e-14       1.237930273406e-13       5.022765740661e-15      -2.493558454617e-14 
  168       6.639886182329e-10       1.273941820811e-13      -5.777777674576e-12       0.000000000000e+00       3.846452833028e-25       1.460956563641e-29       3.846306705763e-25      -1.092116254095e-19      -8.551142675540e-20      -2.370019865406e-20       1.128194225136e-21       1.127279277839e-21       2.669768864303e-72       3.961542485491e-13      -7.979720643588e-14       1.224268475796e-13       4.967334501547e-15      -2.466039545298e-14 
  169       6.677460808976e-10       1.259501735165e-13      -5.719327163190e-12       0.000000000000e+00       3.695523285875e-25       1.438641463339e-29       3.695379333371e-25      -1.083853197760e-19      -8.525376908094e-20      -2.313155069503e-20       1.103592099270e-21       1.103496000914e-21      -8.372950263349e-73       3.953594341640e-13      -7.963710726290e-14       1.210391435764e-13       4.911029940016e-15      -2.438087073953e-14 
  170       6.714533445169e-10       1.244868490385e-13      -5.657181107095e-12       0.000000000000e+00       3.551123656630e-25       1.416636922420e-29       3.550981787528e-25      -1.076742857800e-19      -8.498642959885e-20      -2.268785618119e-20       1.079357530973e-21       1.079533743324e-21       1.895481614953e-73       3.945871379943e-13      -7.948154392588e-14       1.196328768232e-13       4.853972215342e-15      -2.409760693806e-14 
  171       6.751101664269e-10       1.230072303942e-13      -5.591312062274e-12       0.000000000000e+00       3.412977073481e-25       1.394938120650e-29       3.412837311546e-25      -1.068043167320e-19      -8.470957984683e-20      -2.209473688517e-20       1.055062681502e-21       1.055401072533e-21      -4.595798421921e-74       3.938433831996e-13      -7.933172966764e-14       1.182109512432e-13       4.796279151019e-15      -2.381118898480e-14 
  172       6.787162260459e-10       1.215145448431e-13      -5.521722285616e-12       0.000000000000e+00       3.280843854446e-25       1.373540331976e-29       3.280706236785e-25      -1.057970280459e-19      -8.442335332155e-20      -2.137367472431e-20       1.029432826909e-21       1.031105792200e-21       5.963781466292e-75       3.931364463524e-13      -7.918933163521e-14       1.167764682592e-13       4.738076583863e-15      -2.352224159822e-14 
  173       6.822676941747e-10       1.200121095900e-13      -5.448408696251e-12       0.000000000000e+00       3.154475571503e-25       1.352439196468e-29       3.154340136337e-25      -1.048581955354e-19      -8.412786499464e-20      -2.073033054079e-20       1.004213853179e-21       1.006655895726e-21      -3.263977872421e-75       3.924744042867e-13      -7.905597674231e-14       1.153326157322e-13       4.679493857815e-15      -2.323140690799e-14 
  174       6.857648353150e-10       1.185031626439e-13      -5.371355631549e-12       0.000000000000e+00       3.033592045125e-25       1.331630676184e-29       3.033458825799e-25      -1.039657041631e-19      -8.382333792125e-20      -2.014236624183e-20       9.814851830081e-22       9.820598738058e-22       3.956225531329e-76       3.918639853944e-13      -7.893302028649e-14       1.138825054150e-13       4.620657228825e-15      -2.293931171336e-14 
  175       6.892083306428e-10       1.169911939324e-13      -5.290578586732e-12       0.000000000000e+00       2.917894472609e-25       1.311110572083e-29       2.917763378332e-25      -1.030571848840e-19      -8.350995813496e-20      -1.954722674906e-20       9.585124058713e-22       9.573263006683e-22      -4.738090371178e-77       3.913132861038e-13      -7.882209312835e-14       1.124294911568e-13       4.561702775624e-15      -2.264663157893e-14 
  176       6.925948556835e-10       1.154798743933e-13      -5.206086651888e-12       0.000000000000e+00       2.807103933269e-25       1.290874713242e-29       2.806974802502e-25      -1.022927337292e-19      -8.318785714230e-20      -1.910487658692e-20       9.331740856792e-22       9.324633687417e-22       1.640830064881e-77       3.908312038394e-13      -7.872498747289e-14       1.109771007584e-13       4.502773634849e-15      -2.235407710837e-14 
  177       6.959238894905e-10       1.139727551200e-13      -5.117865145375e-12       0.000000000000e+00       2.700997551563e-25       1.270919352219e-29       2.700870356944e-25      -1.016447690103e-19      -8.285723797088e-20      -1.878753103943e-20       9.085549254197e-22       9.074792437198e-22       1.307395158532e-78       3.904249017904e-13      -7.864314619868e-14       1.095287468498e-13       4.444008270201e-15      -2.206233570648e-14 
  178       6.991955432199e-10       1.124735067875e-13      -5.025937997847e-12       0.000000000000e+00       2.599414036050e-25       1.251240663234e-29       2.599288815438e-25      -1.008012396003e-19      -8.251827337748e-20      -1.828296622281e-20       8.852271956050e-22       8.823824375601e-22      -4.217510071747e-79       3.901028945253e-13      -7.857828439221e-14       1.080879569794e-13       4.385549808073e-15      -2.177211792606e-14 
  179       7.024067256517e-10       1.109859933449e-13      -4.930320304710e-12       0.000000000000e+00       2.502219866076e-25       1.231834496357e-29       2.502096551929e-25      -9.976789732321e-20      -8.217109131598e-20      -1.759680600723e-20       8.595424796679e-22       8.571811466891e-22       4.447548090050e-79       3.898743733920e-13      -7.853225346330e-14       1.066584444339e-13       4.327548910981e-15      -2.148417173308e-14 
  180       7.055569226459e-10       1.095140685188e-13      -4.831000370949e-12       0.000000000000e+00       2.409256475188e-25       1.212697050932e-29       2.409135032530e-25      -9.881676171699e-20      -8.181588208912e-20      -1.700087962787e-20       8.326925757289e-22       8.318831981091e-22      -1.199000221801e-79       3.897475475175e-13      -7.850670697345e-14       1.052439126759e-13       4.270155842845e-15      -2.119924311472e-14 
  181       7.086461245311e-10       1.080616466796e-13      -4.728003622443e-12       0.000000000000e+00       2.320304228540e-25       1.193825095445e-29       2.320184750539e-25      -9.787052947078e-20      -8.145281929970e-20      -1.641771017108e-20       8.080010840309e-22       8.064969186167e-22       3.170803600337e-80       3.897309330476e-13      -7.850336032682e-14       1.038481234474e-13       4.213523232196e-15      -2.091808979724e-14 
  182       7.116713474799e-10       1.066327539851e-13      -4.621356076889e-12       0.000000000000e+00       2.235088208632e-25       1.175215322368e-29       2.234970676661e-25      -9.678929732638e-20      -8.108204345088e-20      -1.570725387549e-20       7.817762978440e-22       7.810307122138e-22      -8.787165851171e-81       3.898332755122e-13      -7.852397513230e-14       1.024749459187e-13       4.157808066367e-15      -2.064149114626e-14 
  183       7.146323238953e-10       1.052315023510e-13      -4.511056895996e-12       0.000000000000e+00       2.153324192947e-25       1.156863916257e-29       2.153208422139e-25      -9.591255581004e-20      -8.070373927518e-20      -1.520881653485e-20       7.510419745647e-22       7.554923617867e-22       2.497926237126e-81       3.900636902706e-13      -7.857038749341e-14       1.011283316745e-13       4.103170676548e-15      -2.037024312803e-14 
  184       7.175297486916e-10       1.038620888827e-13      -4.397126550263e-12       0.000000000000e+00       2.074778680756e-25       1.138767038938e-29       2.074664615165e-25      -9.547606508860e-20      -8.031806719210e-20      -1.515799789650e-20       7.222556948943e-22       7.298898734218e-22      -6.028399775479e-82       3.904308626344e-13      -7.864434688933e-14       9.981231416707e-14       4.049774715624e-15      -2.010515819937e-14 
  185       7.203609961652e-10       1.025286795619e-13      -4.279604949937e-12       0.000000000000e+00       1.999307224146e-25       1.120921633893e-29       1.999194980041e-25      -9.507153853146e-20      -7.992517630276e-20      -1.514636222870e-20       6.998680117956e-22       7.042315692822e-22       1.334611425874e-82       3.909441593765e-13      -7.874774006571e-14       9.853089693896e-14       3.997782622927e-15      -1.984704279241e-14 
  186       7.231251256670e-10       1.012354888397e-13      -4.158504590122e-12       0.000000000000e+00       1.926847313729e-25       1.103325128758e-29       1.926736915847e-25      -9.435600822056e-20      -7.952528935559e-20      -1.483071886497e-20       6.782001283760e-22       6.785249470737e-22      -3.543459678142e-83       3.916126544493e-13      -7.888239478547e-14       9.728813011199e-14       3.947358727686e-15      -1.959671272172e-14 
  187       7.258224678428e-10       9.998696600895e-14      -4.033846919467e-12       0.000000000000e+00       1.857370258068e-25       1.085974265106e-29       1.857261620030e-25      -9.356530930282e-20      -7.911858595102e-20      -1.444672335181e-20       6.532959570121e-22       6.527772541099e-22       6.594179773710e-84       3.924455904172e-13      -7.905017277504e-14       9.608828949290e-14       3.898676516052e-15      -1.935502926150e-14 
  188       7.284506083946e-10       9.878754846556e-14      -3.905666281311e-12       0.000000000000e+00       1.790821245695e-25       1.068865168838e-29       1.790714344391e-25      -9.289820469658e-20      -7.870515625583e-20      -1.419304844074e-20       6.286613015730e-22       6.269967256722e-22      -1.207442461167e-84       3.934527862529e-13      -7.925305186651e-14       9.493563945527e-14       3.851909010286e-15      -1.912285138297e-14 
  189       7.310086090466e-10       9.764156354816e-14      -3.773989150184e-12       0.000000000000e+00       1.727081163741e-25       1.051994614019e-29       1.726976000232e-25      -9.218073252099e-20      -7.828516515324e-20      -1.389556736776e-20       6.052380642135e-22       6.011917005392e-22       2.117208568729e-85       3.946425118434e-13      -7.949269786018e-14       9.383433860684e-14       3.807224941316e-15      -1.890101675297e-14 
  190       7.334972524348e-10       9.655357369976e-14      -3.638853240562e-12       0.000000000000e+00       1.665969215225e-25       1.035360113114e-29       1.665865718877e-25      -9.133748475006e-20      -7.785884818527e-20      -1.347863656479e-20       5.797857192537e-22       5.753695615536e-22      -5.293608232257e-86       3.960250133451e-13      -7.977117463567e-14       9.278877149254e-14       3.764802207224e-15      -1.869040854879e-14 
  191       7.359143846501e-10       9.552826099799e-14      -3.500290805115e-12       0.000000000000e+00       1.607282862658e-25       1.018958817601e-29       1.607180980187e-25      -9.049317424038e-20      -7.742635756135e-20      -1.306681667903e-20       5.529302464889e-22       5.495374555926e-22       7.742044872590e-87       3.976095763494e-13      -8.009035258625e-14       9.180343762712e-14       3.724823370866e-15      -1.849193310607e-14 
  192       7.382580206874e-10       9.457017799017e-14      -3.358331005386e-12       0.000000000000e+00       1.550850854702e-25       1.002787373272e-29       1.550750590861e-25      -8.963389429363e-20      -7.698779466238e-20      -1.264609963124e-20       5.270393642036e-22       5.237029486337e-22       2.025541550572e-87       3.994058614068e-13      -8.045217763310e-14       9.088271204570e-14       3.687465944472e-15      -1.830647168653e-14 
  193       7.405290505385e-10       9.368392122507e-14      -3.213011882337e-12       0.000000000000e+00       1.496567114855e-25       9.868428162019e-30       1.496468434233e-25      -8.870030005156e-20      -7.654333998196e-20      -1.215696006960e-20       5.004113312059e-22       4.978737112457e-22      -7.240976903447e-88       4.014236823793e-13      -8.085862657889e-14       9.003101206910e-14       3.652909155971e-15      -1.813491406951e-14 
  194       7.427273982826e-10       9.287421940718e-14      -3.064379439598e-12       0.000000000000e+00       1.444386355039e-25       9.711227723056e-30       1.444289200890e-25      -8.780110499983e-20      -7.609321481270e-20      -1.170789018713e-20       4.719436813983e-22       4.720572774457e-22       2.528603954052e-88       4.036723697529e-13      -8.131157886004e-14       8.925288202089e-14       3.621337386285e-15      -1.797817561645e-14 
  195       7.448511145975e-10       9.214584614284e-14      -2.912479396809e-12       0.000000000000e+00       1.394287899464e-25       9.556246475234e-30       1.394192281688e-25      -8.699579262285e-20      -7.563756060347e-20      -1.135823201938e-20       4.442928642272e-22       4.462610328277e-22      -8.050701958899e-89       4.061617282082e-13      -8.181300942977e-14       8.855290937569e-14       3.592936767145e-15      -1.783718038070e-14 
  196       7.468991353851e-10       9.150363129694e-14      -2.757357915901e-12       0.000000000000e+00       1.346231824759e-25       9.403452190940e-30       1.346137735465e-25      -8.621016951836e-20      -7.517648718811e-20      -1.103368233025e-20       4.175203481369e-22       4.204921851080e-22       2.390325608876e-89       4.089013196420e-13      -8.236484433749e-14       8.793573567303e-14       3.567895623905e-15      -1.771286330588e-14 
  197       7.488712779856e-10       9.095237501460e-14      -2.599049541901e-12       0.000000000000e+00       1.300132163524e-25       9.252813838029e-30       1.300039497298e-25      -8.550462179451e-20      -7.471019444663e-20      -1.079442734788e-20       3.887997374024e-22       3.947577192094e-22      -6.865206950047e-90       4.119015569578e-13      -8.296918105057e-14       8.740597389151e-14       3.546401123091e-15      -1.760615358259e-14 
  198       7.507681141154e-10       9.049681601251e-14      -2.437589274609e-12       0.000000000000e+00       1.255860732801e-25       9.104308770072e-30       1.255769445984e-25      -8.502510596943e-20      -7.423888714669e-20      -1.078621882274e-20       3.604082773344e-22       3.690644157563e-22       1.383600327932e-90       4.151707215245e-13      -8.362768768216e-14       8.696817797649e-14       3.528638036020e-15      -1.751796851040e-14 
  199       7.525873618681e-10       9.014186150964e-14      -2.273059108655e-12       0.000000000000e+00       1.213277638344e-25       8.957916876365e-30       1.213187870864e-25      -8.462698876827e-20      -7.376266977760e-20      -1.086431899067e-20       3.379429835201e-22       3.434193453622e-22      -4.159274320858e-91       4.187194637327e-13      -8.434250953656e-14       8.662706380541e-14       3.514797704227e-15      -1.744925800678e-14 
  200       7.543264357790e-10       8.989248108013e-14      -2.105515576458e-12       0.000000000000e+00       1.172268886790e-25       8.813611021493e-30       1.172180771830e-25      -8.401764990710e-20      -7.328167170094e-20      -1.073597820616e-20       3.200218857525e-22       3.178301100881e-22       9.993126976603e-92       4.225582104878e-13      -8.511574690154e-14       8.638740717955e-14       3.505073900586e-15      -1.740098405965e-14 
  201       7.559870645922e-10       8.975355445086e-14      -1.934975407593e-12       0.000000000000e+00       1.132767768159e-25       8.671359734650e-30       1.132681219608e-25      -8.320472834653e-20      -7.279610711243e-20      -1.040862123410e-20       2.990504030238e-22       2.923037373289e-22      -2.215805411705e-92       4.266957165880e-13      -8.594916325290e-14       8.625389755620e-14       3.499656894664e-15      -1.737409126470e-14 
  202       7.575706892919e-10       8.973003259167e-14      -1.761496632386e-12       0.000000000000e+00       1.094747978901e-25       8.531136252135e-30       1.094662794411e-25      -8.242139288631e-20      -7.230612349368e-20      -1.011526939262e-20       2.721881389466e-22       2.668461290230e-22       5.596661924257e-93       4.311421080699e-13      -8.684479827456e-14       8.623129285775e-14       3.498739733921e-15      -1.736953800850e-14 
  203       7.590740250765e-10       8.982684246629e-14      -1.585168468412e-12       0.000000000000e+00       1.058195102089e-25       8.392918741354e-30       1.058111193464e-25      -8.171207999640e-20      -7.181182049254e-20      -9.900259503867e-21       2.438638938611e-22       2.414635972830e-22      -1.313611139866e-93       4.359068856852e-13      -8.780456569945e-14       8.632432793651e-14       3.502514529774e-15      -1.738827803063e-14 
  204       7.604958529792e-10       9.004880628714e-14      -1.406039581957e-12       0.000000000000e+00       1.023075195840e-25       8.256684333334e-30       1.022992608654e-25      -8.092989111924e-20      -7.131340163671e-20      -9.616489482531e-21       2.177295033289e-22       2.161634488440e-22       1.971554920807e-94       4.409996905094e-13      -8.883040752591e-14       8.653763697794e-14       3.511169309195e-15      -1.743124479339e-14 
  205       7.618389481030e-10       9.040091936409e-14      -1.224144429392e-12       0.000000000000e+00       9.893189753829e-26       8.122407828590e-30       9.892377436063e-26      -8.005416994290e-20      -7.081107601442e-20      -9.243093928480e-21       1.925175534403e-22       1.909522686758e-22      -5.823231983569e-95       4.464292725432e-13      -8.992408626343e-14       8.687602051555e-14       3.524898848543e-15      -1.749940526650e-14 
  206       7.631021672272e-10       9.088827836199e-14      -1.039567270151e-12       0.000000000000e+00       9.568297235325e-26       7.990064286087e-30       9.567498113359e-26      -7.923567875731e-20      -7.030492376619e-20      -8.930754991121e-21       1.662505670463e-22       1.658355722150e-22       1.525652894184e-95       4.522067261037e-13      -9.108783663623e-14       8.734437648579e-14       3.543901876196e-15      -1.759374603952e-14 
  207       7.642818542390e-10       9.151572535576e-14      -8.523827658338e-13       0.000000000000e+00       9.255090943708e-26       7.859630161239e-30       9.254304634748e-26      -7.855688787974e-20      -6.979504153449e-20      -8.761846345250e-21       1.398157084201e-22       1.408194368435e-22      -3.036615620460e-96       4.583412379853e-13      -9.232350913701e-14       8.794735816216e-14       3.568367193600e-15      -1.771520441964e-14 
  208       7.653784442214e-10       9.228814851237e-14      -6.626363052803e-13       0.000000000000e+00       8.952852066810e-26       7.731083320220e-30       8.952078571832e-26      -7.793594996735e-20      -6.928165331794e-20      -8.654296649407e-21       1.147764831158e-22       1.159105687054e-22       5.670079642259e-97       4.648412708411e-13      -9.363280839491e-14       8.868966311295e-14       3.598485399416e-15      -1.786472663634e-14 
  209       7.663944803471e-10       9.321063451438e-14      -4.703899362177e-13       0.000000000000e+00       8.661266559609e-26       7.604402322486e-30       8.660505839381e-26      -7.726069186883e-20      -6.876495647759e-20      -8.495735391238e-21       9.047791763478e-23       9.111514846370e-23      -8.532295160306e-98       4.717174511002e-13      -9.501787488765e-14       8.957617968159e-14       3.634454832793e-15      -1.804329734685e-14 
  210       7.673277680475e-10       9.428803620323e-14      -2.757328462724e-13       0.000000000000e+00       8.380348249463e-26       7.479564411764e-30       8.379599902602e-26      -7.652709209711e-20      -6.824502813669e-20      -8.282063960423e-21       6.526190545746e-23       6.643901584872e-23       5.138961094065e-99       4.789782192528e-13      -9.648040878015e-14       9.061157148825e-14       3.676464714984e-15      -1.825185594250e-14 
  211       7.681759108562e-10       9.552519403812e-14      -7.874454365650e-14       0.000000000000e+00       8.110197148656e-26       7.356545443492e-30       8.109460791533e-26      -7.579872549569e-20      -6.772196891948e-20      -8.076756576211e-21       3.936426235083e-23       4.188805955025e-23     -6.640147438938e-100       4.866328347159e-13      -9.802227519338e-14       9.180049025368e-14       3.724703784435e-15      -1.849133941771e-14 
  212       7.689406609007e-10       9.692723820307e-14       1.205319324853e-13       0.000000000000e+00       7.850733705336e-26       7.235322806784e-30       7.850009407145e-26      -7.510562241595e-20      -6.719599763127e-20      -7.909624784684e-21       1.471944867417e-23       1.746780717592e-23      -1.721586145354e-99       4.946905806128e-13      -9.964534402351e-14       9.314786612657e-14       3.779372076499e-15      -1.876274085053e-14 
  213       7.696239194124e-10       9.849902204455e-14       3.220297253313e-13       0.000000000000e+00       7.601549638036e-26       7.115876070938e-30       7.600837672068e-26      -7.443011099031e-20      -6.666731925718e-20      -7.762791733132e-21      -7.984305218936e-24      -6.816234220202e-24      8.376734103972e-100       5.031614234302e-13      -1.013516228163e-13       9.465836321243e-14       3.840658832120e-15      -1.906699973005e-14 
  214       7.702236496248e-10       1.002450120909e-13       5.256425841440e-13       0.000000000000e+00       7.361939715785e-26       6.998183729924e-30       7.361239973892e-26      -7.376772734174e-20      -6.613601130679e-20      -7.631716034947e-21      -3.042522987477e-23      -3.095806741956e-23     -2.764882679268e-100       5.120528107058e-13      -1.031426117267e-13       9.633627388137e-14       3.908738209488e-15      -1.940498066682e-14 
  215       7.707380786741e-10       1.021701404072e-13       7.312800113039e-13       0.000000000000e+00       7.131078859249e-26       6.882221908916e-30       7.130390807367e-26      -7.314612330455e-20      -6.560214519290e-20      -7.543978111651e-21      -5.419290249493e-23      -5.495202531550e-23      6.100662292994e-101       5.213737520259e-13      -1.050201255522e-13       9.818633788824e-14       3.983802518936e-15      -1.977763838794e-14 
  216       7.711677036663e-10       1.042796119062e-13       9.389003113737e-13       0.000000000000e+00       6.908241004843e-26       6.767967539345e-30       6.907564240978e-26      -7.256237521125e-20      -6.506591454826e-20      -7.496460662994e-21      -7.847378327938e-23      -7.879320617885e-23     -2.044327263390e-101       5.311347549596e-13      -1.069862808288e-13       1.002135571966e-13       4.066054709624e-15      -2.018598043711e-14 
  217       7.715149415077e-10       1.065779555757e-13       1.148444698350e-12       0.000000000000e+00       6.692947927179e-26       6.655401044619e-30       6.692282498785e-26      -7.195168962740e-20      -6.452751526462e-20      -7.424174362782e-21      -1.013961260346e-22      -1.024765940826e-22      5.573854660335e-102       5.413431575507e-13      -1.090425556559e-13       1.024222842005e-13       4.155671375152e-15      -2.063088351549e-14 
  218       7.717782143272e-10       1.090694505825e-13       1.359785579259e-12       0.000000000000e+00       6.484982952891e-26       6.544504696838e-30       6.484328962352e-26      -7.123784686060e-20      -6.398702962282e-20      -7.250817237781e-21      -1.230603276288e-22      -1.259970129279e-22     -1.509176943228e-102       5.520063621747e-13      -1.111904410913e-13       1.048166312143e-13       4.252819368142e-15      -2.111317596506e-14 
  219       7.719545972946e-10       1.117589882896e-13       1.572833143175e-12       0.000000000000e+00       6.284280285879e-26       6.435258909705e-30       6.283637370903e-26      -7.042823779345e-20      -6.344454924519e-20      -6.983688548260e-21      -1.457849280983e-22      -1.493498607464e-22      3.760295480150e-103       5.631327243143e-13      -1.134316201770e-13       1.074012988777e-13       4.357689411870e-15      -2.163380463396e-14 
  220       7.720454277655e-10       1.146515694156e-13       1.787545617415e-12       0.000000000000e+00       6.090763006289e-26       6.327641256450e-30       6.090130452294e-26      -6.962265114040e-20      -6.290026822504e-20      -6.722382915353e-21      -1.710869072374e-22      -1.725305560835e-22     -1.046336881052e-103       5.747326046713e-13      -1.157681798652e-13       1.101810929220e-13       4.470476493597e-15      -2.219373753892e-14 
  221       7.720534651735e-10       1.177514980729e-13       2.003846676226e-12       0.000000000000e+00       5.904220134807e-26       6.221629701782e-30       5.903597488988e-26      -6.891679202907e-20      -6.235435487658e-20      -6.562437152485e-21      -1.974992037257e-22      -1.955338085799e-22      2.429043055855e-104       5.868133247551e-13      -1.182015949250e-13       1.131601496343e-13       4.591348438614e-15      -2.279380785075e-14 
  222       7.719772063071e-10       1.210628956109e-13       2.221613753584e-12       0.000000000000e+00       5.724282724069e-26       6.117205459672e-30       5.723670139316e-26      -6.831366822251e-20      -6.180688563834e-20      -6.506782584166e-21      -2.220297682094e-22      -2.183545233840e-22     -6.996811963654e-105       5.993811906237e-13      -1.207331355833e-13       1.163424296649e-13       4.720465945943e-15      -2.343481336178e-14 
  223       7.718150463761e-10       1.245904098914e-13       2.440749655363e-12       0.000000000000e+00       5.550500880155e-26       6.014350871175e-30       5.549898802554e-26      -6.772640361426e-20      -6.125796396168e-20      -6.468439652582e-21      -2.433604112541e-22      -2.409884875880e-22      1.674736749948e-105       6.124446050132e-13      -1.233644944003e-13       1.197323996470e-13       4.858010244308e-15      -2.411765378433e-14 
  224       7.715677544630e-10       1.283387560376e-13       2.661199218745e-12       0.000000000000e+00       5.382469968992e-26       5.913045969189e-30       5.381878571320e-26      -6.707076567766e-20      -6.070775190251e-20      -6.363013775145e-21      -2.630184619691e-22      -2.634314627894e-22     -4.301637225805e-106       6.260121375081e-13      -1.260973975442e-13       1.233345908525e-13       5.004165185073e-15      -2.484324185084e-14 
  225       7.712369520927e-10       1.323120456083e-13       2.882875002178e-12       0.000000000000e+00       5.219933602217e-26       5.813269869127e-30       5.219352574712e-26      -6.633444752020e-20      -6.015638924137e-20      -6.178058278824e-21      -2.835003887525e-22      -2.856788337977e-22      1.112435840081e-106       6.400901232389e-13      -1.289331210980e-13       1.271529545228e-13       5.159091085509e-15      -2.561237345844e-14 
  226       7.708221035134e-10       1.365142121650e-13       3.105666743899e-12       0.000000000000e+00       5.062811079262e-26       5.715004053477e-30       5.062239883709e-26      -6.557800749627e-20      -5.960398702877e-20      -5.974020467502e-21      -3.058967396571e-22      -3.077265270614e-22     -3.031914752221e-107       6.546856896921e-13      -1.318731007488e-13       1.311912708426e-13       5.322941322447e-15      -2.642581004837e-14 
  227       7.703228550058e-10       1.409495925044e-13       3.329488878986e-12       0.000000000000e+00       4.911140524591e-26       5.618231067585e-30       4.910578728923e-26      -6.487015037069e-20      -5.905067695709e-20      -5.819473413603e-21      -3.295111224051e-22      -3.295708998949e-22      7.602660798728e-108       6.698050349418e-13      -1.349185849724e-13       1.354537075088e-13       5.495884995599e-15      -2.728439111830e-14 
  228       7.697391043536e-10       1.456224834019e-13       3.554251687360e-12       0.000000000000e+00       4.764969834533e-26       5.522931183714e-30       4.764417236214e-26      -6.423600121530e-20      -5.849658664137e-20      -5.739414573930e-21      -3.529918086580e-22      -3.512076342185e-22     -1.714942694190e-108       6.854571637935e-13      -1.380713876035e-13       1.399443937577e-13       5.678089644177e-15      -2.818894841877e-14 
  229       7.690712673836e-10       1.505365722026e-13       3.779863252294e-12       0.000000000000e+00       4.624248159262e-26       5.429083449518e-30       4.623704754416e-26      -6.365112305086e-20      -5.794181226571e-20      -5.709310785154e-21      -3.752650666664e-22      -3.726322249196e-22      3.998035377350e-109       7.016472139508e-13      -1.413325435278e-13       1.446668731580e-13       5.869699044579e-15      -2.914019572957e-14 
  230       7.683195099351e-10       1.556956429185e-13       4.006233178554e-12       0.000000000000e+00       4.488766225292e-26       5.336669250791e-30       4.488232132513e-26      -6.307417939955e-20      -5.738645926253e-20      -5.687720137021e-21      -3.958122205116e-22      -3.938414801847e-22     -9.346765395087e-110       7.183804115107e-13      -1.447031054362e-13       1.496247821761e-13       6.070860742427e-15      -3.013886554280e-14 
  231       7.674845640860e-10       1.611039898119e-13       4.233273877770e-12       0.000000000000e+00       4.358169561039e-26       5.245672504144e-30       4.357644880217e-26      -6.246425116600e-20      -5.683066811930e-20      -5.633583046703e-21      -4.149353253762e-22      -4.148329600254e-22      3.053372090997e-110       7.356647704227e-13      -1.481846875757e-13       1.548222476330e-13       6.281742178934e-15      -3.118578912251e-14 
  232       7.665665084578e-10       1.667654076254e-13       4.460891725415e-12       0.000000000000e+00       4.232033375464e-26       5.156077004994e-30       4.231518022886e-26      -6.179873196179e-20      -5.627457611928e-20      -5.524155842506e-21      -4.337649114669e-22      -4.356030627903e-22     -7.019243459795e-111       7.535063507050e-13      -1.517785106134e-13       1.602629163073e-13       6.502491318127e-15      -3.228170103799e-14 
  233       7.655657887901e-10       1.726828816858e-13       4.688973002069e-12       0.000000000000e+00       4.109960715911e-26       5.067865112044e-30       4.109454384010e-26      -6.109171392316e-20      -5.571828925112e-20      -5.373424672036e-21      -4.534866260324e-22      -4.561472264214e-22      1.621943575363e-111       7.719094112822e-13      -1.554854324231e-13       1.659496571223e-13       6.733224563411e-15      -3.342717917542e-14 
  234       7.644824062993e-10       1.788597855904e-13       4.917420361909e-12       0.000000000000e+00       3.991660504631e-26       4.981018277245e-30       3.991162784441e-26      -6.038696008124e-20      -5.516189737482e-20      -5.225062706419e-21      -4.744336103615e-22      -4.764618282870e-22     -2.723874360612e-112       7.908771779493e-13      -1.593061027753e-13       1.718857121328e-13       6.974073457585e-15      -3.462287658072e-14 
  235       7.633170882881e-10       1.853001871066e-13       5.146138148836e-12       0.000000000000e+00       3.876975589831e-26       4.895517831268e-30       3.876486142261e-26      -5.971523762874e-20      -5.460551332047e-20      -5.109724308276e-21      -4.959897060760e-22      -4.965444037834e-22      1.339707487097e-112       8.104186097863e-13      -1.632423262945e-13       1.780749904962e-13       7.225196610405e-15      -3.586958067403e-14 
  236       7.620704450383e-10       1.920075301637e-13       5.375048530242e-12       0.000000000000e+00       3.765857374753e-26       4.811345849898e-30       3.765376046316e-26      -5.907476026807e-20      -5.404926875214e-20      -5.025491515938e-21      -5.171310384577e-22      -5.163922755105e-22     -2.202556122930e-113       8.305390694717e-13      -1.672951831829e-13       1.845208018567e-13       7.486728307042e-15      -3.716795811581e-14 
  237       7.607431573070e-10       1.989845142598e-13       5.604055944108e-12       0.000000000000e+00       3.658307399641e-26       4.728485693790e-30       3.657834227194e-26      -5.844331601976e-20      -5.349327124127e-20      -4.950044778489e-21      -5.370627595589e-22      -5.360023643138e-22      7.845620495143e-114       8.512405688629e-13      -1.714650786882e-13       1.912257404539e-13       7.758773805909e-15      -3.851853146278e-14 
  238       7.593345531406e-10       2.062342409466e-13       5.833040121572e-12       0.000000000000e+00       3.554314396209e-26       4.646921163935e-30       3.553849470248e-26      -5.779839335199e-20      -5.293759529518e-20      -4.860798056808e-21      -5.557873647673e-22      -5.553720033339e-22     -1.353540957552e-114       8.725277460924e-13      -1.757529470679e-13       1.981927869043e-13       8.041454042242e-15      -3.992190109946e-14 
  239       7.578447532646e-10       2.137600573357e-13       6.061901229410e-12       0.000000000000e+00       3.453810821384e-26       4.566635291708e-30       3.453354093010e-26      -5.713384188182e-20      -5.238233922855e-20      -4.751502653273e-21      -5.742232823760e-22      -5.744987380748e-22      5.917183292299e-115       8.944061340498e-13      -1.801599028098e-13       2.054251578096e-13       8.334899526103e-15      -4.137871494472e-14 
  240       7.562748761830e-10       2.215646053284e-13       6.290566520891e-12       0.000000000000e+00       3.356662378535e-26       4.487610764519e-30       3.356213607266e-26      -5.647254163613e-20      -5.182764446929e-20      -4.644897166835e-21      -5.933541733636e-22      -5.933797594117e-22     -1.548135084988e-115       9.168785785269e-13      -1.846865191407e-13       2.129253920583e-13       8.639213270106e-15      -4.288948440600e-14 
  241       7.546264656651e-10       2.296503192138e-13       6.518940977863e-12       0.000000000000e+00       3.262689899695e-26       4.409831162744e-30       3.262248814538e-26      -5.584594280433e-20      -5.127362703348e-20      -4.572315770854e-21      -6.130643257031e-22      -6.120124416279e-22      2.907721792475e-116       9.399485078850e-13      -1.893334866343e-13       2.206958290222e-13       8.954490191679e-15      -4.445468070207e-14 
  242       7.529001480675e-10       2.380201886938e-13       6.746898887709e-12       0.000000000000e+00       3.171708842212e-26       4.333280732626e-30       3.171275329892e-26      -5.526255840550e-20      -5.072034594978e-20      -4.542212455716e-21      -6.321138658828e-22      -6.303947788037e-22     -1.154444711352e-116       9.636189780333e-13      -1.941014208412e-13       2.287393418290e-13       9.280846864817e-15      -4.607488256603e-14 
  243       7.510951006436e-10       2.466769730826e-13       6.974330722551e-12       0.000000000000e+00       3.083566191193e-26       4.257943240686e-30       3.083140285966e-26      -5.468486038155e-20      -5.016786852806e-20      -4.516991853482e-21      -6.495603691657e-22      -6.485245732968e-22      3.073067843894e-117       9.878957427279e-13      -1.989914807384e-13       2.370585822023e-13       9.618390880287e-15      -4.775062413360e-14 
  244       7.492118760564e-10       2.556223913240e-13       7.201162198348e-12       0.000000000000e+00       2.998160240730e-26       4.183802123601e-30       2.997741933379e-26      -5.407191468629e-20      -4.961631676057e-20      -4.455597925716e-21      -6.658815926075e-22      -6.663990682453e-22     -8.497402899860e-118       1.012778907886e-12      -2.040036876608e-13       2.456552020611e-13       9.967189262875e-15      -4.948223815020e-14 
  245       7.472529696292e-10       2.648582810279e-13       7.427295371013e-12       0.000000000000e+00       2.915438415135e-26       4.110841640998e-30       2.915027514210e-26      -5.341836850397e-20      -4.906581491197e-20      -4.352553591999e-21      -6.824727629712e-22      -6.840160647088e-22      2.653580401429e-118       1.038269063713e-12      -2.091381604932e-13       2.545309673635e-13       1.032731366439e-14      -5.127008033213e-14 
  246       7.452188342664e-10       2.743874255216e-13       7.652610507192e-12       0.000000000000e+00       2.835377936593e-26       4.039046993996e-30       2.834974146177e-26      -5.275590652882e-20      -4.851645382321e-20      -4.239452705616e-21      -7.000957936917e-22      -7.013744527333e-22     -4.398555310709e-119       1.064370824089e-12      -2.143958286077e-13       2.636885529097e-13       1.069887261191e-14      -5.311468946345e-14 
  247       7.431088709135e-10       2.842122383029e-13       7.877017127973e-12       0.000000000000e+00       2.757959113762e-26       3.968403268920e-30       2.757562230840e-26      -5.212040591945e-20      -4.796831818164e-20      -4.152087737805e-21      -7.181356881377e-22      -7.184729756740e-22      1.274787143186e-119       1.091087512363e-12      -2.197773614256e-13       2.731302780907e-13       1.108196021216e-14      -5.501653273824e-14 
  248       7.409235882891e-10       2.943338118827e-13       8.100428311665e-12       0.000000000000e+00       2.683140570958e-26       3.898894755004e-30       2.682750566080e-26      -5.151801744414e-20      -4.742149329823e-20      -4.096524145916e-21      -7.354549309802e-22      -7.353093423482e-22     -3.803294981685e-120       1.118418328012e-12      -2.252825976976e-13       2.828571928185e-13       1.147661906417e-14      -5.697582163987e-14 
  249       7.386643710288e-10       3.047532132312e-13       8.322719477578e-12       0.000000000000e+00       2.610845937903e-26       3.830505265985e-30       2.610462834903e-26      -5.092171485075e-20      -4.687604307835e-20      -4.045671772403e-21      -7.517246294240e-22      -7.518811765832e-22      1.166392209577e-120       1.146363518659e-12      -2.309115873022e-13       2.928703224601e-13       1.188289077108e-14      -5.899276270767e-14 
  250       7.363315898425e-10       3.154724642951e-13       8.543778869696e-12       0.000000000000e+00       2.540964158950e-26       3.763218941837e-30       2.540587875252e-26      -5.030311666166e-20      -4.633204325137e-20      -3.971073410294e-21      -7.676473459907e-22      -7.681870983923e-22     -4.873953043254e-121       1.174924479167e-12      -2.366646112065e-13       3.031716101228e-13       1.230085417231e-14      -6.106774734102e-14 
