# dimensionless total [l(l+1)/2pi] C_l's
# for l=2 to 250, i.e. number of multipoles equal to 249
#
# -> if you prefer output in CAMB/HealPix/LensPix units/order, set 'format' to 'camb' in input file
# -> if you don't want to see such a header, set 'headers' to 'no' in input file
#
# 1:l     2:TT                     3:EE                     4:TE                     5:BB                     6:aa                     7:aa_reco                8:aa_reio                9:aT                    10:aT_reco               11:aT_reio               12:aE                    13:aE_reco               14:aE_reio               15:TE_rot                16:TB_rot                17:EE_rot                18:BB_rot                19:EB_rot             
    2       1.381341341069e-10       4.175861557127e-15       3.515813348164e-13       0.000000000000e+00       2.171393580382e-15       5.185580983430e-19       2.106352551129e-15       2.998357984541e-13       5.592119665523e-15       2.942436787886e-13       2.790432132032e-15       2.480889724251e-19       2.733055625187e-15       4.121334202400e-15      -6.635418561148e-15       1.145880599642e-15       2.992672412608e-15      -1.851705663539e-15 
    3       1.306185944065e-10       5.350815501649e-15       3.951577939303e-13       0.000000000000e+00       1.324123223541e-15       4.784325991766e-19       1.277375880269e-15       2.311885835483e-13       5.238412735129e-15       2.259501708131e-13       2.143059860270e-15       5.017923729268e-19       2.074155426202e-15       4.943781866725e-15      -7.928928871942e-15       1.458247641056e-15       3.807204167416e-15      -2.355672004736e-15 
    4       1.235481203766e-10       4.626470833329e-15       3.695299669220e-13       0.000000000000e+00       9.782154293989e-16       4.402529129062e-19       9.471033175576e-16       1.669792459570e-13       4.684675800902e-15       1.622945701561e-13       1.166106823867e-15       7.853209160969e-19       1.097816071567e-15       4.003189888843e-15      -6.365856068630e-15       1.246000662083e-15       3.249519817897e-15      -2.010547583959e-15 
    5       1.182673927145e-10       3.084818196128e-15       3.146960262056e-13       0.000000000000e+00       1.074751448541e-15       4.041739432244e-19       1.055873868105e-15       1.161947771629e-13       4.119443749948e-15       1.120753334129e-13       5.201511512755e-16       1.083964041775e-18       4.602513147817e-16       2.524606841584e-15      -3.928761666758e-15       8.121029731526e-16       2.109806944810e-15      -1.305239657613e-15 
    6       1.146375491677e-10       1.723978247700e-15       2.534546148371e-13       0.000000000000e+00       1.370807716212e-15       3.703751478137e-19       1.360891105631e-15       7.800602783674e-14       3.598785738653e-15       7.440724209808e-14       3.298410353456e-16       1.386656255165e-18       2.821057080430e-16       1.416550190773e-15      -2.085072975221e-15       4.346503444663e-16       1.113091671984e-15      -6.883332673279e-16 
    7       1.122963923787e-10       9.313320193572e-16       1.990029500946e-13       0.000000000000e+00       1.632464679955e-15       3.389433957584e-19       1.628724522037e-15       5.003797432766e-14       3.136749140691e-15       4.690122518697e-14       4.033212872770e-16       1.685979129447e-18       3.683658097090e-16       8.955951638866e-16      -1.180980470412e-15       2.210659019343e-16       5.384166623353e-16      -3.324584924214e-16 
    8       1.109224890326e-10       6.010314747107e-16       1.571284980737e-13       0.000000000000e+00       1.731340217554e-15       3.098798712218e-19       1.731575889471e-15       3.016153206890e-14       2.733354550686e-15       2.742817751821e-14       5.003733634865e-16       1.977391415273e-18       4.767782260979e-16       7.559792173445e-16      -8.782126339651e-16       1.413746197891e-16       3.057683453662e-16      -1.880768086364e-16 
    9       1.102693445884e-10       4.824189712402e-16       1.291244160555e-13       0.000000000000e+00       1.647520887683e-15       2.831238215050e-19       1.650087334928e-15       1.662238381558e-14       2.383701794288e-15       1.423868202129e-14       4.870335735771e-16       2.258381769520e-18       4.723592608225e-16       7.444862429596e-16      -7.609713728220e-16       1.252443126463e-16       2.295620360059e-16      -1.403249201405e-16 
   10       1.101547174376e-10       4.107724497148e-16       1.136221748563e-13       0.000000000000e+00       1.428239424811e-15       2.585770534498e-19       1.431968621839e-15       7.920813967526e-15       2.081481489691e-15       5.839332477835e-15       3.561067662239e-16       2.527871930283e-18       3.476704532354e-16       7.447221366045e-16      -6.344298897760e-16       1.262684417701e-16       1.865672330813e-16      -1.129186450829e-16 
   11       1.104471614890e-10       3.446779551588e-16       1.079486944841e-13       0.000000000000e+00       1.142782732734e-15       2.361212830713e-19       1.146890611989e-15       2.760518744996e-15       1.820425272727e-15       9.400934722693e-16       1.728547514463e-16       2.785878911234e-18       1.682323325579e-16       7.595507370520e-16      -4.968169511066e-16       1.325196593551e-16       1.434841074271e-16      -8.521601843586e-17 
   12       1.110528115134e-10       2.997856324017e-16       1.090980610734e-13       0.000000000000e+00       8.522530611973e-16       2.156268951866e-19       8.562492124172e-16       6.060488704250e-17       1.594850473630e-15      -1.534245586587e-15       1.028330352304e-17       3.033180615270e-18       7.565271410157e-18       8.212856038459e-16      -3.942385108239e-16       1.482653657412e-16       1.091858130804e-16      -6.266730710468e-17 
   13       1.119041700245e-10       2.871109442272e-16       1.143924984459e-13       0.000000000000e+00       5.966225097939e-16       1.969581662870e-19       6.002306480793e-16      -1.029259036657e-15       1.399786805208e-15      -2.429045841865e-15      -8.953488344986e-17       3.270955632153e-18      -9.167364468684e-17       9.373965592598e-16      -3.330027303226e-16       1.768435828957e-16       8.999799645573e-17      -4.914440079072e-17 
   14       1.129531479191e-10       2.986917580610e-16       1.217983564469e-13       0.000000000000e+00       3.941224787451e-16       1.799778934997e-19       3.972147493096e-16      -1.138992958547e-15       1.230936165496e-15      -2.369929124043e-15      -1.221943075689e-16       3.500524376798e-18      -1.245455992427e-16       1.093924328618e-15      -2.849350386108e-16       2.166124207609e-16       7.913561264181e-17      -4.040515160333e-17 
   15       1.141638428254e-10       3.227682219380e-16       1.300134457032e-13       0.000000000000e+00       2.467256821368e-16       1.645512428058e-19       2.492711507426e-16      -7.118234663663e-16       1.084591102308e-15      -1.796414568674e-15      -1.076786142331e-16       3.723216032135e-18      -1.106147492975e-16       1.280023479910e-15      -2.271206465835e-16       2.650762985748e-16       6.749757921394e-17      -3.077285033145e-17 
   16       1.155099813624e-10       3.568281887689e-16       1.383636228195e-13       0.000000000000e+00       1.470226079022e-16       1.505483590190e-19       1.490487838118e-16      -4.727448341253e-17       9.575505814146e-16      -1.004825064827e-15      -7.244275682478e-17       3.940306610976e-18      -7.604862332349e-17       1.499356049748e-15      -1.602973278208e-16       3.224290278625e-16       5.293267944061e-17      -1.886969190042e-17 
   17       1.169705470578e-10       4.063829825046e-16       1.466846472389e-13       0.000000000000e+00       8.394310723306e-17       1.378459099958e-19       8.550858839886e-17       6.600053332152e-16       8.470448768824e-16      -1.870395436672e-16      -3.691749066288e-17       4.152983670024e-18      -4.111232070184e-17       1.763937204261e-15      -9.859253720679e-17       3.911314100027e-16       3.914523197887e-17      -6.939817967536e-18 
   18       1.185291686983e-10       4.767750140977e-16       1.551734730790e-13       0.000000000000e+00       4.647496887280e-17       1.263279394105e-19       4.765103493688e-17       1.291246491510e-15       7.506746440445e-16       5.405718474655e-16      -1.121837309270e-17       4.362322216880e-18      -1.585167108283e-17       2.082159467807e-15      -5.040075687866e-17       4.736197823246e-16       2.972026908481e-17       2.847412316551e-18 
   19       1.201724335809e-10       5.687024587497e-16       1.640977960397e-13       0.000000000000e+00       2.552196796181e-17       1.158862991954e-19       2.638099790026e-17       1.783023620159e-15       6.663614338886e-16       1.116662186270e-15       3.114521573743e-18       4.569274583390e-18      -1.802509959928e-18       2.454899470311e-15      -1.219618103290e-17       5.710804964959e-16       2.492914329924e-17       1.037383167763e-17 
   20       1.218897565698e-10       6.800511989869e-16       1.735813120887e-13       0.000000000000e+00       1.444230701748e-17       1.064208005976e-19       1.505114482768e-17       2.112372174552e-15       5.923095611567e-16       1.520062613395e-15       9.045787894347e-18       4.774666783805e-18       3.966421442908e-18       2.880575268362e-15       2.341904850864e-17       6.839120242313e-16       2.294727626971e-17       1.681879552122e-17 
   21       1.236727587244e-10       8.093881702910e-16       1.835664590305e-13       0.000000000000e+00       8.841007074485e-18       9.783915905893e-20       9.257727679481e-18       2.284168036001e-15       5.269736844560e-16       1.757194351545e-15       1.046383209003e-17       4.979201823099e-18       5.295162757613e-18       3.360333322552e-15       5.968123603348e-17       8.126447637840e-16       2.226797563009e-17       2.316543745593e-17 
   22       1.255146474016e-10       9.569586142859e-16       1.938497488876e-13       0.000000000000e+00       6.056386457438e-18       9.005678913361e-20       6.329262145760e-18       2.320576580335e-15       4.690318433513e-16       1.851544736984e-15       1.024883663894e-17       5.183470724494e-18       5.016574466300e-18       3.897672610780e-15       9.594829537960e-17       9.582223246967e-16       2.244120809011e-17       2.974348304783e-17 
   23       1.274103833726e-10       1.123321475141e-15       2.041383182463e-13       0.000000000000e+00       4.611352907312e-18       8.299648874833e-20       4.779136416145e-18       2.251934765311e-15       4.173594527359e-16       1.834575312575e-15       9.848809387238e-18       5.387961038150e-18       4.541468970801e-18       4.495883862786e-15       1.320846619618e-16       1.121668609408e-15       2.321783070222e-17       3.675851262246e-17 
   24       1.293552308035e-10       1.308214323761e-15       2.140693194947e-13       0.000000000000e+00       3.759252204687e-18       7.658804565648e-20       3.852161238703e-18       2.110111180987e-15       3.710068351102e-16       1.739104345877e-15       9.671491916117e-18       5.593070673319e-18       4.254180026325e-18       5.155383543928e-15       1.718046685654e-16       1.303815365404e-15       2.384726029932e-17       4.472636374280e-17 
   25       1.313462185257e-10       1.511416528713e-15       2.232364983055e-13       0.000000000000e+00       3.161119640495e-18       7.076779645292e-20       3.202119974062e-18       1.924126404385e-15       3.291752896532e-16       1.594951114732e-15       9.647262474902e-18       5.799122684386e-18       4.075357543870e-18       5.877592699168e-15       2.175339809188e-16       1.505443299081e-15       2.344740722353e-17       5.424421155432e-17 
   26       1.333802391603e-10       1.733779920584e-15       2.314247720995e-13       0.000000000000e+00       2.682154751264e-18       6.547815795116e-20       2.688289111579e-18       1.717519219601e-15       2.911943759489e-16       1.426324843652e-15       9.619941183034e-18       6.006369524445e-18       3.850099399392e-18       6.666507611121e-15       2.681662209224e-16       1.727564787155e-15       2.176009535034e-17       6.552285500840e-17 
   27       1.354543681372e-10       1.977014109200e-15       2.385571302254e-13       0.000000000000e+00       2.276963772854e-18       6.066715061890e-20       2.260590036320e-18       1.508201663512e-15       2.565040649912e-16       1.251697598521e-15       9.503752181440e-18       6.215003072305e-18       3.501659138291e-18       7.524654568476e-15       3.233124560126e-16       1.971491616522e-15       1.933235740262e-17       7.827446395697e-17 
   28       1.375666697829e-10       2.243467692180e-15       2.445720191159e-13       0.000000000000e+00       1.932290605483e-18       5.628792826285e-20       1.902160692751e-18       1.308224007714e-15       2.246335112375e-16       1.083590496477e-15       9.292539107645e-18       6.425166572164e-18       3.036171042739e-18       8.457089873633e-15       3.797971952848e-16       2.238648706388e-15       1.702694192548e-17       9.201550394792e-17 
   29       1.397141276329e-10       2.535120024449e-15       2.495874103361e-13       0.000000000000e+00       1.642611133587e-18       5.229832275841e-20       1.604767478899e-18       1.124987423174e-15       1.951867924510e-16       9.298006307232e-16       9.020631907134e-18       6.636954495422e-18       2.500141793873e-18       9.467811842538e-15       4.357355139804e-16       2.530324719176e-15       1.539863790034e-17       1.064521468225e-16 
   30       1.418948180811e-10       2.852971732423e-15       2.537215601754e-13       0.000000000000e+00       1.402149055139e-18       4.866040998316e-20       1.360645367501e-18       9.621681620330e-16       1.678300177846e-16       7.943381442483e-16       8.731746602616e-18       6.850419791794e-18       1.947815614543e-18       1.055761225532e-14       4.929681863893e-16       2.847592098382e-15       1.449337518834e-17       1.216044370142e-16 
   31       1.441071142812e-10       3.197838995271e-15       2.570387130966e-13       0.000000000000e+00       1.203761323098e-18       4.534010273190e-20       1.161224187925e-18       8.205852598544e-16       1.422770842384e-16       6.783081756160e-16       8.469418351886e-18       7.065589012872e-18       1.429737115908e-18       1.172966669796e-14       5.512633097342e-16       3.191423048683e-15       1.412963140174e-17       1.376325501686e-16 
   32       1.463486322440e-10       3.570252098895e-15       2.595630408771e-13       0.000000000000e+00       1.039889020810e-18       4.230677379089e-20       9.979439472112e-19       6.992533971348e-16       1.182847371105e-16       5.809686600243e-16       8.275262154024e-18       7.282460111120e-18       9.909168660623e-19       1.298423230667e-14       6.128881094878e-16       3.562793560744e-15       1.419460847849e-17       1.546531039764e-16 
   33       1.486189798742e-10       3.971106811442e-15       2.610717847526e-13       0.000000000000e+00       9.035857365574e-19       3.953290867774e-20       8.631747491330e-19       5.962422433916e-16       9.564357038825e-17       5.005986730033e-16       8.184495851319e-18       7.500995841132e-18       6.667912340558e-19       1.432294645707e-14       6.782279377790e-16       3.962669215401e-15       1.464025016857e-17       1.727410401990e-16 
   34       1.509170687890e-10       4.402216295161e-15       2.614293775038e-13       0.000000000000e+00       7.890711636501e-19       3.699378825941e-20       7.506832545186e-19       5.090624407282e-16       7.417163413810e-17       4.348908065901e-16       8.217582680994e-18       7.721136015536e-18       4.753714942425e-19       1.575265732131e-14       7.421921920713e-16       4.391965991733e-15       1.535068873217e-17       1.920121727633e-16 
   35       1.532414330104e-10       4.864516737339e-15       2.607047941571e-13       0.000000000000e+00       6.918401766382e-19       3.466719906217e-20       6.556733522133e-19       4.350297492862e-16       5.371411647341e-17       3.813156328128e-16       8.371939814068e-18       7.942810280543e-18       4.107217204113e-19       1.727478652557e-14       8.052976191022e-16       4.851556507088e-15       1.614441135651e-17       2.126220958741e-16 
   36       1.555921710375e-10       5.357749585932e-15       2.587920310357e-13       0.000000000000e+00       6.085097112929e-19       3.253317345101e-20       5.745837739395e-19       3.718582115633e-16       3.413723387422e-17       3.377209776891e-16       8.620251027671e-18       8.165933210946e-18       4.425496702149e-19       1.888734906783e-14       8.721282700543e-16       5.342297539398e-15       1.690684830127e-17       2.346830776096e-16 
   37       1.579684396388e-10       5.881955776366e-15       2.554403140972e-13       0.000000000000e+00       5.365717199731e-19       3.057375565062e-20       5.048047114295e-19       3.174695307057e-16       1.532620042951e-17       3.021433302762e-16       8.917624440720e-18       8.390396090387e-18       5.235848872044e-19       2.058952363708e-14       9.455195281117e-16       5.865041515626e-15       1.764892513941e-17       2.582273287243e-16 
   38       1.603702166645e-10       6.438741523316e-15       2.504121056460e-13       0.000000000000e+00       4.741522645801e-19       2.877279060733e-20       4.444097531467e-19       2.701199751266e-16      -2.816835721142e-18       2.729368108478e-16       9.215721397325e-18       8.616070325485e-18       6.030242647846e-19       2.238407970159e-14       1.023424006693e-15       6.420629956702e-15       1.842701554939e-17       2.832576385636e-16 
   39       1.627975183951e-10       7.030763306763e-15       2.437558228223e-13       0.000000000000e+00       4.198166993493e-19       2.711573470653e-20       3.919424675246e-19       2.283733743098e-16      -2.037699367386e-17       2.487503679836e-16       9.476698863901e-18       8.842815798198e-18       6.410365677934e-19       2.427962964447e-14       1.098266399184e-15       7.009881886496e-15       1.927461326297e-17       3.097903222663e-16 
   40       1.652488537129e-10       7.658068355324e-15       2.358519727032e-13       0.000000000000e+00       3.724278613959e-19       2.558948634806e-20       3.462628607980e-19       1.911077579051e-16      -3.742534090441e-17       2.285330988095e-16       9.681015101819e-18       9.070487214334e-18       6.184122405680e-19       2.627480978304e-14       1.173177952761e-15       7.633564189874e-15       2.019749983642e-17       3.378569338534e-16 
   41       1.677238430588e-10       8.318579911005e-15       2.266927222449e-13       0.000000000000e+00       3.310523178918e-19       2.418223581566e-20       3.064444141261e-19       1.573320261200e-16      -5.402057443773e-17       2.113526005577e-16       9.830103561775e-18       9.298941976340e-18       5.382820456677e-19       2.835909081668e-14       1.260089798004e-15       8.292351283677e-15       2.115720627261e-17       3.675129373862e-16 
   42       1.702234392090e-10       9.013700787790e-15       2.159029140542e-13       0.000000000000e+00       2.948995286315e-19       2.288332946497e-20       2.717085226147e-19       1.262807299481e-16      -7.021501972724e-17       1.964957496753e-16       9.943667774426e-18       9.528049553989e-18       4.208059183124e-19       3.053733953543e-14       1.354924251044e-15       8.986838676353e-15       2.208311704012e-17       3.988306276910e-16 
   43       1.727467884563e-10       9.746707226612e-15       2.036045316251e-13       0.000000000000e+00       2.632849671103e-19       2.168315004022e-20       2.413843580646e-19       9.734725125366e-17      -8.605392873693e-17       1.834011799906e-16       1.004985960034e-17       9.757693472856e-18       2.939317604216e-19       3.282021374109e-14       1.447433292590e-15       9.717617760599e-15       2.295900852307e-17       4.318474988655e-16 
   44       1.752929618494e-10       1.051705389539e-14       1.901322556493e-13       0.000000000000e+00       2.356087441194e-19       2.057300937986e-20       2.148855077789e-19       7.002957109625e-17      -1.015733794463e-16       1.716029505426e-16       1.017322015743e-17       9.987758177641e-18       1.836970876728e-19       3.520197346918e-14       1.543833869407e-15       1.048531370224e-14       2.386614651700e-17       4.665405604391e-16 
   45       1.778628089342e-10       1.132308136972e-14       1.752832767219e-13       0.000000000000e+00       2.113426996701e-19       1.954505292970e-20       1.916970196331e-19       4.405394523939e-17      -1.168047217134e-16       1.608586669528e-16       1.032882643584e-17       1.021810998774e-17       1.069812886115e-19       3.767546744553e-14       1.652136241115e-15       1.129053723173e-14       2.491471323406e-17       5.028677581242e-16 
   46       1.804567041361e-10       1.216651484140e-14       1.587010810403e-13       0.000000000000e+00       1.900252259045e-19       1.859217538663e-20       1.713678813196e-19       1.899921200861e-17      -1.317764247318e-16       1.507756367404e-16       1.052162517710e-17       1.044858717922e-17       6.835059153086e-20       4.024643059732e-14       1.767077550123e-15       1.213381633157e-14       2.617335778436e-17       5.408096650252e-16 
   47       1.830747026083e-10       1.304980388013e-14       1.403905563172e-13       0.000000000000e+00       1.712539898216e-19       1.770794360192e-20       1.535055658377e-19      -5.139706270781e-18      -1.465125490653e-16       1.413728427945e-16       1.074550295596e-17       1.067900412010e-17       6.112849093980e-20       4.292055130607e-14       1.882721056127e-15       1.301556947849e-14       2.766892274934e-17       5.803684262951e-16 
   48       1.857167212590e-10       1.397281448004e-14       1.204772867504e-13       0.000000000000e+00       1.546807759241e-19       1.688652922702e-20       1.377711088580e-19      -2.841632630271e-17      -1.610332543259e-16       1.326169280232e-16       1.098612602205e-17       1.090916454905e-17       7.167566307300e-20       4.569533833085e-14       2.001446452715e-15       1.393610980039e-14       2.939744190479e-17       6.215609518503e-16 
   49       1.883829951028e-10       1.493404102873e-14       9.893185843155e-14       0.000000000000e+00       1.400085503003e-19       1.612264660264e-20       1.238744226528e-19      -5.105857788310e-17      -1.753553403834e-16       1.242967625003e-16       1.122829646698e-17       1.113887408350e-17       8.508976682150e-20       4.856583536830e-14       2.128297501496e-15       1.489565837656e-14       3.131579558496e-17       6.644248374290e-16 
   50       1.910740151411e-10       1.593308964544e-14       7.560745240690e-14       0.000000000000e+00       1.269844693251e-19       1.541149892758e-20       1.115692789487e-19      -7.291118210502e-17      -1.894936159946e-16       1.165824338896e-16       1.146073852559e-17       1.136794856636e-17       9.016039345247e-20       5.153017252198e-14       2.264789237135e-15       1.589437077470e-14       3.335802012744e-17       7.090092054695e-16 
   51       1.937902983827e-10       1.697146243992e-14       5.039759912974e-14       0.000000000000e+00       1.153950686524e-19       1.474873016356e-20       1.006476281646e-19      -9.417340310857e-17      -2.034612486879e-16       1.092878455793e-16       1.167898742765e-17       1.159621661307e-17       8.190804099587e-20       5.459176452659e-14       2.406896161151e-15       1.693236617484e-14       3.547957859880e-17       7.553478720078e-16 
   52       1.965319328095e-10       1.805059071755e-14       2.340209691985e-14       0.000000000000e+00       1.050601382296e-19       1.413038066613e-20       9.093364277957e-20      -1.148432843353e-16      -2.172691205246e-16       1.024258361893e-16       1.188490507793e-17       1.182351707609e-17       6.137886535173e-20       5.775437909418e-14       2.550397472895e-15       1.800973648418e-14       3.767550436586e-17       8.034482199991e-16 
   53       1.992988602072e-10       1.916917881972e-14      -5.176188829843e-15       0.000000000000e+00       9.582559503176e-20       1.355284937584e-20       8.227798864725e-20      -1.347996281409e-16      -2.309258368092e-16       9.612620866829e-17       1.208264955033e-17       1.204969637341e-17       3.361570446918e-20       6.101361142269e-14       2.699069777881e-15       1.912653376494e-14       3.995581746673e-17       8.533062652117e-16 
   54       2.020915740689e-10       2.032472579110e-14      -3.538554495872e-14       0.000000000000e+00       8.755986076224e-20       1.301285783339e-20       7.455286508266e-20      -1.542329269200e-16      -2.444380964593e-16       9.020516953931e-17       1.227786930474e-17       1.227460531746e-17       5.071547559473e-21       6.436128613209e-14       2.860040690569e-15       2.028275570234e-14       4.231964268166e-17       9.049224582335e-16 
   55       2.049108410294e-10       2.151800835974e-14      -6.753232718849e-14       0.000000000000e+00       8.014952501117e-20       1.250741993983e-20       6.764789346056e-20      -1.731381444532e-16      -2.578126798015e-16       8.467453534829e-17       1.247645868273e-17       1.249809817850e-17      -1.864733201517e-20       6.779933516530e-14       3.030426254328e-15       2.147834369054e-14       4.475703347746e-17       9.583004358875e-16 
   56       2.077570371385e-10       2.275287579025e-14      -1.017303733784e-13       0.000000000000e+00       7.349522110791e-20       1.203381379240e-20       6.146682837904e-20      -1.915536070842e-16      -2.710552783019e-16       7.950167121769e-17       1.268234592977e-17       1.272003166622e-17      -3.426677892312e-20       7.133867291732e-14       3.198674451891e-15       2.271318377529e-14       4.726199574170e-17       1.013438777048e-15 
   57       2.106302258092e-10       2.403063009714e-14      -1.377210153103e-13       0.000000000000e+00       6.751000949678e-20       1.158955558774e-20       5.592519804604e-20      -2.095177195270e-16      -2.841700102112e-16       7.465229068418e-17       1.289626398854e-17       1.294026321539e-17      -4.135204191810e-20       7.498219312579e-14       3.360905520974e-15       2.398710272706e-14       4.983316122165e-17       1.070330393689e-15 
   58       2.135303946086e-10       2.534773665498e-14      -1.752799852298e-13       0.000000000000e+00       6.211716984574e-20       1.117237822633e-20       5.094869815799e-20      -2.270190783897e-16      -2.971597833724e-16       7.014070498274e-17       1.311505896080e-17       1.315865222062e-17      -4.182745448108e-20       7.871913180304e-14       3.526205790989e-15       2.529986507350e-14       5.246533023842e-17       1.128967776240e-15 
   59       2.164577912798e-10       2.670062697551e-14      -2.145664877850e-13       0.000000000000e+00       5.724904837146e-20       1.078020983746e-20       4.647211471750e-20      -2.440709995719e-16      -3.100260853218e-16       6.595508574985e-17       1.333462111496e-17       1.337505941148e-17      -3.879407544949e-20       8.253966538209e-14       3.702568756674e-15       2.665117169151e-14       5.514858806622e-17       1.189343491186e-15 
   60       2.194133494455e-10       2.809021331134e-14      -2.558939619385e-13       0.000000000000e+00       5.284714401889e-20       1.041115639854e-20       4.243852720775e-20      -2.607562925543e-16      -3.227710900717e-16       6.201479751732e-17       1.355231010751e-17       1.358934764560e-17      -3.518635369289e-20       8.644670147042e-14       3.885689346007e-15       2.804066370719e-14       5.787855569091e-17       1.251443837289e-15 
   61       2.223971115253e-10       2.951976765471e-14      -2.993111579434e-13       0.000000000000e+00       4.886014822465e-20       1.006348499627e-20       3.879848190164e-20      -2.770630088999e-16      -3.353963870816e-16       5.833337818172e-17       1.376697922370e-17       1.380138231481e-17      -3.281667104356e-20       9.044847369261e-14       4.066013698797e-15       2.946792820518e-14       6.066566889868e-17       1.315243203264e-15 
   62       2.254089666084e-10       3.099010402558e-14      -3.445835579829e-13       0.000000000000e+00       4.524344150815e-20       9.735608083150e-21       3.550899496028e-20      -2.929727183571e-16      -3.479027129882e-16       5.492999463107e-17       1.397835894736e-17       1.401103018199e-17      -3.209541761677e-20       9.454552545617e-14       4.241034113713e-15       3.093249387699e-14       6.353229417097e-17       1.380705703113e-15 
   63       2.284486942923e-10       3.249880977881e-14      -3.914979176021e-13       0.000000000000e+00       4.195822452311e-20       9.426071708538e-21       3.253253300516e-20      -3.085707013976e-16      -3.602899404265e-16       5.171923902888e-17       1.418647113049e-17       1.421816060562e-17      -3.236152090228e-20       9.873023660043e-14       4.415876353150e-15       3.243382508197e-14       6.649888996189e-17       1.447793709371e-15 
   64       2.315163563227e-10       3.404320475688e-14      -4.400229120351e-13       0.000000000000e+00       3.896970491433e-20       9.133542042505e-21       2.983614285130e-20      -3.237313234929e-16      -3.725569760326e-16       4.882565253968e-17       1.439163078537e-17       1.442264527792e-17      -3.251896360046e-20       1.029952072198e-13       4.595399503323e-15       3.397131974021e-14       6.956960395994e-17       1.516476921305e-15 
   65       2.346129621954e-10       3.562217479660e-14      -4.902068506425e-13       0.000000000000e+00       3.624777412513e-20       8.856794934118e-21       2.739080538386e-20      -3.385896324306e-16      -3.847035937216e-16       4.611396129098e-17       1.459447350004e-17       1.462435873642e-17      -3.163736233359e-20       1.073372085580e-13       4.780432493780e-15       3.554430777558e-14       7.272704584509e-17       1.586735619682e-15 
   66       2.377385542513e-10       3.723527739825e-14      -5.420543312992e-13       0.000000000000e+00       3.376609915714e-20       8.594706704764e-21       2.517099099763e-20      -3.532278754035e-16      -3.967293576325e-16       4.350148222905e-17       1.479585007961e-17       1.482317817358e-17      -2.929581957262e-20       1.117541591046e-13       4.970492648614e-15       3.715205187558e-14       7.593886705535e-17       1.658556514721e-15 
   67       2.408936566151e-10       3.888146524004e-14      -5.955355123136e-13       0.000000000000e+00       3.150109535652e-20       8.346243717161e-21       2.315418739287e-20      -3.675266672318e-16      -4.086332061466e-16       4.110653891477e-17       1.499560397765e-17       1.501898296585e-17      -2.562348785348e-20       1.162422943321e-13       5.166504729970e-15       3.879375442157e-14       7.917160208657e-17       1.731924256741e-15 
   68       2.440786075829e-10       4.055915806141e-14      -6.506530557883e-13       0.000000000000e+00       2.943175830178e-20       8.110455938808e-21       2.132032895046e-20      -3.815811187582e-16      -4.204139788586e-16       3.883286010040e-17       1.519266062234e-17       1.521165587687e-17      -2.112457534412e-20       1.207969733768e-13       5.370170200745e-15       4.046856469280e-14       8.240408596861e-17       1.806813229092e-15 
   69       2.472939999697e-10       4.226707186267e-14      -7.074574682308e-13       0.000000000000e+00       2.753871548459e-20       7.886468943581e-21       1.965128359347e-20      -3.952931348015e-16      -4.320707997351e-16       3.677766493364e-17       1.538606981922e-17       1.540108220854e-17      -1.642731941732e-20       1.254146475555e-13       5.582072712673e-15       4.217557945381e-14       8.563430228172e-17       1.883183217491e-15 
   70       2.505407220131e-10       4.400473606116e-14      -7.660144887089e-13       0.000000000000e+00       2.580479372993e-20       7.673476766491e-21       1.813047924777e-20      -4.087585067849e-16      -4.436028561676e-16       3.484434938270e-17       1.557541577303e-17       1.558714975273e-17      -1.207394941829e-20       1.300938964967e-13       5.800790121349e-15       4.391384358460e-14       8.887781540355e-17       1.960980436589e-15 
   71       2.538185429424e-10       4.577239251233e-14      -8.263617258907e-13       0.000000000000e+00       2.421448769428e-20       7.470737445939e-21       1.674274265005e-20      -4.220813255355e-16      -4.550091664859e-16       3.292784095041e-17       1.576090941656e-17       1.576974968038e-17      -8.408840621005e-21       1.348349905488e-13       6.023265773918e-15       4.568234945556e-14       9.216011466976e-17       2.040142372958e-15 
   72       2.571286119404e-10       4.757043100671e-14      -8.884811313718e-13       0.000000000000e+00       2.275312273199e-20       7.277565972963e-21       1.547438171492e-20      -4.350854488775e-16      -4.662890249822e-16       3.120357610468e-17       1.594242752484e-17       1.594877600489e-17      -5.563906227266e-21       1.396385813504e-13       6.246064155707e-15       4.748003475488e-14       9.550724309991e-17       2.120603648571e-15 
   73       2.604704346732e-10       4.939866250131e-14      -9.522943022690e-13       0.000000000000e+00       2.140800518408e-20       7.093330140074e-21       1.431335332364e-20      -4.478523542887e-16      -4.774416526581e-16       2.958929836938e-17       1.611980591936e-17       1.612412546565e-17      -3.506633820474e-21       1.445039427506e-13       6.466940924039e-15       4.930577942933e-14       9.893857664370e-17       2.202300475096e-15 
   74       2.638433612965e-10       5.125588388517e-14      -1.017684585066e-12       0.000000000000e+00       2.016822866816e-20       6.917446783711e-21       1.324930109911e-20      -4.603832267708e-16      -4.884653027495e-16       2.808207597864e-17       1.629303411871e-17       1.629569870692e-17      -2.109957843506e-21       1.494279354796e-13       6.685750316633e-15       5.115840722053e-14       1.024635935824e-16       2.285172780221e-15 
   75       2.672473956141e-10       5.314003260954e-14      -1.084543920970e-12       0.000000000000e+00       1.902418251860e-20       6.749376067052e-21       1.227339326605e-20      -4.726178729702e-16      -4.993573843663e-16       2.673951139612e-17       1.646189500827e-17       1.646339905391e-17      -1.214473220098e-21       1.544053869881e-13       6.904047626760e-15       5.303668671713e-14       1.060823458877e-16       2.369163956057e-15 
   76       2.706825693693e-10       5.504875114587e-14      -1.152801318508e-12       0.000000000000e+00       1.796792816173e-20       6.588618978847e-21       1.137799913647e-20      -4.846535932469e-16      -5.101162963929e-16       2.546270314602e-17       1.662645865873e-17       1.662713190032e-17      -6.697618868284e-22       1.594304645447e-13       7.123859318234e-15       5.493932812025e-14       1.097881337538e-16       2.454219008626e-15 
   77       2.741491948184e-10       5.697991556984e-14      -1.222421227325e-12       0.000000000000e+00       1.699225226476e-20       6.434714113576e-21       1.055628058284e-20      -4.964722668629e-16      -5.207400813399e-16       2.426781447700e-17       1.678663872491e-17       1.678680714037e-17      -3.543283527366e-22       1.644978432271e-13       7.346637016147e-15       5.686499386672e-14       1.135707722423e-16       2.540282967233e-15 
   78       2.776476457455e-10       5.893182921416e-14      -1.293390041854e-12       0.000000000000e+00       1.609003447656e-20       6.287233555218e-21       9.801838593037e-21      -5.080292662286e-16      -5.312269708920e-16       2.319770466344e-17       1.694214685259e-17       1.694233757243e-17      -1.800210368408e-22       1.696031823984e-13       7.572912730759e-15       5.881230178056e-14       1.174192754766e-16       2.627299321201e-15 
   79       2.811788401205e-10       6.090313794263e-14      -1.365699173269e-12       0.000000000000e+00       1.525489608165e-20       6.145780940198e-21       9.108544520739e-21      -5.193918112084e-16      -5.415766758367e-16       2.218486462831e-17       1.709315201531e-17       1.709363796624e-17      -8.797049986544e-23       1.747428801123e-13       7.802449785135e-15       6.077981688336e-14       1.213234997908e-16       2.715208598016e-15 
   80       2.847421212440e-10       6.289267451131e-14      -1.439333223058e-12       0.000000000000e+00       1.448094258284e-20       6.009989021520e-21       8.470588085297e-21      -5.305965887494e-16      -5.517875976261e-16       2.119100887673e-17       1.723997844533e-17       1.724062727838e-17      -4.147470785641e-23       1.799138191525e-13       8.034543536482e-15       6.276606079120e-14       1.252748637188e-16       2.803948336897e-15 
   81       2.883374409989e-10       6.489930520065e-14      -1.514261535241e-12       0.000000000000e+00       1.376229859093e-20       5.879516811213e-21       7.882663546118e-21      -5.415658608333e-16      -5.618577414486e-16       2.029188061531e-17       1.738234319710e-17       1.738322803243e-17      -1.898992574475e-23       1.851131102649e-13       8.268317280585e-15       6.476951814712e-14       1.292664036550e-16       2.893453348898e-15 
   82       2.919654805375e-10       6.692178458542e-14      -1.590444647783e-12       0.000000000000e+00       1.309388128523e-20       5.754047736388e-21       7.340143413378e-21      -5.523299292790e-16      -5.717859400434e-16       1.945601076444e-17       1.752002945799e-17       1.752136492412e-17      -8.554388040010e-24       1.903376318663e-13       8.502986233713e-15       6.678862874344e-14       1.332924666227e-16       2.983655550494e-15 
   83       2.956255953328e-10       6.895866754870e-14      -1.667834968089e-12       0.000000000000e+00       1.247180838305e-20       5.633287495535e-21       6.839115283168e-21      -5.629839526209e-16      -5.815713553691e-16       1.858740274821e-17       1.765341267292e-17       1.765496553373e-17      -3.875294116090e-24       1.955839319270e-13       8.738055147714e-15       6.882179202380e-14       1.373483326553e-16       3.074484410707e-15 
   84       2.993176251951e-10       7.100830362828e-14      -1.746371761580e-12       0.000000000000e+00       1.189247445411e-20       5.516962678028e-21       6.376253105320e-21      -5.734665150014e-16      -5.912121907994e-16       1.774567579799e-17       1.778230137214e-17       1.778396184270e-17      -1.817617169900e-24       2.008481416325e-13       8.973351683233e-15       7.086737537697e-14       1.414298821075e-16       3.165867543853e-15 
   85       3.030408141523e-10       7.306889142802e-14      -1.825993414149e-12       0.000000000000e+00       1.135235842125e-20       5.404819374419e-21       5.948593976165e-21      -5.837271796787e-16      -6.007057914664e-16       1.697861178776e-17       1.790639487407e-17       1.790828848685e-17      -9.047645551353e-25       2.061260703981e-13       9.208907744755e-15       7.292370530783e-14       1.455333154349e-16       3.257730482223e-15 
   86       3.067967266421e-10       7.513857419504e-14      -1.906648514327e-12       0.000000000000e+00       1.084876135850e-20       5.296620304755e-21       5.553333472213e-21      -5.938708156276e-16      -6.100519897759e-16       1.618117414831e-17       1.802607209482e-17       1.802788159811e-17      -4.797604914956e-25       2.114134165084e-13       9.444788868649e-15       7.498907037417e-14       1.496549841067e-16       3.349996918608e-15 
   87       3.105852718012e-10       7.721551883732e-14      -1.988290598621e-12       0.000000000000e+00       1.037898988006e-20       5.192144860782e-21       5.187730991483e-21      -6.039159735171e-16      -6.192508046973e-16       1.533483118016e-17       1.814152055749e-17       1.814268192224e-17      -2.652441940652e-25       2.167060466431e-13       9.680980744585e-15       7.706173377749e-14       1.537913094347e-16       3.442589336409e-15 
   88       3.144041357659e-10       7.929792970974e-14      -2.070860375828e-12       0.000000000000e+00       9.939691106725e-21       5.091188337443e-21       4.849161161174e-21      -6.136834174951e-16      -6.282995432253e-16       1.461612573023e-17       1.825215997199e-17       1.825263441972e-17      -1.479449876850e-25       2.219998142865e-13       9.917350954743e-15       7.913993059263e-14       1.579387171686e-16       3.535428923978e-15 
   89       3.182546824047e-10       8.138402664277e-14      -2.154299980803e-12       0.000000000000e+00       9.528152141522e-21       4.993558494213e-21       4.535237430915e-21      -6.232118261798e-16      -6.371961265207e-16       1.398430034096e-17       1.835745753389e-17       1.835768520967e-17      -8.084231256719e-26       2.272907481761e-13       1.015369489643e-14       8.122186629707e-14       1.620936029608e-16       3.628435529024e-15 
   90       3.221375016027e-10       8.347201553793e-14      -2.238562712074e-12       0.000000000000e+00       9.142525444708e-21       4.899076422115e-21       4.243893464722e-21      -6.326609204174e-16      -6.459412977983e-16       1.328037738086e-17       1.845793009350e-17       1.845778363564e-17      -4.239371995842e-26       2.325748032024e-13       1.038977893622e-14       8.330571803099e-14       1.662523191400e-16       3.721527724926e-15 
   91       3.260511092466e-10       8.556007354471e-14      -2.323590635252e-12       0.000000000000e+00       8.780864888139e-21       4.807575967786e-21       3.973385645971e-21      -6.419081467919e-16      -6.545345056558e-16       1.262635886382e-17       1.855377570940e-17       1.855288349625e-17      -2.104464282106e-26       2.378479327426e-13       1.062538065287e-14       8.538964121697e-14       1.704111804787e-16       3.814623111184e-15 
   92       3.299948817732e-10       8.764634605200e-14      -2.409319286657e-12       0.000000000000e+00       8.441211562266e-21       4.718900722406e-21       3.722206802673e-21      -6.508788186996e-16      -6.629728631273e-16       1.209404442768e-17       1.864427254628e-17       1.864294050737e-17      -9.786940898508e-27       2.431061027942e-13       1.086030131502e-14       8.747177360528e-14       1.745664689109e-16       3.907638496277e-15 
   93       3.339694337477e-10       8.972895057491e-14      -2.495687395689e-12       0.000000000000e+00       8.122003727722e-21       4.632904944965e-21       3.488950071882e-21      -6.596591811007e-16      -6.712560301308e-16       1.159684903014e-17       1.872932355004e-17       1.872791395925e-17      -4.218430904696e-27       2.483451836171e-13       1.109435581864e-14       8.955023611843e-14       1.787144337706e-16       4.000489936307e-15 
   94       3.379747473792e-10       9.180598192346e-14      -2.582634267401e-12       0.000000000000e+00       7.821910864956e-21       4.549452836830e-21       3.272226763030e-21      -6.682844220747e-16      -6.793835762879e-16       1.109915421329e-17       1.880931808438e-17       1.880776645941e-17      -1.659260808072e-27       2.535611654410e-13       1.132737164226e-14       9.162313160575e-14       1.828512887071e-16       4.093092679749e-15 
   95       3.420094092591e-10       9.387551829137e-14      -2.670096993236e-12       0.000000000000e+00       7.539411603965e-21       4.468416453406e-21       3.070662675544e-21      -6.767191817305e-16      -6.873539394771e-16       1.063475774659e-17       1.888412727104e-17       1.888246221012e-17      -5.786331389446e-28       2.587499543639e-13       1.155917161718e-14       9.368854593487e-14       1.869732136242e-16       4.185361216358e-15 
   96       3.460744581709e-10       9.593563678290e-14      -2.758011706347e-12       0.000000000000e+00       7.272840764233e-21       4.389676426813e-21       2.882948248222e-21      -6.849085585674e-16      -6.951672501744e-16       1.025869160696e-17       1.895320839457e-17       1.895196996889e-17      -1.670118479119e-28       2.639075219521e-13       1.178957775273e-14       9.574456160248e-14       1.910763817517e-16       4.277209885267e-15 
   97       3.501683929693e-10       9.798439634750e-14      -2.846313900416e-12       0.000000000000e+00       7.020975543150e-21       4.313121306527e-21       2.707918829878e-21      -6.929376108212e-16      -7.028224448963e-16       9.884834075175e-18       1.901671798080e-17       1.901626047907e-17      -3.083869967128e-29       2.690298381229e-13       1.201840930479e-14       9.778924122049e-14       1.951569266545e-16       4.368552137279e-15 
   98       3.542903057064e-10       1.000198472624e-13      -2.934934222725e-12       0.000000000000e+00       6.783042708342e-21       4.238646002516e-21       2.544595541626e-21      -7.008754077046e-16      -7.103184447138e-16       9.443037009222e-18       1.907533350438e-17       1.907530645467e-17       4.447708081771e-30       2.741128315890e-13       1.224548321966e-14       9.982063829073e-14       1.992109637235e-16       4.459301016217e-15 
   99       3.584411690521e-10       1.020400602618e-13      -3.023805285982e-12       0.000000000000e+00       6.558183496620e-21       4.166152317518e-21       2.392161999935e-21      -7.086520451011e-16      -7.176549447565e-16       9.002899655391e-18       1.912909270267e-17       1.912908671703e-17       8.534600470973e-30       2.791526250485e-13       1.247062597614e-14       1.018368271494e-13       2.032346499309e-16       4.549370496642e-15 
  100       3.626190877093e-10       1.040430841610e-13      -3.112860673467e-12       0.000000000000e+00       6.345460172288e-21       4.095548416777e-21       2.249908288094e-21      -7.162453878077e-16      -7.248311894206e-16       8.585801612945e-18       1.917781122841e-17       1.917758084246e-17       5.740810871347e-30       2.841453430826e-13       1.269366502110e-14       1.038358607736e-13       2.072240996234e-16       4.638673598928e-15 
  101       3.668250803123e-10       1.060269608457e-13      -3.202032272713e-12       0.000000000000e+00       6.144038963983e-21       4.026747474444e-21       2.117166153414e-21      -7.236410497047e-16      -7.318474804172e-16       8.206430712565e-18       1.922121352013e-17       1.922076981043e-17       2.942542474347e-30       2.890869357867e-13       1.291442023268e-14       1.058157853919e-13       2.111754136809e-16       4.727123041987e-15 
  102       3.710586355781e-10       1.079897714014e-13      -3.291258086833e-12       0.000000000000e+00       5.953095242626e-21       3.959668411972e-21       1.993269127466e-21      -7.308167600431e-16      -7.387038024657e-16       7.887042422608e-18       1.925912552021e-17       1.925864176452e-17       1.287932352940e-30       2.939737939789e-13       1.313273084683e-14       1.077746861874e-13       2.150847707235e-16       4.814633284935e-15 
  103       3.753175112065e-10       1.099295876115e-13      -3.380461748171e-12       0.000000000000e+00       5.771950055203e-21       3.894235034811e-21       1.877549312695e-21      -7.378128033324e-16      -7.453990701316e-16       7.586266799127e-18       1.929173835324e-17       1.929118529981e-17       4.974371191003e-31       2.988021029946e-13       1.334842646381e-14       1.097106387945e-13       2.189483303159e-16       4.901118360329e-15 
  104       3.796021366111e-10       1.118444649212e-13      -3.469565174529e-12       0.000000000000e+00       5.599969776933e-21       3.830374689015e-21       1.769359689562e-21      -7.446517771997e-16      -7.519320006829e-16       7.280223483227e-18       1.931895083903e-17       1.931838757758e-17       1.699721931217e-31       3.035680591353e-13       1.356133690902e-14       1.116217023783e-13       2.227622191547e-16       4.986491564981e-15 
  105       3.839117069350e-10       1.137324868735e-13      -3.558503818838e-12       0.000000000000e+00       5.436320320999e-21       3.768020109088e-21       1.668107424070e-21      -7.512804703308e-16      -7.583028841088e-16       7.022413777980e-18       1.934073696946e-17       1.934024314473e-17       5.008633468412e-32       3.082680112521e-13       1.377129880524e-14       1.135059641287e-13       2.265226198657e-16       5.070667447665e-15 
  106       3.882462014637e-10       1.155917634077e-13      -3.647207800146e-12       0.000000000000e+00       5.280411917365e-21       3.707108501277e-21       1.573267721101e-21      -7.576977169199e-16      -7.645128085724e-16       6.815091652498e-18       1.935704897276e-17       1.935675079295e-17       1.161013892040e-32       3.128985130104e-13       1.397815804228e-14       1.153615376508e-13       2.302257677909e-16       5.153561737206e-15 
  107       3.926042951291e-10       1.174204197887e-13      -3.735604099940e-12       0.000000000000e+00       5.131932750911e-21       3.647579233368e-21       1.484380083973e-21      -7.640019461347e-16      -7.705605802296e-16       6.558634094976e-18       1.936789417325e-17       1.936790810311e-17       1.272265023114e-33       3.174559697789e-13       1.418175400946e-14       1.171865519240e-13       2.338679289552e-16       5.235090849247e-15 
  108       3.969849247676e-10       1.192166048344e-13      -3.823617946523e-12       0.000000000000e+00       4.990363965427e-21       3.589375702542e-21       1.401044029432e-21      -7.701498476260e-16      -7.764458475870e-16       6.295999960979e-18       1.937367524950e-17       1.937371790458e-17      -6.745617341059e-34       3.219370931975e-13       1.438193984542e-14       1.189791594796e-13       2.374454163850e-16       5.315172251562e-15 
  109       4.013886265600e-10       1.209784729682e-13      -3.911173817108e-12       0.000000000000e+00       4.855206308452e-21       3.532445368984e-21       1.322901152115e-21      -7.760674798527e-16      -7.821691613055e-16       6.101681452809e-18       1.937403701144e-17       1.937418499303e-17      -6.332185883480e-34       3.263385437712e-13       1.457856641495e-14       1.207375184510e-13       2.409545542875e-16       5.393723662197e-15 
  110       4.058135027855e-10       1.227041880268e-13      -3.998200649771e-12       0.000000000000e+00       4.726150764481e-21       3.476737618359e-21       1.249613736247e-21      -7.818532009331e-16      -7.877299008586e-16       5.876699925472e-18       1.936882365665e-17       1.936931260325e-17      -3.471864522788e-34       3.306569394334e-13       1.477148266298e-14       1.224597963550e-13       2.443916855955e-16       5.470663218375e-15 
  111       4.102593058890e-10       1.243919795159e-13      -4.084622629534e-12       0.000000000000e+00       4.602870541585e-21       3.422204934219e-21       1.180861836290e-21      -7.875118758801e-16      -7.931284856450e-16       5.616609764930e-18       1.935865215617e-17       1.935911262419e-17      -1.565361770324e-34       3.348891787737e-13       1.496055005112e-14       1.241442262321e-13       2.477532840071e-16       5.545911984472e-15 
  112       4.147254676350e-10       1.260401204670e-13      -4.170367464659e-12       0.000000000000e+00       4.485038068678e-21       3.368803281349e-21       1.116344613573e-21      -7.929863958210e-16      -7.983649340137e-16       5.378538192777e-18       1.934333995526e-17       1.934360003322e-17      -6.303065588723e-35       3.390324856130e-13       1.514564455737e-14       1.257890845525e-13       2.510359098930e-16       5.619392965013e-15 
  113       4.192101882795e-10       1.276468704333e-13      -4.255360705734e-12       0.000000000000e+00       4.372267554127e-21       3.316490083991e-21       1.055776901837e-21      -7.982944732686e-16      -8.034392917688e-16       5.144818500263e-18       1.932262424258e-17       1.932278538742e-17      -2.341824789596e-35       3.430836894404e-13       1.532662453973e-14       1.273926343320e-13       2.542360967723e-16       5.691028563459e-15 
  114       4.237143423693e-10       1.292105268428e-13      -4.339528343310e-12       0.000000000000e+00       4.264147722408e-21       3.265224896094e-21       9.988887919443e-22      -8.034035310763e-16      -8.083525488938e-16       4.949017817516e-18       1.929659600286e-17       1.929668512625e-17      -8.171540150975e-36       3.470400513577e-13       1.550336763855e-14       1.289531763864e-13       2.573504536019e-16       5.760742871926e-15 
  115       4.282356989153e-10       1.307294618016e-13      -4.422799182763e-12       0.000000000000e+00       4.160438424680e-21       3.214970616774e-21       9.454238654963e-22      -8.083267691155e-16      -8.131043501771e-16       4.777581061639e-18       1.926529726595e-17       1.926532056905e-17      -2.706669985644e-36       3.508989305518e-13       1.567575587816e-14       1.304690860623e-13       2.603757380784e-16       5.828463312047e-15 
  116       4.327728601431e-10       1.322020764767e-13      -4.505092250246e-12       0.000000000000e+00       4.060958047301e-21       3.165691648318e-21       8.951361349869e-22      -8.131069111906e-16      -8.176948814662e-16       4.587970275604e-18       1.922887356418e-17       1.922871257705e-17      -8.558689043771e-37       3.546577609056e-13       1.584367462142e-14       1.319387677106e-13       2.633087657822e-16       5.894118601175e-15 
  117       4.373270483154e-10       1.336267906648e-13      -4.586334616595e-12       0.000000000000e+00       3.965355683445e-21       3.117353481462e-21       8.477958144188e-22      -8.177055831753e-16      -8.221247356484e-16       4.419152473141e-18       1.918705477115e-17       1.918688486079e-17      -2.592930732739e-37       3.583140401178e-13       1.600701208282e-14       1.333606442755e-13       2.661463894003e-16       5.957638287276e-15 
  118       4.418950998321e-10       1.350020870654e-13      -4.666453168435e-12       0.000000000000e+00       3.873234371308e-21       3.069924396717e-21       8.032005357759e-22      -8.220943521797e-16      -8.263937216889e-16       4.299369509155e-18       1.913987800892e-17       1.913986274707e-17      -7.523515812729e-38       3.618653780263e-13       1.616566148663e-14       1.347332014787e-13       2.688855869039e-16       6.018954722795e-15 
  119       4.464770160152e-10       1.363265115161e-13      -4.745369982054e-12       0.000000000000e+00       3.784521020030e-21       3.023374573004e-21       7.611828195235e-22      -8.263027737483e-16      -8.305027990191e-16       4.200025270837e-18       1.908761136773e-17       1.908767549467e-17      -2.093050094403e-38       3.653097384885e-13       1.631953187223e-14       1.360549880542e-13       2.715234620171e-16       6.078003075120e-15 
  120       4.510731128323e-10       1.375986497314e-13      -4.823019412417e-12       0.000000000000e+00       3.699279883187e-21       2.977674856685e-21       7.216092618692e-22      -8.304103036188e-16      -8.344528634928e-16       4.042559873976e-18       1.903007177330e-17       1.903035635561e-17      -5.642782582769e-39       3.686451446312e-13       1.646853492660e-14       1.373245925336e-13       2.740571978881e-16       6.134720289539e-15 
  121       4.556801479207e-10       1.388171263067e-13      -4.899325110040e-12       0.000000000000e+00       3.617214844730e-21       2.932797864877e-21       6.843623400800e-22      -8.343750114009e-16      -8.382440733944e-16       3.869061993554e-18       1.896765737016e-17       1.896793520091e-17      -1.507061460908e-39       3.718696277570e-13       1.661258270190e-14       1.385406422516e-13       2.764840551032e-16       6.189045044782e-15 
  122       4.602977335299e-10       1.399806065200e-13      -4.974203963104e-12       0.000000000000e+00       3.538001912114e-21       2.888717944406e-21       6.493113190021e-22      -8.380829146508e-16      -8.418766416640e-16       3.793727013274e-18       1.890026129396e-17       1.890044391345e-17      -4.075082741025e-40       3.749813694681e-13       1.675159396460e-14       1.397018051447e-13       2.788013752780e-16       6.240917833393e-15 
  123       4.649253696210e-10       1.410878504520e-13      -5.047591076517e-12       0.000000000000e+00       3.461624849005e-21       2.845410200558e-21       6.163002379722e-22      -8.416614692653e-16      -8.453510271597e-16       3.689557894383e-18       1.882730754494e-17       1.882792231965e-17      -1.088207744630e-40       3.779787547867e-13       1.688549656856e-14       1.408068437631e-13       2.810066888473e-16       6.290283374612e-15 
  124       4.695620804002e-10       1.421377138316e-13      -5.119415649865e-12       0.000000000000e+00       3.387953334891e-21       2.802851277419e-21       5.851592301458e-22      -8.451810769662e-16      -8.486688330590e-16       3.487756092815e-18       1.874968761913e-17       1.875041128858e-17      -2.706894160330e-41       3.808605029630e-13       1.701423329866e-14       1.418546161149e-13       2.830977167503e-16       6.337090652075e-15 
  125       4.742074532113e-10       1.431290619216e-13      -5.189605379099e-12       0.000000000000e+00       3.316705889614e-21       2.761019572215e-21       5.557261972385e-22      -8.484798870546e-16      -8.518311215622e-16       3.351234507632e-18       1.866757649844e-17       1.866795125306e-17      -6.095518378666e-42       3.836252782583e-13       1.713774448328e-14       1.428439897227e-13       2.850721989142e-16       6.381289074469e-15 
  126       4.788585937737e-10       1.440608066602e-13      -5.258086947150e-12       0.000000000000e+00       3.247741137518e-21       2.719893833932e-21       5.278736601878e-22      -8.515899146017e-16      -8.548375174862e-16       3.247602884510e-18       1.858011669123e-17       1.858058440020e-17      -1.258871840997e-42       3.862720132673e-13       1.725598243805e-14       1.437738786919e-13       2.869279682309e-16       6.422830131473e-15 
  127       4.835151095331e-10       1.449319563126e-13      -5.324783010611e-12       0.000000000000e+00       3.180966795434e-21       2.679453334498e-21       5.015213054367e-22      -8.545980029525e-16      -8.576885848675e-16       3.090581914990e-18       1.848787779206e-17       1.848835361103e-17      -2.422412112301e-43       3.887997151083e-13       1.736890280783e-14       1.446432932631e-13       2.886630494482e-16       6.461669607429e-15 
  128       4.881768533906e-10       1.457415768439e-13      -5.389627227686e-12       0.000000000000e+00       3.116298121155e-21       2.639679269084e-21       4.766177765946e-22      -8.574167384582e-16      -8.603858153213e-16       2.969076863036e-18       1.839117334767e-17       1.839130554887e-17      -4.243240078472e-44       3.912076091536e-13       1.747647098759e-14       1.454513012617e-13       2.902755822355e-16       6.497765859174e-15 
  129       4.928413461773e-10       1.464888078509e-13      -5.452553419828e-12       0.000000000000e+00       3.053689864853e-21       2.600554137079e-21       4.531148478676e-22      -8.600543398270e-16      -8.629303546898e-16       2.876014862829e-18       1.828942543353e-17       1.828949043389e-17      -5.704345263098e-45       3.934950463680e-13       1.757865798288e-14       1.461970439980e-13       2.917638529152e-16       6.531080526350e-15 
  130       4.975079605345e-10       1.471728748869e-13      -5.513487997200e-12       0.000000000000e+00       2.993049496061e-21       2.562060239986e-21       4.309504879425e-22      -8.625657126694e-16      -8.653228046091e-16       2.757091939768e-18       1.818290022910e-17       1.818295756283e-17      -2.014691854606e-46       3.956615814496e-13       1.767544390067e-14       1.468797485679e-13       2.931263190107e-16       6.561579080901e-15 
  131       5.021755535866e-10       1.477930636980e-13      -5.572363638117e-12       0.000000000000e+00       2.934259002877e-21       2.524180287091e-21       4.100366362532e-22      -8.649138209954e-16      -8.675636145259e-16       2.649793530522e-18       1.807190892627e-17       1.807175730696e-17       1.135867754551e-47       3.977069153987e-13       1.776681538370e-14       1.474987021400e-13       2.943615579323e-16       6.589229678417e-15 
  132       5.068429691093e-10       1.483487382973e-13      -5.629112350651e-12       0.000000000000e+00       2.877210252485e-21       2.486898645496e-21       3.902678011395e-22      -8.670830520037e-16      -8.696538769255e-16       2.570824921806e-18       1.795621515379e-17       1.795594271804e-17      -9.810338579408e-49       3.996311803227e-13       1.785277833362e-14       1.480532699944e-13       2.954683029763e-16       6.614003963964e-15 
  133       5.115093077443e-10       1.488393584066e-13      -5.683665944240e-12       0.000000000000e+00       2.821793548215e-21       2.450200707058e-21       3.715480828045e-22      -8.690890491016e-16      -8.715948579820e-16       2.505808880365e-18       1.783567210078e-17       1.783556926885e-17       1.215293078520e-49       4.014342889753e-13       1.793332885288e-14       1.485429129285e-13       2.964454780622e-16       6.635877849677e-15 
  134       5.161730762274e-10       1.492644735262e-13      -5.735962080760e-12       0.000000000000e+00       2.767916513205e-21       2.414072043370e-21       3.538014459421e-22      -8.709662214886e-16      -8.733874393057e-16       2.421217817087e-18       1.771054248378e-17       1.771069680656e-17       1.613002350536e-50       4.031167666118e-13       1.800849040627e-14       1.489671813403e-13       2.972921859237e-16       6.654831250419e-15 
  135       5.208328995795e-10       1.496237037936e-13      -5.785932908353e-12       0.000000000000e+00       2.715499411262e-21       2.378498884906e-21       3.369683975706e-22      -8.727137859312e-16      -8.750325262166e-16       2.318740285386e-18       1.758130089875e-17       1.758138464002e-17      -1.542311971276e-50       4.046790470314e-13       1.807828237296e-14       1.493256961236e-13       2.980076699830e-16       6.670847230328e-15 
  136       5.254875311200e-10       1.499167307865e-13      -5.833512012956e-12       0.000000000000e+00       2.664490466637e-21       2.343468108565e-21       3.210079593715e-22      -8.742815500865e-16      -8.765311089766e-16       2.249558890108e-18       1.744767274377e-17       1.744768859223e-17       7.298785912924e-51       4.061217263942e-13       1.814273138530e-14       1.496181394904e-13       2.985912960341e-16       6.683911592822e-15 
  137       5.301356203944e-10       1.501433206353e-13      -5.878638545056e-12       0.000000000000e+00       2.614854388045e-21       2.308966797264e-21       3.058878604248e-22      -8.757093154338e-16      -8.778843807227e-16       2.175065288890e-18       1.730944675255e-17       1.730966902563e-17      -1.863664883558e-51       4.074455491030e-13       1.820187069809e-14       1.498442780370e-13       2.990425982755e-16       6.694013911018e-15 
  138       5.347762475727e-10       1.503033548521e-13      -5.921251660959e-12       0.000000000000e+00       2.566529752700e-21       2.274982876079e-21       2.915675848590e-22      -8.770266745979e-16      -8.790937087472e-16       2.067034149346e-18       1.716741073009e-17       1.716739105472e-17       6.117892971961e-52       4.086519133980e-13       1.825576277510e-14       1.500039935113e-13       2.993613407130e-16       6.701148902231e-15 
  139       5.394076426906e-10       1.503967845257e-13      -5.961287472448e-12       0.000000000000e+00       2.519472862017e-21       2.241505221691e-21       2.780018502619e-22      -8.781577790891e-16      -8.801600153822e-16       2.002236293092e-18       1.702146205455e-17       1.702091702691e-17      -1.791925484793e-52       4.097418306212e-13       1.830445279617e-14       1.500972370998e-13       2.995474259298e-16       6.705314385799e-15 
  140       5.440283600228e-10       1.504236315677e-13      -5.998684156238e-12       0.000000000000e+00       2.473645166060e-21       2.208522643076e-21       2.651482608716e-22      -8.791196250889e-16      -8.810842560059e-16       1.964630916988e-18       1.687086482865e-17       1.687030943206e-17       3.170078099125e-53       4.107168118291e-13       1.834800826491e-14       1.501240306701e-13       2.996008975671e-16       6.706511338628e-15 
  141       5.486383539307e-10       1.503840763239e-13      -6.033386725492e-12       0.000000000000e+00       2.428951935973e-21       2.176024078500e-21       2.529624242144e-22      -8.799689916699e-16      -8.818680034924e-16       1.899011822506e-18       1.671620641292e-17       1.671563777988e-17      -1.026904086183e-53       4.115785995619e-13       1.838650702607e-14       1.500845542091e-13       2.995221148225e-16       6.704747801290e-15 
  142       5.532361643198e-10       1.502783925871e-13      -6.065342987978e-12       0.000000000000e+00       2.385330134592e-21       2.143999601987e-21       2.414009038883e-22      -8.806524738792e-16      -8.825127416661e-16       1.860267786868e-18       1.655785184686e-17       1.655697368141e-17       2.272528265298e-54       4.123292418651e-13       1.842004057227e-14       1.499790809641e-13       2.993116230131e-16       6.700035980604e-15 
  143       5.578195151611e-10       1.501068670745e-13      -6.094493378463e-12       0.000000000000e+00       2.342789376317e-21       2.112439878346e-21       2.304276043314e-22      -8.811723739834e-16      -8.830196706982e-16       1.847296714846e-18       1.639511606062e-17       1.639438228136e-17      -6.298442065490e-55       4.129703999147e-13       1.844868311344e-14       1.498078970813e-13       2.989699931974e-16       6.692388659613e-15 
  144       5.623879378023e-10       1.498698985557e-13      -6.120781154898e-12       0.000000000000e+00       2.301294269115e-21       2.081335163629e-21       2.200062000591e-22      -8.816034734869e-16      -8.833900914662e-16       1.786617979271e-18       1.622817356712e-17       1.622792949717e-17       1.220041387628e-55       4.135046774444e-13       1.847255096655e-14       1.495714005361e-13       2.984980196105e-16       6.681823617126e-15 
  145       5.669399663801e-10       1.495679986224e-13      -6.144157124948e-12       0.000000000000e+00       2.260752943655e-21       2.050675982874e-21       2.100990045593e-22      -8.819216457868e-16      -8.836252378672e-16       1.703592080444e-18       1.605777073530e-17       1.605768991307e-17      -1.614079325316e-56       4.139342071076e-13       1.849173940389e-14       1.492701019012e-13       2.978967211973e-16       6.668363662036e-15 
  146       5.714734563016e-10       1.492017963313e-13      -6.164567837573e-12       0.000000000000e+00       2.221119744296e-21       2.020453931103e-21       2.006784470838e-22      -8.820737711378e-16      -8.837262026752e-16       1.652431537378e-18       1.588380139352e-17       1.588373606267e-17       4.053193748538e-57       4.142618643310e-13       1.850637687981e-14       1.489046289804e-13       2.971673508585e-16       6.652036840298e-15 
  147       5.759871879818e-10       1.487720438779e-13      -6.181955119570e-12       0.000000000000e+00       2.182397954307e-21       1.990660907834e-21       1.917244691338e-22      -8.820926762357e-16      -8.836941912096e-16       1.601514973942e-18       1.570590907391e-17       1.570613742243e-17      -7.360162877198e-58       4.144908491848e-13       1.851660635148e-14       1.484757324712e-13       2.963114067531e-16       6.632876687926e-15 
  148       5.804805083359e-10       1.482795148974e-13      -6.196275013766e-12       0.000000000000e+00       2.144556343097e-21       1.961288644168e-21       1.832146253568e-22      -8.820151609661e-16      -8.835307276955e-16       1.515566729376e-18       1.552442702718e-17       1.552497127851e-17       2.126949229966e-59       4.146239095681e-13       1.852255057617e-14       1.479841844676e-13       2.953304297409e-16       6.610917696787e-15 
  149       5.849525385771e-10       1.477251182169e-13      -6.207486308201e-12       0.000000000000e+00       2.107524618808e-21       1.932329380307e-21       1.751288671655e-22      -8.818003374868e-16      -8.832376930312e-16       1.437355544403e-18       1.533987367471e-17       1.534031457019e-17      -7.669282394701e-61       4.146640979968e-13       1.852434591933e-14       1.474308919869e-13       2.942262299462e-16       6.586200386180e-15 
  150       5.894016025355e-10       1.471099325554e-13      -6.215539891253e-12       0.000000000000e+00       2.071276977034e-21       1.903775904483e-21       1.674519530667e-22      -8.814081610439e-16      -8.828165802651e-16       1.408419221156e-18       1.515197429449e-17       1.515223898603e-17      -1.079162024425e-59       4.146156810686e-13       1.852218298328e-14       1.468169315995e-13       2.930009558691e-16       6.558772849888e-15 
  151       5.938255432404e-10       1.464350182649e-13      -6.220385255675e-12       0.000000000000e+00       2.035823221677e-21       1.875620935298e-21       1.601629009128e-22      -8.808907615647e-16      -8.822681321443e-16       1.377370579589e-18       1.496035605419e-17       1.496082217098e-17       3.842596424878e-60       4.144815684258e-13       1.851619175086e-14       1.461433615454e-13       2.916567194275e-16       6.528682362809e-15 
  152       5.982231745433e-10       1.457015859085e-13      -6.221983948580e-12       0.000000000000e+00       2.001120908934e-21       1.847857196531e-21       1.532341526612e-22      -8.802887208821e-16      -8.815935063076e-16       1.304785425496e-18       1.476570596715e-17       1.476614443098e-17      -9.507486388157e-61       4.142658789254e-13       1.850655622433e-14       1.454113899768e-13       2.901959317177e-16       6.495982896890e-15 
  153       6.025938462328e-10       1.449110164533e-13      -6.220292408443e-12       0.000000000000e+00       1.967115739096e-21       1.820477970687e-21       1.466406357616e-22      -8.795374223657e-16      -8.807946742378e-16       1.257251872051e-18       1.456840703518e-17       1.456828112359e-17       2.776728385374e-61       4.139734373343e-13       1.849349194117e-14       1.446223951101e-13       2.886213432312e-16       6.460736021383e-15 
  154       6.069361369834e-10       1.440646305281e-13      -6.215271966187e-12       0.000000000000e+00       1.933807942195e-21       1.793477029971e-21       1.403588394811e-22      -8.786160289491e-16      -8.798735443829e-16       1.257515433738e-18       1.436765865106e-17       1.436730780632e-17      -8.415805748964e-62       4.136077863186e-13       1.847715716338e-14       1.437776949438e-13       2.869355842832e-16       6.423000615412e-15 
  155       6.112484089453e-10       1.431639130343e-13      -6.206889674347e-12       0.000000000000e+00       1.901182047669e-21       1.766847917250e-21       1.343648007261e-22      -8.775972920781e-16      -8.788315543413e-16       1.234262263180e-18       1.416348324200e-17       1.416330333095e-17       2.079240061175e-62       4.131732727191e-13       1.845774607796e-14       1.428787714220e-13       2.851416123736e-16       6.382842882072e-15 
  156       6.155294518260e-10       1.422105849493e-13      -6.195106787890e-12       0.000000000000e+00       1.869192293289e-21       1.740584134062e-21       1.286425679495e-22      -8.764788853423e-16      -8.776699851171e-16       1.191099774729e-18       1.395671793599e-17       1.395635013303e-17      -4.359148459051e-63       4.126751291949e-13       1.843549244423e-14       1.419273420941e-13       2.832428551971e-16       6.340339549682e-15 
  157       6.197779396773e-10       1.412063603678e-13      -6.179888544407e-12       0.000000000000e+00       1.837836423194e-21       1.714680161594e-21       1.231856435776e-22      -8.752098546463e-16      -8.763902614181e-16       1.180406771842e-18       1.374700198717e-17       1.374653197379e-17       1.130482183395e-63       4.121182822831e-13       1.841061634604e-14       1.409251176411e-13       2.812427267410e-16       6.295567039725e-15 
  158       6.239924198591e-10       1.401530526434e-13      -6.161203280834e-12       0.000000000000e+00       1.807110638276e-21       1.689130874890e-21       1.179865846151e-22      -8.738274338845e-16      -8.749939783758e-16       1.166544491338e-18       1.353393264174e-17       1.353392809538e-17      -2.062001426930e-64       4.115073636418e-13       1.838332469408e-14       1.398739078047e-13       2.791448386873e-16       6.248606199042e-15 
  159       6.281718076660e-10       1.390526097899e-13      -6.139017594411e-12       0.000000000000e+00       1.776964626099e-21       1.663930281012e-21       1.130352645129e-22      -8.723648508065e-16      -8.734826746816e-16       1.117823875176e-18       1.331841230545e-17       1.331861697926e-17       4.686023391737e-65       4.108484113051e-13       1.835388722629e-14       1.387756567190e-13       2.769530709234e-16       6.199543878201e-15 
  160       6.323148771224e-10       1.379070058008e-13      -6.113301328944e-12       0.000000000000e+00       1.747384805893e-21       1.639072477160e-21       1.083243583789e-22      -8.707798479947e-16      -8.718577912183e-16       1.077943223623e-18       1.310074663775e-17       1.310068199874e-17      -8.655417710165e-66       4.101464152685e-13       1.832252686141e-14       1.376323344457e-13       2.746713550797e-16       6.148468086034e-15 
  161       6.364201277746e-10       1.367183985341e-13      -6.084034082355e-12       0.000000000000e+00       1.718392807587e-21       1.614552747926e-21       1.038446129764e-22      -8.690637060219e-16      -8.701209311435e-16       1.057225121557e-18       1.288024909884e-17       1.288020680389e-17       1.452857362750e-66       4.094071741486e-13       1.828950264183e-14       1.364460945451e-13       2.723039889934e-16       6.095475028839e-15 
  162       6.404856803414e-10       1.354890758238e-13      -6.051188049686e-12       0.000000000000e+00       1.689957979412e-21       1.590366343914e-21       9.957963329112e-23      -8.672471990758e-16      -8.682739213222e-16       1.026722246349e-18       1.265705773885e-17       1.265727278788e-17      -1.113959488924e-67       4.086367611222e-13       1.825508587542e-14       1.352192202944e-13       2.698555293759e-16       6.040666707768e-15 
  163       6.445110104335e-10       1.342213106844e-13      -6.014735689019e-12       0.000000000000e+00       1.662034127316e-21       1.566507738106e-21       9.551321293096e-23      -8.653252072806e-16      -8.663184081199e-16       9.932008393189e-19       1.243170906463e-17       1.243196167305e-17      -6.981430169435e-68       4.078411349060e-13       1.821954275673e-14       1.339539801810e-13       2.673305034229e-16       5.984144463269e-15 
  164       6.484950452498e-10       1.329174922186e-13      -5.974660641782e-12       0.000000000000e+00       1.634616561468e-21       1.542971868115e-21       9.163302850350e-23      -8.632903906850e-16      -8.642558864722e-16       9.654957872434e-19       1.220406804593e-17       1.220435573826e-17       7.256069227822e-69       4.070260702021e-13       1.818313125982e-14       1.326527585491e-13       2.647336695441e-16       5.926014811477e-15 
  165       6.524358067967e-10       1.315801975164e-13      -5.930947197708e-12       0.000000000000e+00       1.607693952232e-21       1.519754587690e-21       8.792388273584e-23      -8.611556116077e-16      -8.620881468159e-16       9.325352081900e-19       1.197412360749e-17       1.197453843022e-17      -6.283795257323e-69       4.061985159076e-13       1.814616181372e-14       1.313181273559e-13       2.620701605668e-16       5.866392649788e-15 
  166       6.563322376823e-10       1.302121001447e-13      -5.883570410004e-12       0.000000000000e+00       1.581238603244e-21       1.496851607580e-21       8.437017277186e-23      -8.589188413279e-16      -8.598168531604e-16       8.980118325051e-19       1.174216532674e-17       1.174259543627e-17       2.803886308156e-69       4.053654086626e-13       1.810894429991e-14       1.299527548433e-13       2.593453014722e-16       5.805397176935e-15 
  167       6.601831699439e-10       1.288158880756e-13      -5.832516530457e-12       0.000000000000e+00       1.555246669187e-21       1.474258157930e-21       8.096629437410e-23      -8.565829756797e-16      -8.574431131008e-16       8.601374211184e-19       1.150818916624e-17       1.150861135250e-17      -7.078342897463e-70       4.045332120352e-13       1.807176746625e-14       1.285593236297e-13       2.565644459328e-16       5.743148233900e-15 
  168       6.639868696316e-10       1.273943054410e-13      -5.777772792635e-12       0.000000000000e+00       1.529712016556e-21       1.451969731653e-21       7.771335566187e-23      -8.541581003827e-16      -8.549685245333e-16       8.104241506282e-19       1.127233736777e-17       1.127266559550e-17       1.450519019764e-70       4.037086149998e-13       1.803493013019e-14       1.271405723815e-13       2.537330594753e-16       5.679768165498e-15 
  169       6.677432668271e-10       1.259502925176e-13      -5.719322167756e-12       0.000000000000e+00       1.504609971744e-21       1.429982347190e-21       7.460934234399e-23      -8.516202027684e-16      -8.523954172515e-16       7.752144831298e-19       1.103488203448e-17       1.103483747973e-17      -4.659977094065e-71       4.028986764109e-13       1.799874763292e-14       1.256994355193e-13       2.508569982911e-16       5.615388061501e-15 
  170       6.714510785028e-10       1.244869156973e-13      -5.657164914743e-12       0.000000000000e+00       1.479940218008e-21       1.408292035918e-21       7.165131907462e-23      -8.489525205430e-16      -8.497255081767e-16       7.729876336582e-19       1.079555639715e-17       1.079521531755e-17       1.188794078158e-71       4.021114478513e-13       1.796357966389e-14       1.242389733275e-13       2.479423697565e-16       5.550144634416e-15 
  171       6.751079444750e-10       1.230072687344e-13      -5.591301052575e-12       0.000000000000e+00       1.455716573941e-21       1.386894596790e-21       6.883762254282e-23      -8.461907197835e-16      -8.469600857217e-16       7.693659381357e-19       1.055419318985e-17       1.055389027465e-17      -2.751231902021e-72       4.013534532516e-13       1.792971766755e-14       1.227622733987e-13       2.449953357463e-16       5.484175816683e-15 
  172       6.787131118607e-10       1.215145946131e-13      -5.521715557988e-12       0.000000000000e+00       1.431922809620e-21       1.365785979975e-21       6.615929482613e-23      -8.433552855377e-16      -8.441009627941e-16       7.456772563591e-19       1.031126467358e-17       1.031094290219e-17       5.031022043174e-73       4.006331233003e-13       1.789753826919e-14       1.212725722577e-13       2.420223553584e-16       5.417626194025e-15 
  173       6.822658444316e-10       1.200121690370e-13      -5.448396781451e-12       0.000000000000e+00       1.408535373904e-21       1.344962540649e-21       6.359962135072e-23      -8.404191918758e-16      -8.411497811369e-16       7.305892611539e-19       1.006688593460e-17       1.006644870543e-17      -1.574160695817e-73       3.999584171970e-13       1.786739703123e-14       1.197731390841e-13       2.390299528587e-16       5.350641810944e-15 
  174       6.857638646062e-10       1.185032522203e-13      -5.371353717884e-12       0.000000000000e+00       1.385549967720e-21       1.324420673111e-21       6.114628823485e-23      -8.373807439586e-16      -8.381078908181e-16       7.271468595354e-19       9.820672479778e-18       9.820491627501e-18       2.326412638488e-74       3.993364119293e-13       1.783961010490e-14       1.182672275987e-13       2.360246216623e-16       5.283368021350e-15 
  175       6.892064014868e-10       1.169913242328e-13      -5.290583346423e-12       0.000000000000e+00       1.362951183784e-21       1.304156510236e-21       5.879329420416e-23      -8.342754855922e-16      -8.349771304556e-16       7.016448633752e-19       9.572904965093e-18       9.573159938011e-18      -2.954314762182e-75       3.987753739517e-13       1.781454677866e-14       1.167583109397e-13       2.330132930738e-16       5.215959981231e-15 
  176       6.925933480949e-10       1.154799875365e-13      -5.206082793666e-12       0.000000000000e+00       1.340707767215e-21       1.284166305765e-21       5.653281331183e-23      -8.311056625688e-16      -8.317591198737e-16       6.534573049436e-19       9.324290046176e-18       9.324535537512e-18       8.244512132200e-76       3.982840246847e-13       1.779259666570e-14       1.152499843943e-13       2.300031421686e-16       5.148578303336e-15 
  177       6.959225043201e-10       1.139728166276e-13      -5.117864815660e-12       0.000000000000e+00       1.318811592857e-21       1.264446757594e-21       5.435877146261e-23      -8.278382194602e-16      -8.284551871652e-16       6.169677049922e-19       9.074761033360e-18       9.074696498071e-18       7.767141771227e-77       3.978697964281e-13       1.777409179018e-14       1.137458153393e-13       2.270012883216e-16       5.081382353573e-15 
  178       6.991927017944e-10       1.124735471699e-13      -5.025938175669e-12       0.000000000000e+00       1.297275116568e-21       1.244994603426e-21       5.227536217938e-23      -8.244669665547e-16      -8.250676241417e-16       6.006575870286e-19       8.823890483772e-18       8.823726327371e-18      -2.320395156177e-77       3.975416520047e-13       1.775943254951e-14       1.122495319980e-13       2.240151719079e-16       5.014538683380e-15 
  179       7.024044480913e-10       1.109860214451e-13      -4.930306072824e-12       0.000000000000e+00       1.276096887887e-21       1.225806296815e-21       5.028998619908e-23      -8.210134771209e-16      -8.215986165059e-16       5.851393849108e-19       8.571918527117e-18       8.571713811384e-18       2.405597937424e-77       3.973087648824e-13       1.774902875127e-14       1.107649689994e-13       2.210524456551e-16       4.948218597661e-15 
  180       7.055554375687e-10       1.095140817297e-13      -4.830992892093e-12       0.000000000000e+00       1.255267851897e-21       1.206878387001e-21       4.840168772495e-23      -8.174779593994e-16      -8.180490257226e-16       5.710663232696e-19       8.319220180499e-18       8.318742689419e-18      -6.563381983764e-78       3.971794177311e-13       1.774325040830e-14       1.092959609674e-13       2.181207622799e-16       4.882593401086e-15 
  181       7.086429363202e-10       1.080616827467e-13      -4.728007806067e-12       0.000000000000e+00       1.234791945815e-21       1.188207809884e-21       4.660340005857e-23      -8.138440927952e-16      -8.144203113015e-16       5.762185062274e-19       8.065507128962e-18       8.064887570303e-18       1.742062323060e-78       3.971625685045e-13       1.774249770050e-14       1.078464547483e-13       2.152279984609e-16       4.817839411663e-15 
  182       7.116679732045e-10       1.066327968091e-13      -4.621342385432e-12       0.000000000000e+00       1.214666845015e-21       1.169791524445e-21       4.488694282930e-23      -8.101230856153e-16      -8.107149441466e-16       5.918585313702e-19       7.810507967733e-18       7.810223670744e-18      -4.818198873978e-79       3.972669736244e-13       1.774716180469e-14       1.064204147432e-13       2.123820659105e-16       4.754133731629e-15 
  183       7.146303706875e-10       1.052314502813e-13      -4.511034017421e-12       0.000000000000e+00       1.194864788168e-21       1.151626196031e-21       4.323997198974e-23      -8.063447898104e-16      -8.069344047784e-16       5.896149680439e-19       7.554682819746e-18       7.554834957281e-18       1.212005619230e-79       3.975015065294e-13       1.775763912521e-14       1.050218592973e-13       2.095909839963e-16       4.691655873063e-15 
  184       7.175271885241e-10       1.038619254223e-13      -4.397117262865e-12       0.000000000000e+00       1.175358008724e-21       1.133708535223e-21       4.164833846822e-23      -8.025131306907e-16      -8.030799583595e-16       5.668276688026e-19       7.298545006315e-18       7.298809565519e-18      -2.941274356507e-80       3.978753360337e-13       1.777433926174e-14       1.036550621405e-13       2.068632817548e-16       4.630596756886e-15 
  185       7.203583659195e-10       1.025285119959e-13      -4.279595577523e-12       0.000000000000e+00       1.156145524488e-21       1.116035690329e-21       4.010745289600e-23      -7.986098114595e-16      -7.991538556925e-16       5.440442330455e-19       7.041984015087e-18       7.042230306913e-18       7.232008566398e-81       3.983984927245e-13       1.779771031209e-14       1.023243044928e-13       2.042075031700e-16       4.571147638622e-15 
  186       7.231240089755e-10       1.012353746804e-13      -4.158494314106e-12       0.000000000000e+00       1.137237990491e-21       1.098604944719e-21       3.862397175651e-23      -7.946318587909e-16      -7.951576898080e-16       5.258310170838e-19       6.784780672198e-18       6.785170089094e-18      -1.805523441504e-81       3.990799070578e-13       1.782815122772e-14       1.010337427374e-13       2.016319430911e-16       4.513494196949e-15 
  187       7.258208062562e-10       9.998688639165e-14      -4.033849045055e-12       0.000000000000e+00       1.118633465573e-21       1.081413247474e-21       3.720472643222e-23      -7.905911671461e-16      -7.910924563659e-16       5.012892198713e-19       6.527168161735e-18       6.527698194503e-18       3.269656294689e-82       3.999287259210e-13       1.786607062880e-14       9.978774108053e-14       1.991453111169e-16       4.457831394651e-15 
  188       7.284482016267e-10       9.878749882131e-14      -3.905664773671e-12       0.000000000000e+00       1.100322962826e-21       1.064457425778e-21       3.585150888318e-23      -7.864860761450e-16      -7.869601830640e-16       4.741069190307e-19       6.269483936576e-18       6.269893721114e-18      -7.252806640257e-83       4.009552187282e-13       1.791192728226e-14       9.859074234756e-14       1.967564737457e-16       4.404357706667e-15 
  189       7.310076518978e-10       9.764151904485e-14      -3.773980473876e-12       0.000000000000e+00       1.082305989330e-21       1.047734641882e-21       3.456492166415e-23      -7.823041955882e-16      -7.827628427135e-16       4.586471252664e-19       6.011717277807e-18       6.011845295625e-18       1.075000611228e-83       4.021676766898e-13       1.796609158248e-14       9.744704503541e-14       1.944740094411e-16       4.353265160339e-15 
  190       7.334962249265e-10       9.655351307024e-14      -3.638858517590e-12       0.000000000000e+00       1.064584915233e-21       1.031242320511e-21       3.334298978838e-23      -7.780481682051e-16      -7.785016019538e-16       4.534337487036e-19       5.753690113065e-18       5.753632262772e-18      -2.763525708381e-84       4.035763793674e-13       1.802902274971e-14       9.636120605785e-14       1.923070123865e-16       4.304757327300e-15 
  191       7.359117929502e-10       9.552825683503e-14      -3.500299998960e-12       0.000000000000e+00       1.047149728060e-21       1.014977806144e-21       3.217554537359e-23      -7.737331000674e-16      -7.741781983111e-16       4.450982436774e-19       5.495427463331e-18       5.495319032866e-18       4.540187831136e-85       4.051912943682e-13       1.810116606825e-14       9.533799184015e-14       1.902649948849e-16       4.259047138716e-15 
  192       7.382561937364e-10       9.457025336626e-14      -3.358326911530e-12       0.000000000000e+00       1.029980915004e-21       9.989382799835e-22       3.104827445699e-23      -7.693628593854e-16      -7.697946331293e-16       4.317737439025e-19       5.237139640233e-18       5.236974812234e-18       1.130224135224e-85       4.070221691202e-13       1.818295698626e-14       9.438189644058e-14       1.883569256798e-16       4.216335358268e-15 
  193       7.405284298253e-10       9.368395520200e-14      -3.213011649233e-12       0.000000000000e+00       1.013067204086e-21       9.831209413282e-22       2.995351250270e-23      -7.649299890722e-16      -7.653523545668e-16       4.223654946173e-19       4.978926412300e-18       4.978682987833e-18      -3.704518246415e-86       4.090782674051e-13       1.827480934593e-14       9.349736352904e-14       1.865916729548e-16       4.176820498627e-15 
  194       7.427261562212e-10       9.287419534935e-14      -3.064391628851e-12       0.000000000000e+00       9.964110710445e-22       9.675231925868e-22       2.889283969439e-23      -7.604344178649e-16      -7.608530320690e-16       4.186142040428e-19       4.720705019211e-18       4.720524587094e-18       1.227247992101e-86       4.113695329975e-13       1.837716736687e-14       9.268921648667e-14       1.849788626794e-16       4.140718035359e-15 
  195       7.448499114446e-10       9.214589926352e-14      -2.912488916491e-12       0.000000000000e+00       9.800157643548e-22       9.521425470846e-22       2.787143157444e-23      -7.558855057884e-16      -7.562982901096e-16       4.127843211769e-19       4.462512150875e-18       4.462568927288e-18      -4.025551676570e-87       4.139066947869e-13       1.849051034223e-14       9.196237095857e-14       1.835283049529e-16       4.108247565749e-15 
  196       7.468987951002e-10       9.150375112481e-14      -2.757364413955e-12       0.000000000000e+00       9.638778036583e-22       9.369763848192e-22       2.689484629308e-23      -7.512893338383e-16      -7.516892620321e-16       3.999281937882e-19       4.204659448574e-18       4.204884110795e-18       1.215274913731e-87       4.166987713236e-13       1.861524115893e-14       9.132150179549e-14       1.822493293244e-16       4.079617930043e-15 
  197       7.488704216011e-10       9.095244698367e-14      -2.599062224920e-12       0.000000000000e+00       9.479946455027e-22       9.220220558161e-22       2.596799426882e-23      -7.466455178967e-16      -7.470277967546e-16       3.822788579955e-19       3.947415992387e-18       3.947541856050e-18      -3.207610592406e-88       4.197558932096e-13       1.875181238274e-14       9.077129569469e-14       1.811512889846e-16       4.055038497708e-15 
  198       7.507663197940e-10       9.049689861748e-14      -2.437605410215e-12       0.000000000000e+00       9.323664158309e-22       9.072771846512e-22       2.509027221502e-23      -7.419518428834e-16      -7.423160880914e-16       3.642452079586e-19       3.690758058974e-18       3.690612833157e-18       7.518236166885e-89       4.230873950046e-13       1.890064101772e-14       9.031665465068e-14       1.802439667908e-16       4.034728256217e-15 
  199       7.525856007858e-10       9.014204252799e-14      -2.273073085307e-12       0.000000000000e+00       9.169859871587e-22       8.927395370378e-22       2.425193951754e-23      -7.372033355136e-16      -7.375552999738e-16       3.519644601677e-19       3.434554706639e-18       3.434168489647e-18      -2.240427435785e-89       4.267042177405e-13       1.906221583409e-14       8.996250533314e-14       1.795371948441e-16       4.018907295355e-15 
  200       7.543249320818e-10       8.989267407160e-14      -2.105526500378e-12       0.000000000000e+00       9.018391684320e-22       8.784066309502e-22       2.343964507158e-23      -7.323929888578e-16      -7.327466649376e-16       3.536760798684e-19       3.178742275664e-18       3.178281780693e-18       5.293660809162e-90       4.306161074892e-13       1.923697221945e-14       8.971363354747e-14       1.790405241243e-16       4.007789412062e-15 
  201       7.559855970728e-10       8.975370597302e-14      -1.934986893008e-12       0.000000000000e+00       8.869164161095e-22       8.642757731673e-22       2.264561771507e-23      -7.275241475180e-16      -7.278923346319e-16       3.681871139052e-19       2.923305645073e-18       2.923019599908e-18      -1.198881864814e-90       4.348322698326e-13       1.942532141601e-14       8.957494223364e-14       1.787637393756e-16       4.001593636045e-15 
  202       7.575692104088e-10       8.973020298314e-14      -1.761511691214e-12       0.000000000000e+00       8.722156431892e-22       8.503444511550e-22       2.187022464290e-23      -7.226145098911e-16      -7.229938949332e-16       3.793850420686e-19       2.668357838864e-18       2.668443734413e-18       3.066370053608e-91       4.393636359993e-13       1.962775175605e-14       8.955148605501e-14       1.787169281346e-16       4.000545774971e-15 
  203       7.590726314130e-10       8.982698534172e-14      -1.585180162774e-12       0.000000000000e+00       8.577372348609e-22       8.366104985062e-22       2.111890858706e-23      -7.176782349217e-16      -7.180523516218e-16       3.741167001555e-19       2.414164656735e-18       2.414619940543e-18      -6.864365622940e-92       4.442192688502e-13       1.984466810599e-14       8.964807565078e-14       1.789096909419e-16       4.004860735184e-15 
  204       7.604947496037e-10       9.004883352041e-14      -1.406043168969e-12       0.000000000000e+00       8.434837373742e-22       8.230718358386e-22       2.039972192471e-23      -7.127150100518e-16      -7.130695520173e-16       3.545419655396e-19       2.160944757739e-18       2.161615702488e-18       1.159995274004e-92       4.494087469305e-13       2.007649836948e-14       8.986948197128e-14       1.793515491311e-16       4.014751649997e-15 
  205       7.618376828315e-10       9.040090492411e-14      -1.224147319208e-12       0.000000000000e+00       8.294581274301e-22       8.097261218166e-22       1.972020320610e-23      -7.077218079109e-16      -7.080475402265e-16       3.257323156226e-19       1.908829734893e-18       1.909494596957e-18      -3.137311665160e-93       4.549417996522e-13       2.032367718989e-14       9.022085214933e-14       1.800527747793e-16       4.030448457981e-15 
  206       7.631002691570e-10       9.088828906540e-14      -1.039569994055e-12       0.000000000000e+00       8.156571131094e-22       7.965707975397e-22       1.908113155564e-23      -7.026968038145e-16      -7.029874019033e-16       2.905980888534e-19       1.657974511549e-18       1.658321971116e-18       7.621366355962e-94       4.608296535283e-13       2.058670609075e-14       9.070726556066e-14       1.810235047416e-16       4.052178070780e-15 
  207       7.642802558179e-10       9.151568079115e-14      -8.523813885573e-13       0.000000000000e+00       8.020716612224e-22       7.836035195123e-22       1.847334521570e-23      -6.976284513985e-16      -6.978901608100e-16       2.617094114862e-19       1.408370095400e-18       1.408165874851e-18      -1.528417499044e-94       4.670809225286e-13       2.086596988512e-14       9.133340770134e-14       1.822730898114e-16       4.080149804202e-15 
  208       7.653778213802e-10       9.228805138110e-14      -6.626433140513e-13       0.000000000000e+00       7.886941575368e-22       7.708223378074e-22       1.788358176255e-23      -6.925028195369e-16      -6.927577461779e-16       2.549266409617e-19       1.159688077931e-18       1.159087046030e-18       2.693989316470e-95       4.737046404196e-13       2.116187213968e-14       9.210423994974e-14       1.838114313578e-16       4.114585298579e-15 
  209       7.663939143406e-10       9.321062988055e-14      -4.704133497022e-13       0.000000000000e+00       7.755188049225e-22       7.582253013014e-22       1.730359329075e-23      -6.873246552730e-16      -6.875921545498e-16       2.674992768012e-19       9.116923351680e-19       9.111404266408e-19      -3.844224199145e-96       4.807122603997e-13       2.147492450474e-14       9.302498093640e-14       1.856489441451e-16       4.155717686509e-15 
  210       7.673270340732e-10       9.428815690091e-14      -2.757570617256e-13       0.000000000000e+00       7.625385755004e-22       7.458101061389e-22       1.673317892464e-23      -6.821137790219e-16      -6.823944098029e-16       2.806307809699e-19       6.646269539744e-19       6.643851845148e-19       3.861356254941e-97       4.881118401643e-13       2.180548694282e-14       9.410036183079e-14       1.877950701167e-16       4.203758324169e-15 
  211       7.681758614362e-10       9.552533692451e-14      -7.876117951291e-14       0.000000000000e+00       7.497500172661e-22       7.335743374764e-22       1.617741637330e-23      -6.768833558737e-16      -6.771652785555e-16       2.819226817323e-19       4.188973345694e-19       4.188803929310e-19       5.053715159608e-98       4.959123553851e-13       2.215396042533e-14       9.533507774525e-14       1.902591792574e-16       4.258916956957e-15 
  212       7.689408876679e-10       9.692736044253e-14       1.205121939932e-13       0.000000000000e+00       7.371586352603e-22       7.215158659317e-22       1.564396331722e-23      -6.716341576849e-16      -6.719066367882e-16       2.724791032466e-19       1.746307823439e-19       1.746791663185e-19      -9.113012309034e-98       5.041236654832e-13       2.252078540353e-14       9.673430883298e-14       1.930516095427e-16       4.321424998563e-15 
  213       7.696235955311e-10       9.849914317296e-14       3.220063924868e-13       0.000000000000e+00       7.247727458785e-22       7.096327621124e-22       1.514077144702e-23      -6.663626995609e-16      -6.666208202977e-16       2.581207368315e-19      -6.819802921685e-20      -6.816137629075e-20       4.217021578819e-98       5.127560866826e-13       2.290642273551e-14       9.830296102128e-14       1.961821516783e-16       4.391501612149e-15 
  214       7.702234675717e-10       1.002451192635e-13       5.256259132490e-13       0.000000000000e+00       7.125930871072e-22       6.979229478646e-22       1.467131795131e-23      -6.610638267281e-16      -6.613088886829e-16       2.450619547724e-19      -3.095209473039e-19      -3.095773014910e-19      -1.487861042352e-98       5.218169752646e-13       2.331120104943e-14       1.000454596262e-13       1.996596372196e-16       4.469344490464e-15 
  215       7.707385926870e-10       1.021702123768e-13       7.312666133774e-13       0.000000000000e+00       7.006113527786e-22       6.863841834791e-22       1.423017143950e-23      -6.557315170121e-16      -6.559712933901e-16       2.397763779594e-19      -5.493020899942e-19      -5.495129131171e-19       3.125697032525e-99       5.313155581582e-13       2.373553254114e-14       1.019667185041e-13       2.034938726960e-16       4.555173150880e-15 
  216       7.711679983266e-10       1.042796520336e-13       9.388798370332e-13       0.000000000000e+00       6.888155673878e-22       6.750143589842e-22       1.380496993848e-23      -6.503650275025e-16      -6.506098016874e-16       2.447741848917e-19      -7.876471332534e-19      -7.879234244046e-19      -1.057121169176e-99       5.412626256761e-13       2.417989924777e-14       1.040719567598e-13       2.076952738187e-16       4.649220747186e-15 
  217       7.715144746456e-10       1.065779904907e-13       1.148421182895e-12       0.000000000000e+00       6.771944928165e-22       6.638115965741e-22       1.338433574616e-23      -6.449709883604e-16      -6.452266955022e-16       2.557071418740e-19      -1.024602796267e-18      -1.024759775159e-18      3.086075308304e-100       5.516656411924e-13       2.464463458165e-14       1.063657175833e-13       2.122729073825e-16       4.751690237929e-15 
  218       7.717776256034e-10       1.090695215079e-13       1.359769809831e-12       0.000000000000e+00       6.657411344048e-22       6.527740396013e-22       1.296435268083e-23      -6.395578156051e-16      -6.398229377493e-16       2.651221442102e-19      -1.260041855247e-18      -1.259966376216e-18     -7.943688398241e-101       5.625322814505e-13       2.513008148697e-14       1.088522861826e-13       2.172353253305e-16       4.862773056790e-15 
  219       7.719541285884e-10       1.117590793799e-13       1.572820948651e-12       0.000000000000e+00       6.544553254723e-22       6.418996544229e-22       1.254870332187e-23      -6.341318416915e-16      -6.343990644392e-16       2.672227477160e-19      -1.493812607300e-18      -1.493492895845e-18      2.012907511701e-101       5.738709222646e-13       2.563661413764e-14       1.115364872237e-13       2.225921561961e-16       4.982684736733e-15 
  220       7.720445031122e-10       1.146516081731e-13       1.787524905266e-12       0.000000000000e+00       6.433414018774e-22       6.311862986134e-22       1.214477704403e-23      -6.286977930129e-16      -6.289568699351e-16       2.590769221882e-19      -1.725807421248e-18      -1.725294315112e-18     -5.608007880331e-102       5.856918008160e-13       2.616468986065e-14       1.144232549259e-13       2.283532471472e-16       5.111645704809e-15 
  221       7.720520785176e-10       1.177515030201e-13       2.003823006396e-12       0.000000000000e+00       6.324035118259e-22       6.206319642195e-22       1.176017855989e-23      -6.232562547790e-16      -6.234984688759e-16       2.422140969526e-19      -1.955894525403e-18      -1.955322245825e-18      1.284785703586e-102       5.980027181001e-13       2.671465715094e-14       1.175169756680e-13       2.345273520326e-16       5.249851914321e-15 
  222       7.719761058905e-10       1.210629566494e-13       2.221599868506e-12       0.000000000000e+00       6.216444821318e-22       6.102348762049e-22       1.140050751605e-23      -6.178012514147e-16      -6.180247540196e-16       2.235026048381e-19      -2.183983724905e-18      -2.183527086434e-18     -3.673549437837e-103       6.108104845894e-13       2.728682025367e-14       1.208218338278e-13       2.411228215692e-16       5.397490294548e-15 
  223       7.718141657731e-10       1.245904901699e-13       2.440734763267e-12       0.000000000000e+00       6.110652058203e-22       5.999932780061e-22       1.106699154297e-23      -6.123276389669e-16      -6.125362923316e-16       2.086533647084e-19      -2.410120396079e-18      -2.409864815085e-18      8.488100096059e-104       6.241231052657e-13       2.788153677650e-14       1.243423415094e-13       2.481486605144e-16       5.554762415331e-15 
  224       7.715662283831e-10       1.283387671420e-13       2.661170484345e-12       0.000000000000e+00       6.006605548115e-22       5.899051998180e-22       1.075460357729e-23      -6.068388199903e-16      -6.070347278079e-16       1.959078176160e-19      -2.634358838723e-18      -2.634293854818e-18     -2.189497084434e-104       6.379490171863e-13       2.849918362922e-14       1.280831529846e-13       2.556141573479e-16       5.721876197597e-15 
  225       7.712352077692e-10       1.323120654765e-13       2.882852876287e-12       0.000000000000e+00       5.904184516104e-22       5.799685844251e-22       1.045341659825e-23      -6.013407212334e-16      -6.015220751703e-16       1.813539368708e-19      -2.856631710304e-18      -2.856769520121e-18      5.669696337150e-105       6.522954429835e-13       2.914008346950e-14       1.320485376441e-13       2.635278324463e-16       5.899022368413e-15 
  226       7.708214209726e-10       1.365143298995e-13       3.105666461638e-12       0.000000000000e+00       5.803270630764e-22       5.701815748155e-22       1.015381219136e-23      -5.958318817276e-16      -5.959992491209e-16       1.673673933447e-19      -3.076863599126e-18      -3.077247281804e-18     -1.519324302875e-105       6.671697461973e-13       2.980456524975e-14       1.362424323569e-13       2.718975425763e-16       6.086376800071e-15 
  227       7.703224623484e-10       1.409496958701e-13       3.329482339907e-12       0.000000000000e+00       5.703821023001e-22       5.605424862941e-22       9.851831533255e-24      -5.903073577846e-16      -5.904667141738e-16       1.593563891448e-19      -3.295091317707e-18      -3.295687171548e-18      3.806056664026e-106       6.825773287721e-13       3.049287029177e-14       1.406689643457e-13       2.807315243915e-16       6.284123868556e-15 
  228       7.697372353532e-10       1.456224833258e-13       3.554222956556e-12       0.000000000000e+00       5.605862180183e-22       5.510495233469e-22       9.550138290543e-24      -5.847670306338e-16      -5.849260130812e-16       1.589824473666e-19      -3.511377279493e-18      -3.512050446293e-18     -8.895799895309e-107       6.985274874713e-13       3.120541391114e-14       1.453324449438e-13       2.900383819727e-16       6.492456174642e-15 
  229       7.690689455221e-10       1.505365774976e-13       3.779845234674e-12       0.000000000000e+00       5.509436431763e-22       5.417007137597e-22       9.254321914702e-24      -5.792136868306e-16      -5.793791381727e-16       1.654513421215e-19      -3.725712223859e-18      -3.726297108902e-18      2.122163168613e-107       7.150263563987e-13       3.194247013753e-14       1.502367516440e-13       2.998258535906e-16       6.711546938102e-15 
  230       7.683188521676e-10       1.556957073581e-13       4.006239486763e-12       0.000000000000e+00       5.414563141948e-22       5.324941456378e-22       8.968659532078e-24      -5.736491308088e-16      -5.738268853161e-16       1.777545072933e-19      -3.938041498177e-18      -3.938391589244e-18     -4.775091284607e-108       7.320789161241e-13       3.270426146861e-14       1.553856059918e-13       3.101013662925e-16       6.941562412039e-15 
  231       7.674843245929e-10       1.611040241471e-13       4.233267973594e-12       0.000000000000e+00       5.321230087839e-22       5.234281417907e-22       8.694898771281e-24      -5.680775286674e-16      -5.682695480892e-16       1.920194217989e-19      -4.148279477571e-18      -4.148304550366e-18      1.600474293443e-108       7.496926515186e-13       3.349112227705e-14       1.607831509590e-13       3.208731881628e-16       7.182687676007e-15 
  232       7.665642777232e-10       1.667654255499e-13       4.460861504752e-12       0.000000000000e+00       5.229406258028e-22       5.145011545035e-22       8.433484574327e-24      -5.625063904879e-16      -5.627086913468e-16       2.023008588399e-19      -4.356289189749e-18      -4.356003154838e-18     -3.650330584287e-109       7.678743229275e-13       3.430335456868e-14       1.664332764676e-13       3.321490822765e-16       7.435096505022e-15 
  233       7.655628131816e-10       1.726829665004e-13       4.688954830343e-12       0.000000000000e+00       5.139059885954e-22       5.057115317726e-22       8.184492790030e-24      -5.569410045089e-16      -5.571465001153e-16       2.054956063935e-19      -4.561938547048e-18      -4.561446001784e-18      8.683928700776e-110       7.866286271573e-13       3.514116816456e-14       1.723390313672e-13       3.439351331894e-16       7.698925100753e-15 
  234       7.644812651367e-10       1.788598701993e-13       4.917426152040e-12       0.000000000000e+00       5.050163207882e-22       4.970574170756e-22       7.947396703063e-24      -5.513824332686e-16      -5.515838693984e-16       2.014361298072e-19      -4.765173032012e-18      -4.764593468566e-18     -1.438082071595e-110       8.059580817472e-13       3.600467553109e-14       1.785036324387e-13       3.562377605964e-16       7.974317166899e-15 
  235       7.633169208879e-10       1.853001989931e-13       5.146136774885e-12       0.000000000000e+00       4.962688109151e-22       4.885368980976e-22       7.721048435788e-24      -5.458308106660e-16      -5.460209435187e-16       1.901328527211e-19      -4.965982488161e-18      -4.965416656089e-18      6.978135324684e-111       8.258717897578e-13       3.689428333053e-14       1.849311339375e-13       3.690650555309e-16       8.261453819762e-15 
  236       7.620688696289e-10       1.920075675405e-13       5.375028519184e-12       0.000000000000e+00       4.876610123215e-22       4.801482412667e-22       7.504578402042e-24      -5.402858174283e-16      -5.404588067984e-16       1.729893700878e-19      -5.164335648107e-18      -5.163891865338e-18     -1.157889846789e-111       8.463760291285e-13       3.781027201812e-14       1.916251433231e-13       3.824242173606e-16       8.560496215872e-15 
  237       7.607404320889e-10       1.989846361497e-13       5.604039650261e-12       0.000000000000e+00       4.791916346765e-22       4.718899052391e-22       7.297956210980e-24      -5.347447149987e-16      -5.348991759899e-16       1.544609912568e-19      -5.360204780313e-18      -5.359993031987e-18      4.006755629874e-112       8.674726109109e-13       3.875272249922e-14       1.985883156050e-13       3.963205446591e-16       8.871562962833e-15 
  238       7.593323981554e-10       2.062343574982e-13       5.833037233193e-12       0.000000000000e+00       4.708600642374e-22       4.637603110513e-22       7.101118636339e-24      -5.292037296159e-16      -5.293431038841e-16       1.393742682271e-19      -5.553625550760e-18      -5.553692009914e-18     -7.083417085730e-113       8.891655826323e-13       3.972181558957e-14       2.058235975798e-13       4.107599183166e-16       9.194785703296e-15 
  239       7.578433472576e-10       2.137601520908e-13       6.061900219525e-12       0.000000000000e+00       4.626647702213e-22       4.557577225223e-22       6.912617603233e-24      -5.236614136738e-16      -5.237912772517e-16       1.298635779256e-19      -5.744673713436e-18      -5.744960206993e-18      2.987426684632e-113       9.114610031648e-13       4.071782195800e-14       2.133344029398e-13       4.257491510014e-16       9.530316937596e-15 
  240       7.562733848097e-10       2.215647742716e-13       6.290565168799e-12       0.000000000000e+00       4.546022409121e-22       4.478804152210e-22       6.729562578308e-24      -5.181193651452e-16      -5.182448657250e-16       1.255005797462e-19      -5.933376711657e-18      -5.933769935959e-18     -7.950008155840e-114       9.343622202903e-13       4.174089116041e-14       2.211234805430e-13       4.412937285799e-16       9.878279465849e-15 
  241       7.546246527411e-10       2.296505887913e-13       6.518947126572e-12       0.000000000000e+00       4.466677888340e-22       4.401268304513e-22       6.549108665285e-24      -5.125802875622e-16      -5.127050703647e-16       1.247828024141e-19      -6.119682807986e-18      -6.120098312111e-18      1.473468509699e-114       9.578722929899e-13       4.279115985109e-14       2.291931904304e-13       4.573983609599e-16       1.023877871848e-14 
  242       7.528980468962e-10       2.380205258162e-13       6.746907972434e-12       0.000000000000e+00       4.388579938208e-22       4.324954574110e-22       6.370067845835e-24      -5.070457419787e-16      -5.071725880534e-16       1.268460747648e-19      -6.303531882513e-18      -6.303925602881e-18     -5.951824864175e-115       9.819941882173e-13       4.386876057317e-14       2.375464569320e-13       4.740688841955e-16       1.061194533450e-14 
  243       7.510925902608e-10       2.466773603748e-13       6.974331174032e-12       0.000000000000e+00       4.311723361572e-22       4.249846694607e-22       6.193396864649e-24      -5.015165227399e-16      -5.016482752895e-16       1.317525495896e-19      -6.484916829998e-18      -6.485226362943e-18      1.476290312421e-115       1.006734036009e-12       4.497396717462e-14       2.461860495494e-13       4.913108253507e-16       1.099790303621e-14 
  244       7.492094491262e-10       2.556227617402e-13       7.201160769731e-12       0.000000000000e+00       4.236118995012e-22       4.175927925395e-22       6.021558819265e-24      -4.959952119241e-16      -4.961336358594e-16       1.384239353505e-19      -6.663832623268e-18      -6.663970258955e-18     -4.698717551781e-116       1.032091682723e-12       4.610677279172e-14       2.551136342311e-13       5.091275091408e-16       1.139672624677e-14 
  245       7.472516850703e-10       2.648585602362e-13       7.427311620741e-12       0.000000000000e+00       4.161768514266e-22       4.103182657376e-22       5.857295779689e-24      -4.904861006902e-16      -4.906298378524e-16       1.437371622168e-19      -6.840201415869e-18      -6.840135674707e-18      1.411013187863e-116       1.058067583177e-12       4.726719774270e-14       2.643310376551e-13       5.275225810473e-16       1.180849656962e-14 
  246       7.452185981496e-10       2.743876498799e-13       7.652637684279e-12       0.000000000000e+00       4.088657018586e-22       4.031596391382e-22       5.702123259839e-24      -4.849912151266e-16      -4.851370555548e-16       1.458404281833e-19      -7.013918088674e-18      -7.013712886795e-18     -2.356812298340e-117       1.084666952406e-12       4.845547499940e-14       2.738411480748e-13       5.465018051260e-16       1.223334303208e-14 
  247       7.431076874004e-10       2.842124403624e-13       7.877014922384e-12       0.000000000000e+00       4.016756768913e-22       3.961154558760e-22       5.555003154378e-24      -4.795093647804e-16      -4.796555532873e-16       1.461885069178e-19      -7.184952633975e-18      -7.184689913539e-18      7.223052108477e-118       1.111893185504e-12       4.967175623146e-14       2.836463703816e-13       5.660699807929e-16       1.267137306822e-14 
  248       7.409199588204e-10       2.943339001523e-13       8.100380317003e-12       0.000000000000e+00       3.946021867754e-22       3.891841932309e-22       5.412175473372e-24      -4.740413445390e-16      -4.741868302628e-16       1.454857237384e-19      -7.353336935591e-18      -7.353045103244e-18     -2.131912419791e-118       1.139744885247e-12       5.091597902040e-14       2.937476711154e-13       5.862290369608e-16       1.312262985638e-14 
  249       7.386601082891e-10       3.047531384673e-13       8.322673070168e-12       0.000000000000e+00       3.876389063370e-22       3.823642802664e-22       5.268819153347e-24      -4.685915156035e-16      -4.687328122638e-16       1.412966602885e-19      -7.519064057521e-18      -7.518757272149e-18      6.241977646570e-119       1.168222471097e-12       5.218816210489e-14       3.041461572844e-13       6.069811828743e-16       1.358716285010e-14 
  250       7.363301755540e-10       3.154723349243e-13       8.543784000754e-12       0.000000000000e+00       3.807805747152e-22       3.756541438025e-22       5.121802938147e-24      -4.631619763142e-16      -4.632943236829e-16       1.323473686921e-19      -7.682073778143e-18      -7.681813749992e-18     -2.504416732371e-119       1.197327973275e-12       5.348839618136e-14       3.148440041646e-13       6.283307597078e-16       1.406506922579e-14 
